LLM Provider,brand,total,rank_1,rank_2,rank_3,rank_4,rank_5,rank_6,rank_7,rank_8,rank_9,rank_10,rank_11,rank_12,rank_13,rank_14,rank_15
claude,Intergate Immigration,129,76,19,11,8,4,4,3,3,1,0.0,0.0,0.0,0.0,0.0,0.0
claude,IBN Immigration Solutions,108,2,33,41,12,5,6,3,2,2,2.0,0.0,0.0,0.0,0.0,0.0
claude,Immigration South Africa,104,3,29,9,24,16,11,7,4,0,1.0,0.0,0.0,0.0,0.0,0.0
claude,XpatWeb,89,7,3,21,16,14,9,4,9,4,2.0,0.0,0.0,0.0,0.0,0.0
claude,Tax Consulting South Africa,70,46,13,1,3,4,2,1,0,0,0.0,0.0,0.0,0.0,0.0,0.0
claude,Mazars South Africa,59,2,14,3,7,4,8,6,3,7,5.0,0.0,0.0,0.0,0.0,0.0
claude,Le Roux Attorneys,57,0,1,4,5,9,11,9,8,6,4.0,0.0,0.0,0.0,0.0,0.0
claude,Eisenberg & Associates,56,3,1,1,4,4,11,11,9,7,5.0,0.0,0.0,0.0,0.0,0.0
claude,Immigration Solutions,56,0,3,2,2,3,5,7,9,7,18.0,0.0,0.0,0.0,0.0,0.0
claude,PWC South Africa,46,9,0,7,8,5,4,5,2,3,3.0,0.0,0.0,0.0,0.0,0.0
claude,Global Migration,44,0,0,0,0,1,7,12,6,6,12.0,0.0,0.0,0.0,0.0,0.0
claude,KPMG South Africa,40,0,9,0,6,6,4,3,3,5,3.0,1.0,0.0,0.0,0.0,0.0
claude,Tax Shop,36,0,1,11,7,3,2,4,5,2,1.0,0.0,0.0,0.0,0.0,0.0
claude,Black Pen Immigration,33,0,0,0,5,3,3,7,4,9,2.0,0.0,0.0,0.0,0.0,0.0
claude,Deloitte South Africa,33,0,0,7,2,4,7,1,4,3,4.0,0.0,1.0,0.0,0.0,0.0
claude,Move Up,30,7,0,2,2,1,0,4,6,4,4.0,0.0,0.0,0.0,0.0,0.0
claude,BDO South Africa,28,0,0,0,0,3,4,4,8,2,6.0,0.0,1.0,0.0,0.0,0.0
claude,Grant Thornton South Africa,28,0,0,0,0,5,1,3,4,8,7.0,0.0,0.0,0.0,0.0,0.0
claude,Visa Solutions South Africa,27,0,6,10,3,6,1,0,0,0,1.0,0.0,0.0,0.0,0.0,0.0
claude,PKF South Africa,26,0,0,0,6,5,4,1,5,3,2.0,0.0,0.0,0.0,0.0,0.0
claude,Expatriate Law,25,0,0,0,2,3,6,4,0,4,6.0,0.0,0.0,0.0,0.0,0.0
claude,Visa Solutions,24,0,4,3,3,3,3,3,2,1,2.0,0.0,0.0,0.0,0.0,0.0
claude,SA Migration International,23,0,1,0,1,1,4,5,3,3,5.0,0.0,0.0,0.0,0.0,0.0
claude,TaxTim,19,0,1,2,4,3,2,4,0,3,0.0,0.0,0.0,0.0,0.0,0.0
claude,Pathways Immigration,18,1,0,1,4,7,1,2,1,1,0.0,0.0,0.0,0.0,0.0,0.0
claude,Hobbs Sinclair,17,0,0,1,2,3,2,3,2,1,3.0,0.0,0.0,0.0,0.0,0.0
claude,VFS Global,17,2,0,0,0,2,0,1,1,8,3.0,0.0,0.0,0.0,0.0,0.0
claude,Pathways,16,0,0,0,0,2,2,2,2,2,6.0,0.0,0.0,0.0,0.0,0.0
claude,Visa One International,16,0,1,4,5,4,0,1,0,1,0.0,0.0,0.0,0.0,0.0,0.0
claude,Pathway Visas,15,0,0,0,0,4,1,1,1,4,4.0,0.0,0.0,0.0,0.0,0.0
claude,Sable International,13,1,0,4,1,1,2,3,1,0,0.0,0.0,0.0,0.0,0.0,0.0
claude,Visa Direct,13,0,5,1,3,1,1,0,0,1,1.0,0.0,0.0,0.0,0.0,0.0
claude,Visa Hub,12,0,1,3,2,2,2,1,0,0,1.0,0.0,0.0,0.0,0.0,0.0
claude,Financial Emigration,11,0,0,2,1,0,0,1,4,2,1.0,0.0,0.0,0.0,0.0,0.0
claude,ProTax,11,0,0,2,5,2,0,2,0,0,0.0,0.0,0.0,0.0,0.0,0.0
claude,Tax Leaders,11,0,0,0,0,2,3,3,0,1,1.0,1.0,0.0,0.0,0.0,0.0
claude,EY South Africa,10,0,0,1,1,0,2,0,0,2,3.0,0.0,0.0,1.0,0.0,0.0
claude,RSM South Africa,10,0,0,2,0,0,0,2,2,2,2.0,0.0,0.0,0.0,0.0,0.0
claude,Remata Tax and Accounting Services,10,0,4,1,0,0,1,1,2,0,1.0,0.0,0.0,0.0,0.0,0.0
claude,SA Migration,10,0,0,0,0,1,2,2,4,1,0.0,0.0,0.0,0.0,0.0,0.0
claude,Tax Partners,10,0,0,0,0,2,0,3,3,0,2.0,0.0,0.0,0.0,0.0,0.0
claude,AJM Tax,8,1,0,5,0,0,0,0,1,0,1.0,0.0,0.0,0.0,0.0,0.0
claude,Global Migration SA,7,0,0,0,1,0,1,1,2,2,0.0,0.0,0.0,0.0,0.0,0.0
claude,Integritax,7,0,0,1,0,0,0,1,0,2,3.0,0.0,0.0,0.0,0.0,0.0
claude,MDR Tax Solutions,7,0,1,0,4,1,1,0,0,0,0.0,0.0,0.0,0.0,0.0,0.0
claude,SA Visa,7,1,0,0,1,1,2,1,0,0,1.0,0.0,0.0,0.0,0.0,0.0
claude,South African Visa,7,0,0,0,0,0,1,1,2,1,2.0,0.0,0.0,0.0,0.0,0.0
claude,Immigration SA,6,0,0,0,0,0,0,2,4,0,0.0,0.0,0.0,0.0,0.0,0.0
claude,MDH Accounting,6,0,0,2,1,3,0,0,0,0,0.0,0.0,0.0,0.0,0.0,0.0
claude,Tax Risk Management Services,6,0,1,4,0,0,1,0,0,0,0.0,0.0,0.0,0.0,0.0,0.0
claude,Visalogix,6,4,1,1,0,0,0,0,0,0,0.0,0.0,0.0,0.0,0.0,0.0
claude,AltCoinTrader Tax,5,4,0,0,0,0,0,0,1,0,0.0,0.0,0.0,0.0,0.0,0.0
claude,Crypto Tax,5,0,3,1,1,0,0,0,0,0,0.0,0.0,0.0,0.0,0.0,0.0
claude,Immigration.sa,5,0,0,0,0,1,0,0,1,2,1.0,0.0,0.0,0.0,0.0,0.0
claude,Migrate to South Africa,5,0,0,0,0,1,0,0,1,2,1.0,0.0,0.0,0.0,0.0,0.0
claude,Passport South Africa,5,0,0,0,0,1,2,2,0,0,0.0,0.0,0.0,0.0,0.0,0.0
claude,Schindlers Attorneys,5,0,0,0,0,1,0,3,0,1,0.0,0.0,0.0,0.0,0.0,0.0
claude,Tax Consulting SA,5,1,1,1,0,0,1,1,0,0,0.0,0.0,0.0,0.0,0.0,0.0
claude,Work Permit South Africa,5,0,0,0,0,0,0,0,2,3,0.0,0.0,0.0,0.0,0.0,0.0
claude,AltCoinTrader,4,3,0,1,0,0,0,0,0,0,0.0,0.0,0.0,0.0,0.0,0.0
claude,Exceed Tax and Advisory Services,4,1,0,0,1,0,0,0,0,0,1.0,0.0,0.0,1.0,0.0,0.0
claude,Expatriate Solutions,4,0,0,0,0,0,1,2,0,0,1.0,0.0,0.0,0.0,0.0,0.0
claude,Permits SA,4,0,0,0,0,0,1,0,1,1,1.0,0.0,0.0,0.0,0.0,0.0
claude,Pro Tax,4,0,0,0,1,1,2,0,0,0,0.0,0.0,0.0,0.0,0.0,0.0
claude,Rand Rescue,4,0,0,1,0,1,0,0,0,1,1.0,0.0,0.0,0.0,0.0,0.0
claude,Tax Debt Solutions,4,2,0,0,0,0,0,0,0,1,1.0,0.0,0.0,0.0,0.0,0.0
claude,AF Immigration,3,0,0,0,0,0,1,0,1,1,0.0,0.0,0.0,0.0,0.0,0.0
claude,CryptoTaxAfrica,3,0,0,0,1,0,0,1,1,0,0.0,0.0,0.0,0.0,0.0,0.0
claude,Exchange4Free,3,0,0,0,0,0,0,2,0,0,0.0,0.0,0.0,1.0,0.0,0.0
claude,Immigration Nation,3,0,0,0,1,0,0,0,0,1,1.0,0.0,0.0,0.0,0.0,0.0
claude,Mazars,3,2,0,0,0,1,0,0,0,0,0.0,0.0,0.0,0.0,0.0,0.0
claude,Migrate Me,3,0,0,0,0,0,2,0,1,0,0.0,0.0,0.0,0.0,0.0,0.0
claude,Octagon Financial Solutions,3,0,0,0,0,0,1,0,0,1,1.0,0.0,0.0,0.0,0.0,0.0
claude,Status Immigration,3,0,0,0,0,0,0,0,1,1,1.0,0.0,0.0,0.0,0.0,0.0
claude,Tax Rescue,3,0,2,0,0,0,0,0,0,0,1.0,0.0,0.0,0.0,0.0,0.0
claude,TaxLab,3,0,0,0,0,1,1,0,1,0,0.0,0.0,0.0,0.0,0.0,0.0
claude,TaxLawHome,3,0,0,0,0,0,2,0,1,0,0.0,0.0,0.0,0.0,0.0,0.0
claude,TaxShop,3,0,0,1,0,0,1,1,0,0,0.0,0.0,0.0,0.0,0.0,0.0
claude,AG Immigration,2,0,0,0,0,0,1,1,0,0,0.0,0.0,0.0,0.0,0.0,0.0
claude,Alexander Forbes,2,0,1,0,0,0,0,0,0,1,0.0,0.0,0.0,0.0,0.0,0.0
claude,Allan Gray,2,0,0,0,0,1,0,0,0,1,0.0,0.0,0.0,0.0,0.0,0.0
claude,Auditproof,2,0,0,0,0,0,0,1,0,0,1.0,0.0,0.0,0.0,0.0,0.0
claude,Baker Tilly South Africa,2,0,0,0,0,0,0,1,1,0,0.0,0.0,0.0,0.0,0.0,0.0
claude,Bidvest Bank,2,0,0,0,0,0,1,0,0,0,0.0,1.0,0.0,0.0,0.0,0.0
claude,Capital Migrations,2,0,0,0,0,1,0,0,0,0,1.0,0.0,0.0,0.0,0.0,0.0
claude,Discovery,2,0,0,0,1,1,0,0,0,0,0.0,0.0,0.0,0.0,0.0,0.0
claude,ENSafrica,2,0,0,0,0,0,0,1,0,0,1.0,0.0,0.0,0.0,0.0,0.0
claude,Expatriate Tax Solutions,2,0,1,0,0,0,1,0,0,0,0.0,0.0,0.0,0.0,0.0,0.0
claude,FX Capital,2,0,0,0,0,0,0,0,0,0,1.0,0.0,0.0,0.0,0.0,1.0
claude,Galbraith | Rushby,2,0,0,0,0,0,0,0,0,0,2.0,0.0,0.0,0.0,0.0,0.0
claude,IMCOSA Immigration,2,0,0,0,0,1,0,0,1,0,0.0,0.0,0.0,0.0,0.0,0.0
claude,Immigration Direct,2,0,0,0,0,0,0,0,0,1,1.0,0.0,0.0,0.0,0.0,0.0
claude,Immigration Direct SA,2,0,0,0,1,0,0,0,0,0,1.0,0.0,0.0,0.0,0.0,0.0
claude,Immigration Law South Africa,2,1,0,0,0,0,0,0,1,0,0.0,0.0,0.0,0.0,0.0,0.0
claude,Incompass Financial Solutions,2,0,0,0,0,0,0,0,1,1,0.0,0.0,0.0,0.0,0.0,0.0
claude,Incompass Forex,2,0,0,0,0,0,0,0,0,0,1.0,0.0,1.0,0.0,0.0,0.0
claude,Incompass Tax,2,0,0,0,0,0,0,0,0,1,1.0,0.0,0.0,0.0,0.0,0.0
claude,KPMG South Africa Immigration Services (,2,0,0,0,0,0,0,1,0,0,1.0,0.0,0.0,0.0,0.0,0.0
claude,Momentum,2,0,0,0,0,0,2,0,0,0,0.0,0.0,0.0,0.0,0.0,0.0
claude,Old Mutual,2,1,1,0,0,0,0,0,0,0,0.0,0.0,0.0,0.0,0.0,0.0
claude,PSG Wealth,2,0,0,0,0,0,0,2,0,0,0.0,0.0,0.0,0.0,0.0,0.0
claude,Passport People,2,0,0,0,0,0,0,1,0,1,0.0,0.0,0.0,0.0,0.0,0.0
claude,Probity Advisory,2,0,0,0,0,0,0,0,0,0,2.0,0.0,0.0,0.0,0.0,0.0
claude,Remata Gateway,2,0,0,1,0,0,1,0,0,0,0.0,0.0,0.0,0.0,0.0,0.0
claude,Remedio Tax,2,0,0,0,0,0,0,1,0,0,1.0,0.0,0.0,0.0,0.0,0.0
claude,Resolve Immigration,2,0,0,0,0,0,2,0,0,0,0.0,0.0,0.0,0.0,0.0,0.0
claude,SARS Consulting,2,0,0,0,0,1,1,0,0,0,0.0,0.0,0.0,0.0,0.0,0.0
claude,SARS Liaison,2,0,0,0,0,0,1,0,0,1,0.0,0.0,0.0,0.0,0.0,0.0
claude,Sanlam,2,1,0,1,0,0,0,0,0,0,0.0,0.0,0.0,0.0,0.0,0.0
claude,Status Solutions SA,2,1,0,1,0,0,0,0,0,0,0.0,0.0,0.0,0.0,0.0,0.0
claude,Tax Resolution Services,2,0,0,0,2,0,0,0,0,0,0.0,0.0,0.0,0.0,0.0,0.0
claude,TaxManSA,2,0,0,0,0,0,0,1,1,0,0.0,0.0,0.0,0.0,0.0,0.0
claude,VFS Global South Africa,2,0,0,0,0,0,0,0,1,1,0.0,0.0,0.0,0.0,0.0,0.0
claude,VKTA Immigration,2,0,0,0,0,1,0,1,0,0,0.0,0.0,0.0,0.0,0.0,0.0
claude,Visa First,2,0,1,1,0,0,0,0,0,0,0.0,0.0,0.0,0.0,0.0,0.0
claude,ABSA Bank,1,0,0,1,0,0,0,0,0,0,0.0,0.0,0.0,0.0,0.0,0.0
claude,AF Legal,1,0,0,0,0,0,0,0,0,1,0.0,0.0,0.0,0.0,0.0,0.0
claude,AFIS Immigration,1,0,0,0,0,1,0,0,0,0,0.0,0.0,0.0,0.0,0.0,0.0
claude,AFRI Consultants,1,0,0,0,0,1,0,0,0,0,0.0,0.0,0.0,0.0,0.0,0.0
claude,AltCoinTrader Tax Services,1,0,0,0,0,0,0,0,1,0,0.0,0.0,0.0,0.0,0.0,0.0
claude,AltCrypto Tax,1,0,0,0,0,0,1,0,0,0,0.0,0.0,0.0,0.0,0.0,0.0
claude,AltCryptoTax,1,0,0,0,0,0,0,0,1,0,0.0,0.0,0.0,0.0,0.0,0.0
claude,AltVest Capital,1,1,0,0,0,0,0,0,0,0,0.0,0.0,0.0,0.0,0.0,0.0
claude,Altax,1,0,0,0,0,0,0,0,1,0,0.0,0.0,0.0,0.0,0.0,0.0
claude,AssessmentWorx,1,0,0,0,0,0,1,0,0,0,0.0,0.0,0.0,0.0,0.0,0.0
claude,AuditLink,1,0,0,0,0,0,0,1,0,0,0.0,0.0,0.0,0.0,0.0,0.0
claude,Auditware,1,0,0,0,0,0,0,0,1,0,0.0,0.0,0.0,0.0,0.0,0.0
claude,BDO Business Restructuring,1,0,0,0,0,0,0,0,1,0,0.0,0.0,0.0,0.0,0.0,0.0
claude,BIOSS SA,1,0,0,1,0,0,0,0,0,0,0.0,0.0,0.0,0.0,0.0,0.0
claude,Baker Tilly,1,0,0,0,0,0,0,0,1,0,0.0,0.0,0.0,0.0,0.0,0.0
claude,Barnard Inc,1,0,0,0,0,0,0,0,0,1,0.0,0.0,0.0,0.0,0.0,0.0
claude,C-Tax,1,0,0,0,0,0,0,0,0,1,0.0,0.0,0.0,0.0,0.0,0.0
claude,CIBT visas,1,0,0,0,0,0,0,0,1,0,0.0,0.0,0.0,0.0,0.0,0.0
claude,CS Immigration Consultants,1,0,0,0,0,0,0,0,1,0,0.0,0.0,0.0,0.0,0.0,0.0
claude,Capital Migration,1,0,0,0,0,0,1,0,0,0,0.0,0.0,0.0,0.0,0.0,0.0
claude,Cashkows,1,1,0,0,0,0,0,0,0,0,0.0,0.0,0.0,0.0,0.0,0.0
claude,Company Partners,1,0,0,1,0,0,0,0,0,0,0.0,0.0,0.0,0.0,0.0,0.0
claude,Company Registration SA,1,0,0,0,1,0,0,0,0,0,0.0,0.0,0.0,0.0,0.0,0.0
claude,Comprehensive Tax Solutions,1,0,0,0,0,0,0,0,0,1,0.0,0.0,0.0,0.0,0.0,0.0
claude,Corporate Accounts Management (CAM),1,1,0,0,0,0,0,0,0,0,0.0,0.0,0.0,0.0,0.0,0.0
claude,Corporate Business Rescue,1,0,0,1,0,0,0,0,0,0,0.0,0.0,0.0,0.0,0.0,0.0
claude,Corporate Relocations Africa,1,0,1,0,0,0,0,0,0,0,0.0,0.0,0.0,0.0,0.0,0.0
claude,Corporate Services South Africa,1,0,0,0,0,1,0,0,0,0,0.0,0.0,0.0,0.0,0.0,0.0
claude,Craig Smith Immigration,1,0,0,0,0,0,0,0,0,1,0.0,0.0,0.0,0.0,0.0,0.0
claude,Crypto Academy,1,0,0,0,0,0,1,0,0,0,0.0,0.0,0.0,0.0,0.0,0.0
claude,Crypto Accounting Solutions,1,0,0,0,0,0,0,1,0,0,0.0,0.0,0.0,0.0,0.0,0.0
claude,Crypto Tax SA,1,0,0,0,0,1,0,0,0,0,0.0,0.0,0.0,0.0,0.0,0.0
claude,Crypto Tax Solutions,1,0,1,0,0,0,0,0,0,0,0.0,0.0,0.0,0.0,0.0,0.0
claude,Cryptotax,1,1,0,0,0,0,0,0,0,0,0.0,0.0,0.0,0.0,0.0,0.0
claude,Currencies Direct,1,0,0,0,0,0,0,0,1,0,0.0,0.0,0.0,0.0,0.0,0.0
claude,Currencies Direct South Africa,1,0,0,0,0,0,0,0,0,0,0.0,0.0,0.0,0.0,1.0,0.0
claude,DM Tax,1,0,0,0,1,0,0,0,0,0,0.0,0.0,0.0,0.0,0.0,0.0
claude,DOH Applications,1,0,1,0,0,0,0,0,0,0,0.0,0.0,0.0,0.0,0.0,0.0
claude,DOH Solutions,1,0,0,0,0,0,1,0,0,0,0.0,0.0,0.0,0.0,0.0,0.0
claude,De Beer Attorneys,1,0,0,0,0,0,1,0,0,0,0.0,0.0,0.0,0.0,0.0,0.0
claude,Deloitte Restructuring Services,1,0,0,0,0,1,0,0,0,0,0.0,0.0,0.0,0.0,0.0,0.0
claude,Dirco Immigration Services,1,0,0,0,0,0,0,0,0,1,0.0,0.0,0.0,0.0,0.0,0.0
claude,Doc Assist,1,1,0,0,0,0,0,0,0,0,0.0,0.0,0.0,0.0,0.0,0.0
claude,Document Assist,1,1,0,0,0,0,0,0,0,0,0.0,0.0,0.0,0.0,0.0,0.0
claude,Du Toit Tax Consulting,1,0,0,0,0,0,0,0,1,0,0.0,0.0,0.0,0.0,0.0,0.0
claude,ENSafrica Tax Department,1,0,0,0,0,0,0,0,0,1,0.0,0.0,0.0,0.0,0.0,0.0
claude,Engaged Business Turnaround,1,0,1,0,0,0,0,0,0,0,0.0,0.0,0.0,0.0,0.0,0.0
claude,Evalex,1,0,0,0,0,0,0,0,0,1,0.0,0.0,0.0,0.0,0.0,0.0
claude,Exceed CA,1,1,0,0,0,0,0,0,0,0,0.0,0.0,0.0,0.0,0.0,0.0
claude,Expat Tax,1,0,0,0,0,0,0,1,0,0,0.0,0.0,0.0,0.0,0.0,0.0
claude,Expatriate Tax Services,1,0,0,0,0,1,0,0,0,0,0.0,0.0,0.0,0.0,0.0,0.0
claude,FNB,1,0,1,0,0,0,0,0,0,0,0.0,0.0,0.0,0.0,0.0,0.0
claude,FinGlobal,1,0,1,0,0,0,0,0,0,0,0.0,0.0,0.0,0.0,0.0,0.0
claude,Fragomen,1,0,1,0,0,0,0,0,0,0,0.0,0.0,0.0,0.0,0.0,0.0
claude,Fragomen Africa,1,0,0,0,0,0,0,0,1,0,0.0,0.0,0.0,0.0,0.0,0.0
claude,Fragomen South Africa,1,0,0,0,0,1,0,0,0,0,0.0,0.0,0.0,0.0,0.0,0.0
claude,Glacier by Sanlam,1,0,0,0,0,0,0,0,0,0,1.0,0.0,0.0,0.0,0.0,0.0
claude,Global Tax Solutions,1,0,0,0,0,0,0,0,0,0,1.0,0.0,0.0,0.0,0.0,0.0
claude,Goldberg & de Villiers Inc,1,0,0,0,1,0,0,0,0,0,0.0,0.0,0.0,0.0,0.0,0.0
claude,Grant Kaplan Immigration,1,0,0,0,0,0,0,0,0,0,1.0,0.0,0.0,0.0,0.0,0.0
claude,Healthcare Licensing Solutions,1,0,0,0,1,0,0,0,0,0,0.0,0.0,0.0,0.0,0.0,0.0
claude,Ice3X,1,0,0,0,0,1,0,0,0,0,0.0,0.0,0.0,0.0,0.0,0.0
claude,Immigration Company SA,1,0,0,0,0,0,0,0,0,0,1.0,0.0,0.0,0.0,0.0,0.0
claude,Immigration Compliance Services,1,0,0,0,0,0,0,0,0,0,1.0,0.0,0.0,0.0,0.0,0.0
claude,Immigration Corp,1,0,0,1,0,0,0,0,0,0,0.0,0.0,0.0,0.0,0.0,0.0
claude,Immigration Corporation Group,1,0,0,0,0,0,0,0,0,0,1.0,0.0,0.0,0.0,0.0,0.0
claude,Immigration Partners,1,0,0,0,0,0,0,1,0,0,0.0,0.0,0.0,0.0,0.0,0.0
claude,Immigration Practice Group,1,0,0,0,0,0,0,0,0,0,1.0,0.0,0.0,0.0,0.0,0.0
claude,Immigration South Africa (ISA) Global,1,0,0,0,0,0,0,1,0,0,0.0,0.0,0.0,0.0,0.0,0.0
claude,Immigration South Africa Group,1,0,0,0,0,0,0,1,0,0,0.0,0.0,0.0,0.0,0.0,0.0
claude,Immigration South Africa Online,1,0,0,0,0,0,0,0,0,1,0.0,0.0,0.0,0.0,0.0,0.0
claude,Immigration South Africa Pro,1,0,0,0,0,0,0,0,0,0,1.0,0.0,0.0,0.0,0.0,0.0
claude,Immigration South Africa Services,1,0,0,0,0,0,0,0,0,0,1.0,0.0,0.0,0.0,0.0,0.0
claude,Immigration South Africa VFS,1,0,0,0,0,0,0,0,0,1,0.0,0.0,0.0,0.0,0.0,0.0
claude,InterGest South Africa,1,0,0,0,1,0,0,0,0,0,0.0,0.0,0.0,0.0,0.0,0.0
claude,InterNations GO!,1,1,0,0,0,0,0,0,0,0,0.0,0.0,0.0,0.0,0.0,0.0
claude,Investec,1,0,0,0,0,0,0,0,0,0,1.0,0.0,0.0,0.0,0.0,0.0
claude,Judin Combrinck Inc,1,0,0,1,0,0,0,0,0,0,0.0,0.0,0.0,0.0,0.0,0.0
claude,KPMG Restructuring,1,0,0,0,0,0,1,0,0,0,0.0,0.0,0.0,0.0,0.0,0.0
claude,KPMG South Africa Immigration (,1,0,0,0,1,0,0,0,0,0,0.0,0.0,0.0,0.0,0.0,0.0
claude,KPMG Tax and Legal,1,0,0,0,0,0,0,1,0,0,0.0,0.0,0.0,0.0,0.0,0.0
claude,LEMASA,1,0,0,0,0,0,0,0,0,0,1.0,0.0,0.0,0.0,0.0,0.0
claude,Legalese,1,0,1,0,0,0,0,0,0,0,0.0,0.0,0.0,0.0,0.0,0.0
claude,Liberty,1,0,0,0,1,0,0,0,0,0,0.0,0.0,0.0,0.0,0.0,0.0
claude,Liberty Life,1,0,0,1,0,0,0,0,0,0,0.0,0.0,0.0,0.0,0.0,0.0
claude,Licence Assist,1,1,0,0,0,0,0,0,0,0,0.0,0.0,0.0,0.0,0.0,0.0
claude,Luno,1,0,0,1,0,0,0,0,0,0,0.0,0.0,0.0,0.0,0.0,0.0
claude,MDH Accountants,1,0,0,0,1,0,0,0,0,0,0.0,0.0,0.0,0.0,0.0,0.0
claude,MDH Accounting Services,1,0,0,1,0,0,0,0,0,0,0.0,0.0,0.0,0.0,0.0,0.0
claude,MDR Corporate Services,1,0,1,0,0,0,0,0,0,0,0.0,0.0,0.0,0.0,0.0,0.0
claude,MDR Tax Consultants,1,0,0,0,0,0,0,0,1,0,0.0,0.0,0.0,0.0,0.0,0.0
claude,MGI Bass Gordon,1,0,0,0,0,0,0,0,0,1,0.0,0.0,0.0,0.0,0.0,0.0
claude,Marwick & Company,1,0,0,0,0,0,0,0,0,0,1.0,0.0,0.0,0.0,0.0,0.0
claude,Mazars Recovery and Restructuring,1,1,0,0,0,0,0,0,0,0,0.0,0.0,0.0,0.0,0.0,0.0
claude,Mazars Tax Consulting,1,0,0,0,0,0,1,0,0,0,0.0,0.0,0.0,0.0,0.0,0.0
claude,MedCore Licensing,1,0,0,1,0,0,0,0,0,0,0.0,0.0,0.0,0.0,0.0,0.0
claude,Merchantec Capital,1,0,0,0,0,0,0,0,0,0,1.0,0.0,0.0,0.0,0.0,0.0
claude,Mercury FX,1,0,0,0,0,0,0,0,0,1,0.0,0.0,0.0,0.0,0.0,0.0
claude,Meredith Harington,1,0,0,0,0,0,0,0,0,1,0.0,0.0,0.0,0.0,0.0,0.0
claude,Meredith Harington Tax Specialists,1,0,0,0,0,1,0,0,0,0,0.0,0.0,0.0,0.0,0.0,0.0
claude,Mindcor Business Solutions,1,0,0,0,0,0,0,0,0,1,0.0,0.0,0.0,0.0,0.0,0.0
claude,Mindworx Assessment Centre,1,0,0,0,1,0,0,0,0,0,0.0,0.0,0.0,0.0,0.0,0.0
claude,Moore South Africa,1,0,0,0,0,0,0,0,0,1,0.0,0.0,0.0,0.0,0.0,0.0
claude,Move Up Immigration,1,0,0,0,0,0,0,0,0,1,0.0,0.0,0.0,0.0,0.0,0.0
claude,Multinet,1,0,0,0,0,0,0,0,0,1,0.0,0.0,0.0,0.0,0.0,0.0
claude,NFB Private Wealth Management,1,0,0,0,0,0,0,0,1,0,0.0,0.0,0.0,0.0,0.0,0.0
claude,Nedbank,1,0,0,0,1,0,0,0,0,0,0.0,0.0,0.0,0.0,0.0,0.0
claude,Ninety One,1,0,0,0,0,0,0,0,0,0,1.0,0.0,0.0,0.0,0.0,0.0
claude,OCTO,1,0,0,0,0,0,0,0,0,1,0.0,0.0,0.0,0.0,0.0,0.0
claude,Octagon Financial Services,1,0,0,0,0,0,1,0,0,0,0.0,0.0,0.0,0.0,0.0,0.0
claude,Octagon Legal,1,0,0,0,0,1,0,0,0,0,0.0,0.0,0.0,0.0,0.0,0.0
claude,Octagon Professional Services,1,0,0,0,0,1,0,0,0,0,0.0,0.0,0.0,0.0,0.0,0.0
claude,Octagon Tax Solutions,1,0,0,0,0,0,0,0,0,0,1.0,0.0,0.0,0.0,0.0,0.0
claude,Omni HR Consulting,1,0,0,0,0,0,0,0,1,0,0.0,0.0,0.0,0.0,0.0,0.0
claude,OptiFin,1,0,0,0,0,1,0,0,0,0,0.0,0.0,0.0,0.0,0.0,0.0
claude,Outsourced CFO,1,0,0,0,0,1,0,0,0,0,0.0,0.0,0.0,0.0,0.0,0.0
claude,PWC Business Recovery Services,1,0,0,0,1,0,0,0,0,0,0.0,0.0,0.0,0.0,0.0,0.0
claude,PWC South Africa Tax Services,1,0,0,0,1,0,0,0,0,0,0.0,0.0,0.0,0.0,0.0,0.0
claude,Passport & Visa Zone,1,0,0,0,0,0,1,0,0,0,0.0,0.0,0.0,0.0,0.0,0.0
claude,Passport Power,1,0,0,0,0,0,0,0,0,0,1.0,0.0,0.0,0.0,0.0,0.0
claude,Paths Global Immigration,1,0,0,0,0,0,1,0,0,0,0.0,0.0,0.0,0.0,0.0,0.0
claude,Paths Immigration,1,0,0,0,0,0,0,0,1,0,0.0,0.0,0.0,0.0,0.0,0.0
claude,Pharma Solutions SA,1,0,0,0,0,1,0,0,0,0,0.0,0.0,0.0,0.0,0.0,0.0
claude,Pro Tax Accounting,1,0,0,0,1,0,0,0,0,0,0.0,0.0,0.0,0.0,0.0,0.0
claude,Psytech SA,1,0,0,0,0,1,0,0,0,0,0.0,0.0,0.0,0.0,0.0,0.0
claude,Regan van Rooy,1,0,0,0,0,0,0,0,1,0,0.0,0.0,0.0,0.0,0.0,0.0
claude,Regulated Migration,1,0,0,0,1,0,0,0,0,0,0.0,0.0,0.0,0.0,0.0,0.0
claude,Remata,1,0,0,1,0,0,0,0,0,0,0.0,0.0,0.0,0.0,0.0,0.0
claude,Remedia Tax and Business Services,1,0,0,1,0,0,0,0,0,0,0.0,0.0,0.0,0.0,0.0,0.0
claude,Remedia Tax and Business Solutions,1,0,0,0,1,0,0,0,0,0,0.0,0.0,0.0,0.0,0.0,0.0
claude,Remneris,1,0,0,0,0,0,0,0,0,0,1.0,0.0,0.0,0.0,0.0,0.0
claude,Remuneration Consultants,1,0,0,0,0,0,0,0,1,0,0.0,0.0,0.0,0.0,0.0,0.0
claude,SA Study,1,0,0,0,1,0,0,0,0,0,0.0,0.0,0.0,0.0,0.0,0.0
claude,SA Tax Solutions,1,0,0,0,0,0,0,0,0,1,0.0,0.0,0.0,0.0,0.0,0.0
claude,SAFCOIN,1,0,0,0,0,0,0,1,0,0,0.0,0.0,0.0,0.0,0.0,0.0
claude,SARS Legal,1,0,0,0,0,0,0,0,0,1,0.0,0.0,0.0,0.0,0.0,0.0
claude,SARS Tax Practitioners,1,0,0,0,0,0,1,0,0,0,0.0,0.0,0.0,0.0,0.0,0.0
claude,SHL South Africa,1,0,0,0,0,0,0,1,0,0,0.0,0.0,0.0,0.0,0.0,0.0
claude,Southern Star Immigration,1,0,0,0,0,0,0,0,0,0,1.0,0.0,0.0,0.0,0.0,0.0
claude,Sovereign Group,1,0,0,0,0,0,1,0,0,0,0.0,0.0,0.0,0.0,0.0,0.0
claude,Standard Bank,1,1,0,0,0,0,0,0,0,0,0.0,0.0,0.0,0.0,0.0,0.0
claude,Status Migration,1,0,0,0,0,0,0,0,0,1,0.0,0.0,0.0,0.0,0.0,0.0
claude,Stratasat,1,0,0,0,0,0,0,0,0,1,0.0,0.0,0.0,0.0,0.0,0.0
claude,Tax Attorney,1,0,0,1,0,0,0,0,0,0,0.0,0.0,0.0,0.0,0.0,0.0
claude,Tax Genius,1,0,0,0,0,0,0,0,1,0,0.0,0.0,0.0,0.0,0.0,0.0
claude,Tax Law Home,1,0,1,0,0,0,0,0,0,0,0.0,0.0,0.0,0.0,0.0,0.0
claude,Tax Matrix,1,0,0,0,0,0,0,0,0,1,0.0,0.0,0.0,0.0,0.0,0.0
claude,Tax Resolve,1,0,0,0,0,0,0,0,1,0,0.0,0.0,0.0,0.0,0.0,0.0
claude,Tax Shop Consulting,1,0,0,1,0,0,0,0,0,0,0.0,0.0,0.0,0.0,0.0,0.0
claude,Tax Solutions South Africa,1,0,0,0,0,0,0,0,1,0,0.0,0.0,0.0,0.0,0.0,0.0
claude,TaxAssist,1,0,1,0,0,0,0,0,0,0,0.0,0.0,0.0,0.0,0.0,0.0
claude,TaxCrypto,1,0,0,0,0,0,0,0,1,0,0.0,0.0,0.0,0.0,0.0,0.0
claude,TaxLawHouse,1,0,0,0,0,0,0,1,0,0,0.0,0.0,0.0,0.0,0.0,0.0
claude,TaxMatters,1,0,0,0,0,0,0,0,1,0,0.0,0.0,0.0,0.0,0.0,0.0
claude,TaxProAfrica,1,0,0,0,0,1,0,0,0,0,0.0,0.0,0.0,0.0,0.0,0.0
claude,TaxRisk,1,0,1,0,0,0,0,0,0,0,0.0,0.0,0.0,0.0,0.0,0.0
claude,TaxWorx,1,0,0,0,0,0,0,0,0,1,0.0,0.0,0.0,0.0,0.0,0.0
claude,Turnkey Tax Solutions,1,0,0,0,0,0,0,0,0,0,1.0,0.0,0.0,0.0,0.0,0.0
claude,UK Visa & Immigration,1,0,0,0,0,0,0,0,1,0,0.0,0.0,0.0,0.0,0.0,0.0
claude,VALR,1,0,1,0,0,0,0,0,0,0,0.0,0.0,0.0,0.0,0.0,0.0
claude,VDMA,1,0,0,0,0,0,0,0,0,0,1.0,0.0,0.0,0.0,0.0,0.0
claude,VFS Global (Service Partner),1,0,0,0,0,0,0,0,0,1,0.0,0.0,0.0,0.0,0.0,0.0
claude,VISA Pro,1,0,0,0,0,0,0,1,0,0,0.0,0.0,0.0,0.0,0.0,0.0
claude,Visa & Immigration Consulting,1,0,0,1,0,0,0,0,0,0,0.0,0.0,0.0,0.0,0.0,0.0
claude,Visa & Immigration Experts SA,1,0,0,0,1,0,0,0,0,0,0.0,0.0,0.0,0.0,0.0,0.0
claude,Visa & Permit Solutions,1,0,0,0,0,0,0,0,1,0,0.0,0.0,0.0,0.0,0.0,0.0
claude,Visa Box,1,1,0,0,0,0,0,0,0,0,0.0,0.0,0.0,0.0,0.0,0.0
claude,Visa Business Services,1,0,0,0,0,0,0,0,1,0,0.0,0.0,0.0,0.0,0.0,0.0
claude,Visa Connect,1,0,0,0,0,0,0,0,0,1,0.0,0.0,0.0,0.0,0.0,0.0
claude,Visa Logistics,1,0,1,0,0,0,0,0,0,0,0.0,0.0,0.0,0.0,0.0,0.0
claude,Visa Plan Immigration,1,0,0,0,0,1,0,0,0,0,0.0,0.0,0.0,0.0,0.0,0.0
claude,Visaserve,1,0,0,0,1,0,0,0,0,0,0.0,0.0,0.0,0.0,0.0,0.0
claude,Webber Wentzel Tax Practice,1,0,0,0,0,0,0,0,0,0,1.0,0.0,0.0,0.0,0.0,0.0
claude,Whipping The Cat,1,0,0,0,0,0,0,1,0,0,0.0,0.0,0.0,0.0,0.0,0.0
claude,XPat,1,1,0,0,0,0,0,0,0,0,0.0,0.0,0.0,0.0,0.0,0.0
claude,XpatWeb Tax Services,1,0,0,0,0,0,0,1,0,0,0.0,0.0,0.0,0.0,0.0,0.0
deepseek,Intergate Immigration:,106,82,13,11,0,0,0,0,0,0,0.0,,,,,
deepseek,Immigration South Africa:,99,1,67,21,8,2,0,0,0,0,0.0,,,,,
deepseek,Sable International,86,9,22,26,12,15,2,0,0,0,0.0,,,,,
deepseek,Tax Consulting South Africa,46,38,1,3,0,0,1,0,0,1,2.0,,,,,
deepseek,BDO South Africa,43,5,0,7,11,12,6,1,1,0,0.0,,,,,
deepseek,Xpatweb,42,13,4,22,1,2,0,0,0,0,0.0,,,,,
deepseek,KPMG South Africa,37,3,6,5,3,11,3,2,2,2,0.0,,,,,
deepseek,IBN Immigration Solutions:,35,0,0,7,14,14,0,0,0,0,0.0,,,,,
deepseek,Deloitte South Africa,31,0,3,6,4,1,4,5,6,1,1.0,,,,,
deepseek,ENSafrica,31,11,3,0,1,5,2,7,1,0,1.0,,,,,
deepseek,Nova Immigration,28,0,0,3,17,7,1,0,0,0,0.0,,,,,
deepseek,PwC South Africa,24,0,1,2,3,3,8,5,2,0,0.0,,,,,
deepseek,Mazars,22,2,6,7,2,3,1,1,0,0,0.0,,,,,
deepseek,Webber Wentzel,22,0,10,2,1,2,2,2,3,0,0.0,,,,,
deepseek,Mazars South Africa,16,4,0,0,1,0,7,0,2,1,1.0,,,,,
deepseek,EY South Africa,14,0,0,1,1,0,2,5,3,0,2.0,,,,,
deepseek,PricewaterhouseCoopers (PwC) South Africa,14,4,3,1,1,2,1,0,0,2,0.0,,,,,
deepseek,Cliffe Dekker Hofmeyr,12,0,0,3,5,0,1,0,2,1,0.0,,,,,
deepseek,STC Immigration:,11,0,0,1,2,7,0,1,0,0,0.0,,,,,
deepseek,AJS Group,10,0,3,1,4,2,0,0,0,0,0.0,,,,,
deepseek,Bowmans,8,0,1,7,0,0,0,0,0,0,0.0,,,,,
deepseek,PKF,8,0,0,0,2,4,1,0,1,0,0.0,,,,,
deepseek,SPS Immigration Specialists,7,0,0,0,4,3,0,0,0,0,0.0,,,,,
deepseek,ATA Tax Consultants,6,0,4,0,1,1,0,0,0,0,0.0,,,,,
deepseek,Ernst & Young (EY) South Africa,6,0,0,0,6,0,0,0,0,0,0.0,,,,,
deepseek,SIA Legal & Associates:,6,0,0,0,5,1,0,0,0,0,0.0,,,,,
deepseek,SPS Immigration,6,0,0,0,1,5,0,0,0,0,0.0,,,,,
deepseek,SSA Global,6,0,0,0,6,0,0,0,0,0,0.0,,,,,
deepseek,Saffas Abroad,6,0,0,0,1,5,0,0,0,0,0.0,,,,,
deepseek,Sovereign Trust,6,0,5,0,0,0,0,1,0,0,0.0,,,,,
deepseek,Apex Tax Solutions:,5,0,0,3,1,0,0,0,0,1,0.0,,,,,
deepseek,Expat Tax South Africa:,5,0,0,1,3,1,0,0,0,0,0.0,,,,,
deepseek,The Tax Shop,5,0,0,4,1,0,0,0,0,0,0.0,,,,,
deepseek,Visa Logistics:,5,5,0,0,0,0,0,0,0,0,0.0,,,,,
deepseek,ATAX,4,0,0,3,0,0,0,0,0,1,0.0,,,,,
deepseek,SBN Immigration:,4,0,0,1,0,2,1,0,0,0,0.0,,,,,
deepseek,SNG Grant Thornton,4,0,1,0,0,0,1,1,1,0,0.0,,,,,
deepseek,Saffery Trust South Africa,4,0,1,2,0,0,0,0,1,0,0.0,,,,,
deepseek,Sage,4,0,4,0,0,0,0,0,0,0,0.0,,,,,
deepseek,Sygnia:,4,0,0,0,0,0,0,1,3,0,0.0,,,,,
deepseek,Tax Consulting South Africa (TCSA),4,4,0,0,0,0,0,0,0,0,0.0,,,,,
deepseek,TaxTim,4,2,1,1,0,0,0,0,0,0,0.0,,,,,
deepseek,Visa First South Africa:,4,0,0,2,1,1,0,0,0,0,0.0,,,,,
deepseek,Werksmans Attorneys,4,1,0,0,0,3,0,0,0,0,0.0,,,,,
deepseek,A Tax Practitioner,3,0,0,0,1,2,0,0,0,0,0.0,,,,,
deepseek,AJM Tax:,3,0,3,0,0,0,0,0,0,0,0.0,,,,,
deepseek,Alexander Forbes:,3,1,0,2,0,0,0,0,0,0,0.0,,,,,
deepseek,Allan Gray:,3,0,2,0,0,1,0,0,0,0,0.0,,,,,
deepseek,Apex Tax Consultants,3,0,1,2,0,0,0,0,0,0,0.0,,,,,
deepseek,Intergate Emigration,3,3,0,0,0,0,0,0,0,0,0.0,,,,,
deepseek,Liberty:,3,0,0,0,0,0,1,1,1,0,0.0,,,,,
deepseek,Mazars in South Africa,3,0,0,0,0,0,3,0,0,0,0.0,,,,,
deepseek,Momentum:,3,0,0,0,0,1,1,0,0,0,1.0,,,,,
deepseek,Old Mutual:,3,0,0,1,2,0,0,0,0,0,0.0,,,,,
deepseek,SAAAC:,3,0,1,1,0,1,0,0,0,0,0.0,,,,,
deepseek,STC Immigration Consultants,3,0,0,1,1,1,0,0,0,0,0.0,,,,,
deepseek,Saffron Financial,3,0,0,0,1,2,0,0,0,0,0.0,,,,,
deepseek,Sanlam:,3,0,0,0,1,1,0,0,0,1,0.0,,,,,
deepseek,Sars eFiling,3,0,0,3,0,0,0,0,0,0,0.0,,,,,
deepseek,SarsTax,3,0,1,2,0,0,0,0,0,0,0.0,,,,,
deepseek,Sovereign Trust SA:,3,0,1,2,0,0,0,0,0,0,0.0,,,,,
deepseek,10X Investments:,2,1,0,0,0,0,1,0,0,0,0.0,,,,,
deepseek,Avenant Attorneys,2,0,0,0,2,0,0,0,0,0,0.0,,,,,
deepseek,Cape Town Immigration Consultants,2,0,0,0,0,2,0,0,0,0,0.0,,,,,
deepseek,Cape Town Visa,2,0,0,1,0,1,0,0,0,0,0.0,,,,,
deepseek,Caveat Legal,2,0,0,2,0,0,0,0,0,0,0.0,,,,,
deepseek,Citadel Wealth Management:,2,0,0,0,1,0,0,0,0,0,1.0,,,,,
deepseek,Expat Tax,2,0,0,0,2,0,0,0,0,0,0.0,,,,,
deepseek,FinGlobal,2,0,1,1,0,0,0,0,0,0,0.0,,,,,
deepseek,First National Bank (FNB),2,0,2,0,0,0,0,0,0,0,0.0,,,,,
deepseek,Hobbs Sinclair,2,0,0,0,1,0,0,0,1,0,0.0,,,,,
deepseek,KISCH IP:,2,0,0,0,1,1,0,0,0,0,0.0,,,,,
deepseek,MDA Attorneys,2,0,1,0,1,0,0,0,0,0,0.0,,,,,
deepseek,Maitland,2,0,0,0,0,1,0,0,0,1,0.0,,,,,
deepseek,Mercer South Africa:,2,0,0,0,0,0,0,0,1,1,0.0,,,,,
deepseek,Nedbank,2,0,0,0,2,0,0,0,0,0,0.0,,,,,
deepseek,Newland Chase:,2,0,2,0,0,0,0,0,0,0,0.0,,,,,
deepseek,Newtons:,2,0,2,0,0,0,0,0,0,0,0.0,,,,,
deepseek,Ninety One,2,0,0,0,0,0,1,1,0,0,0.0,,,,,
deepseek,SA Tax Guide,2,0,1,0,1,0,0,0,0,0,0.0,,,,,
deepseek,SARS Debt Assist,2,0,0,1,1,0,0,0,0,0,0.0,,,,,
deepseek,SIA,2,0,0,1,0,0,1,0,0,0,0.0,,,,,
deepseek,SIA Legal,2,0,0,2,0,0,0,0,0,0,0.0,,,,,
deepseek,SPS International:,2,0,0,0,1,1,0,0,0,0,0.0,,,,,
deepseek,SSA Consultants:,2,0,0,0,2,0,0,0,0,0,0.0,,,,,
deepseek,STBB,2,0,0,0,1,1,0,0,0,0,0.0,,,,,
deepseek,SVA Tax,2,0,0,0,2,0,0,0,0,0,0.0,,,,,
deepseek,SVA Tax Consultants,2,0,0,0,1,1,0,0,0,0,0.0,,,,,
deepseek,Saffas Immigration:,2,0,0,0,1,1,0,0,0,0,0.0,,,,,
deepseek,Saffery Trust,2,0,0,0,0,0,0,1,1,0,0.0,,,,,
deepseek,Sars Crypto Tax,2,0,0,0,2,0,0,0,0,0,0.0,,,,,
deepseek,Sincere Immigration Services:,2,0,0,0,0,2,0,0,0,0,0.0,,,,,
deepseek,Siverview Immigration,2,0,0,0,0,1,1,0,0,0,0.0,,,,,
deepseek,Skills Portal:,2,0,1,1,0,0,0,0,0,0,0.0,,,,,
deepseek,Skills Universe:,2,0,0,0,1,1,0,0,0,0,0.0,,,,,
deepseek,Standard Bank South Africa,2,2,0,0,0,0,0,0,0,0,0.0,,,,,
deepseek,TLScontact,2,0,2,0,0,0,0,0,0,0,0.0,,,,,
deepseek,The Skills Academy:,2,0,0,1,1,0,0,0,0,0,0.0,,,,,
deepseek,VFS Global,2,2,0,0,0,0,0,0,0,0,0.0,,,,,
deepseek,1st Move International,1,0,0,1,0,0,0,0,0,0,0.0,,,,,
deepseek,A S Attorneys:,1,0,0,0,0,0,0,1,0,0,0.0,,,,,
deepseek,A-Z Tax Consultants,1,0,0,0,0,0,0,0,0,0,1.0,,,,,
deepseek,A. R. Z. Tax Consultants,1,0,0,0,0,0,1,0,0,0,0.0,,,,,
deepseek,A.J. van der Watt Inc.,1,0,0,0,0,0,0,1,0,0,0.0,,,,,
deepseek,A4E Tax Specialists,1,0,0,0,0,1,0,0,0,0,0.0,,,,,
deepseek,AJM Tax Consultants,1,0,0,0,0,0,0,0,0,0,1.0,,,,,
deepseek,ATA Tax,1,0,1,0,0,0,0,0,0,0,0.0,,,,,
deepseek,ATA Tax Specialists:,1,0,1,0,0,0,0,0,0,0,0.0,,,,,
deepseek,Aardvark Accounting,1,0,0,0,0,0,0,0,1,0,0.0,,,,,
deepseek,Absa,1,0,0,1,0,0,0,0,0,0,0.0,,,,,
deepseek,Absa Bank South Africa,1,0,0,1,0,0,0,0,0,0,0.0,,,,,
deepseek,Akeso Clinics:,1,0,0,0,0,0,1,0,0,0,0.0,,,,,
deepseek,Allan Gray Proprietary Limited:,1,0,0,0,0,0,0,0,1,0,0.0,,,,,
deepseek,Anderson Tax & Consulting,1,0,0,0,0,1,0,0,0,0,0.0,,,,,
deepseek,Aucor Tax Specialists,1,0,0,0,1,0,0,0,0,0,0.0,,,,,
deepseek,Avenant & Co,1,0,0,0,1,0,0,0,0,0,0.0,,,,,
deepseek,Awex,1,0,0,0,0,0,1,0,0,0,0.0,,,,,
deepseek,Axiom McMahon Tax Consultant,1,0,0,0,0,1,0,0,0,0,0.0,,,,,
deepseek,BCR Associates,1,0,1,0,0,0,0,0,0,0,0.0,,,,,
deepseek,BIC,1,0,0,0,0,1,0,0,0,0,0.0,,,,,
deepseek,Baker McKenzie South Africa,1,0,0,0,0,0,0,0,1,0,0.0,,,,,
deepseek,Bannister Trust:,1,0,0,0,0,0,1,0,0,0,0.0,,,,,
deepseek,Bowmans Law:,1,0,0,0,1,0,0,0,0,0,0.0,,,,,
deepseek,Brenthurst Wealth:,1,0,0,1,0,0,0,0,0,0,0.0,,,,,
deepseek,Cape Town Psychology:,1,0,0,0,0,0,0,0,0,1,0.0,,,,,
deepseek,Capitec Bank,1,0,0,0,0,0,1,0,0,0,0.0,,,,,
deepseek,Citadel,1,0,0,0,0,0,1,0,0,0,0.0,,,,,
deepseek,Coronation,1,0,0,0,0,0,0,0,0,1,0.0,,,,,
deepseek,Crossfin Consulting,1,0,0,1,0,0,0,0,0,0,0.0,,,,,
deepseek,Discovery Limited:,1,0,0,0,0,0,0,0,0,0,1.0,,,,,
deepseek,EY (Ernst & Young) South Africa,1,0,0,1,0,0,0,0,0,0,0.0,,,,,
deepseek,Exchange4Africa,1,1,0,0,0,0,0,0,0,0,0.0,,,,,
deepseek,Financial Emigration South Africa,1,0,0,0,1,0,0,0,0,0,0.0,,,,,
deepseek,Fluxmans:,1,0,0,0,0,1,0,0,0,0,0.0,,,,,
deepseek,Glacier by Sanlam,1,0,0,0,0,0,0,0,0,0,1.0,,,,,
deepseek,Grant Thornton,1,0,0,0,0,1,0,0,0,0,0.0,,,,,
deepseek,ICA,1,0,0,1,0,0,0,0,0,0,0.0,,,,,
deepseek,IPA Immigration:,1,0,0,1,0,0,0,0,0,0,0.0,,,,,
deepseek,Immigration Direct South Africa,1,1,0,0,0,0,0,0,0,0,0.0,,,,,
deepseek,Immigroup South Africa,1,0,0,1,0,0,0,0,0,0,0.0,,,,,
deepseek,Intergate Visas,1,0,1,0,0,0,0,0,0,0,0.0,,,,,
deepseek,Investec,1,0,0,0,0,1,0,0,0,0,0.0,,,,,
deepseek,Investec Bank Limited:,1,0,1,0,0,0,0,0,0,0,0.0,,,,,
deepseek,Investec Bank South Africa,1,0,0,0,0,1,0,0,0,0,0.0,,,,,
deepseek,KGRN Co.:,1,0,0,0,1,0,0,0,0,0,0.0,,,,,
deepseek,KIA Immigration,1,0,0,0,0,1,0,0,0,0,0.0,,,,,
deepseek,KPG:,1,0,0,0,0,0,0,1,0,0,0.0,,,,,
deepseek,Kena Media:,1,0,0,1,0,0,0,0,0,0,0.0,,,,,
deepseek,Kenaope Business Solutions:,1,0,0,1,0,0,0,0,0,0,0.0,,,,,
deepseek,Kesh Group:,1,0,0,0,0,0,1,0,0,0,0.0,,,,,
deepseek,Kreston S.A. (Kreston SA):,1,0,0,0,1,0,0,0,0,0,0.0,,,,,
deepseek,Lawtons Africa:,1,0,0,0,0,1,0,0,0,0,0.0,,,,,
deepseek,Luno:,1,1,0,0,0,0,0,0,0,0,0.0,,,,,
deepseek,MDA Immigration:,1,0,0,0,0,1,0,0,0,0,0.0,,,,,
deepseek,Mercantile Bank,1,0,0,0,0,0,1,0,0,0,0.0,,,,,
deepseek,Migrate With B,1,0,0,1,0,0,0,0,0,0,0.0,,,,,
deepseek,Migrate With Q:,1,0,0,0,1,0,0,0,0,0,0.0,,,,,
deepseek,Moore South Africa:,1,0,1,0,0,0,0,0,0,0,0.0,,,,,
deepseek,Moore:,1,0,1,0,0,0,0,0,0,0,0.0,,,,,
deepseek,My Therapy Room:,1,0,0,0,0,1,0,0,0,0,0.0,,,,,
deepseek,NFB Wealth Management:,1,0,0,0,0,1,0,0,0,0,0.0,,,,,
deepseek,NMG Benefits:,1,1,0,0,0,0,0,0,0,0,0.0,,,,,
deepseek,Nedbank Limited:,1,0,0,0,0,1,0,0,0,0,0.0,,,,,
deepseek,Neurodiversity Centre:,1,0,0,0,1,0,0,0,0,0,0.0,,,,,
deepseek,Newtons Immigration:,1,0,1,0,0,0,0,0,0,0,0.0,,,,,
deepseek,Norton Rose Fulbright South Africa:,1,0,0,0,0,0,1,0,0,0,0.0,,,,,
deepseek,Old Mutual Limited:,1,0,0,0,0,0,0,1,0,0,0.0,,,,,
deepseek,PKF South Africa,1,0,0,0,1,0,0,0,0,0,0.0,,,,,
deepseek,PsychMatters Family Centre:,1,0,1,0,0,0,0,0,0,0,0.0,,,,,
deepseek,Revix:,1,0,1,0,0,0,0,0,0,0,0.0,,,,,
deepseek,SA Crypto Tax,1,0,0,1,0,0,0,0,0,0,0.0,,,,,
deepseek,SA Emigration,1,0,0,0,0,1,0,0,0,0,0.0,,,,,
deepseek,SA Tax Practice,1,0,0,0,1,0,0,0,0,0,0.0,,,,,
deepseek,SA Tax Professionals,1,0,1,0,0,0,0,0,0,0,0.0,,,,,
deepseek,SA Tax Specialists:,1,0,0,0,0,1,0,0,0,0,0.0,,,,,
deepseek,SAB&T,1,0,0,0,1,0,0,0,0,0,0.0,,,,,
deepseek,SBS Forex,1,0,0,0,1,0,0,0,0,0,0.0,,,,,
deepseek,SCA Consultants:,1,0,0,0,1,0,0,0,0,0,0.0,,,,,
deepseek,SERR Synergy,1,0,0,0,0,1,0,0,0,0,0.0,,,,,
deepseek,SRI Immigration,1,0,0,0,0,1,0,0,0,0,0.0,,,,,
deepseek,STB Visas:,1,0,0,1,0,0,0,0,0,0,0.0,,,,,
deepseek,STC,1,0,0,0,1,0,0,0,0,0,0.0,,,,,
deepseek,STC Visa,1,0,0,1,0,0,0,0,0,0,0.0,,,,,
deepseek,STC Visa Solutions,1,0,0,0,0,1,0,0,0,0,0.0,,,,,
deepseek,SVA Forex,1,0,0,1,0,0,0,0,0,0,0.0,,,,,
deepseek,SVA International:,1,0,0,0,0,1,0,0,0,0,0.0,,,,,
deepseek,Sable Trust,1,0,0,0,1,0,0,0,0,0,0.0,,,,,
deepseek,Saffery,1,0,1,0,0,0,0,0,0,0,0.0,,,,,
deepseek,Saffery Champness,1,0,0,1,0,0,0,0,0,0,0.0,,,,,
deepseek,Saffery Trust (South Africa) Pty Ltd,1,0,0,1,0,0,0,0,0,0,0.0,,,,,
deepseek,Saffreys,1,0,0,0,1,0,0,0,0,0,0.0,,,,,
deepseek,Sanlam Personal Finance:,1,0,0,0,0,0,1,0,0,0,0.0,,,,,
deepseek,SarsFiling,1,0,0,1,0,0,0,0,0,0,0.0,,,,,
deepseek,SarsTaxDebt.co.za,1,0,0,0,0,0,0,1,0,0,0.0,,,,,
deepseek,SarsTaxFiling.co.za,1,0,0,1,0,0,0,0,0,0,0.0,,,,,
deepseek,Scoinify,1,0,0,1,0,0,0,0,0,0,0.0,,,,,
deepseek,Sebata Group:,1,0,0,0,0,1,0,0,0,0,0.0,,,,,
deepseek,Shepstone & Wylie:,1,0,0,0,0,0,0,0,1,0,0.0,,,,,
deepseek,Sincere Immigration,1,0,0,0,1,0,0,0,0,0,0.0,,,,,
deepseek,Sivervest Migration,1,0,0,0,0,1,0,0,0,0,0.0,,,,,
deepseek,Skills Dynamics:,1,0,1,0,0,0,0,0,0,0,0.0,,,,,
deepseek,Sloane & Co. Immigration Attorneys,1,0,0,0,0,1,0,0,0,0,0.0,,,,,
deepseek,Smit & Van Wyk Attorneys,1,0,0,0,1,0,0,0,0,0,0.0,,,,,
deepseek,Sovereign Trust (SA) Ltd,1,0,1,0,0,0,0,0,0,0,0.0,,,,,
deepseek,Sovereign Trust South Africa,1,0,0,0,0,0,0,0,1,0,0.0,,,,,
deepseek,Sovereign Wealth,1,0,1,0,0,0,0,0,0,0,0.0,,,,,
deepseek,Standard Bank,1,1,0,0,0,0,0,0,0,0,0.0,,,,,
deepseek,Suren Forex,1,0,0,0,0,1,0,0,0,0,0.0,,,,,
deepseek,Sygnia Asset Management:,1,0,0,0,0,0,0,0,0,1,0.0,,,,,
deepseek,Tara Hospital:,1,0,0,0,0,0,0,0,1,0,0.0,,,,,
deepseek,Tax Consulting SA,1,1,0,0,0,0,0,0,0,0,0.0,,,,,
deepseek,Tax Samaritan,1,0,0,0,0,1,0,0,0,0,0.0,,,,,
deepseek,Tax Shark,1,0,0,0,1,0,0,0,0,0,0.0,,,,,
deepseek,The Bridge Centre for Psychosocial Support:,1,0,0,0,0,0,0,1,0,0,0.0,,,,,
deepseek,The British Immigration Advice Service,1,0,0,0,1,0,0,0,0,0,0.0,,,,,
deepseek,The Counselling Hub:,1,0,0,1,0,0,0,0,0,0,0.0,,,,,
deepseek,Travel Visa Pro,1,0,0,0,1,0,0,0,0,0,0.0,,,,,
deepseek,Visa Connection,1,0,1,0,0,0,0,0,0,0,0.0,,,,,
deepseek,Visa Facilitation Services (VFS Global),1,1,0,0,0,0,0,0,0,0,0.0,,,,,
deepseek,Visa Facilitation Services (VFS):,1,0,0,0,1,0,0,0,0,0,0.0,,,,,
deepseek,Visa First:,1,0,1,0,0,0,0,0,0,0,0.0,,,,,
deepseek,VisaPro South Africa,1,1,0,0,0,0,0,0,0,0,0.0,,,,,
deepseek,VisaThru,1,0,0,0,0,1,0,0,0,0,0.0,,,,,
gemini,Black Pen Immigration:,97,50,36,10,1,0,0,0,0,0,0.0,0.0,0.0,,,
gemini,Intergate Immigration,59,24,9,13,8,5,0,0,0,0,0.0,0.0,0.0,,,
gemini,**PwC South Africa**:,49,20,5,5,12,3,1,2,0,1,0.0,0.0,0.0,,,
gemini,**Sable International:**,43,2,13,9,11,5,2,1,0,0,0.0,0.0,0.0,,,
gemini,**Tax Consulting SA:**,41,33,2,0,0,3,1,2,0,0,0.0,0.0,0.0,,,
gemini,**Deloitte South Africa**:,40,1,20,2,5,7,2,1,1,0,1.0,0.0,0.0,,,
gemini,Xpatweb:,40,2,3,10,9,8,8,0,0,0,0.0,0.0,0.0,,,
gemini,**BDO South Africa**:,38,0,4,11,4,14,2,3,0,0,0.0,0.0,0.0,,,
gemini,**KPMG South Africa**:,31,0,0,2,18,4,3,2,1,0,0.0,1.0,0.0,,,
gemini,**EY South Africa**:,27,0,0,19,2,4,0,0,0,1,0.0,0.0,1.0,,,
gemini,SA Migration International:,23,1,1,7,10,3,1,0,0,0,0.0,0.0,0.0,,,
gemini,Global Migration SA:,21,2,1,8,5,3,1,0,0,1,0.0,0.0,0.0,,,
gemini,Mazars South Africa:,20,0,3,4,2,2,6,1,2,0,0.0,0.0,0.0,,,
gemini,New World Immigration:,19,1,3,0,7,8,0,0,0,0,0.0,0.0,0.0,,,
gemini,Ibn Immigration Solutions:,17,0,3,0,8,4,2,0,0,0,0.0,0.0,0.0,,,
gemini,**ENSafrica:**,14,6,0,2,2,1,2,1,0,0,0.0,0.0,0.0,,,
gemini,Immigration South Africa,14,1,8,2,3,0,0,0,0,0,0.0,0.0,0.0,,,
gemini,Move Up Immigration,13,0,4,3,1,5,0,0,0,0,0.0,0.0,0.0,,,
gemini,**Le Roux Attorneys**:,12,0,2,4,2,3,0,1,0,0,0.0,0.0,0.0,,,
gemini,Immigration South Africa (ISA):,12,5,4,2,0,1,0,0,0,0,0.0,0.0,0.0,,,
gemini,Breytenbachs Immigration Consultants:,9,2,2,3,2,0,0,0,0,0,0.0,0.0,0.0,,,
gemini,Grant Thornton South Africa:,9,0,0,0,2,0,2,3,2,0,0.0,0.0,0.0,,,
gemini,IBN Business & Immigration Solutions:,9,1,1,3,1,2,1,0,0,0,0.0,0.0,0.0,,,
gemini,Fragomen:,8,2,1,1,0,4,0,0,0,0,0.0,0.0,0.0,,,
gemini,**Bowmans**,5,0,4,0,0,0,0,0,0,1,0.0,0.0,0.0,,,
gemini,Webber Wentzel:,5,0,0,1,1,2,0,0,1,0,0.0,0.0,0.0,,,
gemini,Werksmans Attorneys:,5,0,0,3,0,1,1,0,0,0,0.0,0.0,0.0,,,
gemini,**Pathfinder Immigration:**,4,0,0,0,1,3,0,0,0,0,0.0,0.0,0.0,,,
gemini,IBN Consulting:,4,0,0,1,2,0,0,1,0,0,0.0,0.0,0.0,,,
gemini,Le Roux Attorneys Inc:,4,0,1,2,1,0,0,0,0,0,0.0,0.0,0.0,,,
gemini,Move Up:,4,0,0,0,1,2,1,0,0,0,0.0,0.0,0.0,,,
gemini,TaxTim:,4,1,2,1,0,0,0,0,0,0,0.0,0.0,0.0,,,
gemini,**Allan Gray:**,3,0,0,0,1,2,0,0,0,0,0.0,0.0,0.0,,,
gemini,**Fragomen South Africa**,3,0,0,0,1,2,0,0,0,0,0.0,0.0,0.0,,,
gemini,**Investec:**,3,0,1,0,0,1,1,0,0,0,0.0,0.0,0.0,,,
gemini,**Liberty:**,3,0,1,1,1,0,0,0,0,0,0.0,0.0,0.0,,,
gemini,**Old Mutual Wealth**,3,0,0,0,1,1,0,1,0,0,0.0,0.0,0.0,,,
gemini,**Old Mutual:**,3,3,0,0,0,0,0,0,0,0,0.0,0.0,0.0,,,
gemini,**PSG Wealth**,3,0,0,0,0,1,1,1,0,0,0.0,0.0,0.0,,,
gemini,**Sanlam:**,3,0,2,1,0,0,0,0,0,0,0.0,0.0,0.0,,,
gemini,Brenthurst Wealth Management:,3,0,0,0,0,1,2,0,0,0,0.0,0.0,0.0,,,
gemini,Global Migration:,3,0,0,0,2,1,0,0,0,0,0.0,0.0,0.0,,,
gemini,IMCOSA,3,0,2,1,0,0,0,0,0,0,0.0,0.0,0.0,,,
gemini,Immigration Direct South Africa:,3,0,0,0,0,2,1,0,0,0,0.0,0.0,0.0,,,
gemini,Standard Bank:,3,1,1,1,0,0,0,0,0,0,0.0,0.0,0.0,,,
gemini,The Tax Shop:,3,0,1,1,1,0,0,0,0,0,0.0,0.0,0.0,,,
gemini,Visa Logistics:,3,0,0,0,2,1,0,0,0,0,0.0,0.0,0.0,,,
gemini,**Cashkows**:,2,0,0,1,0,1,0,0,0,0,0.0,0.0,0.0,,,
gemini,**Intergate Emigration:**,2,0,0,0,2,0,0,0,0,0,0.0,0.0,0.0,,,
gemini,**Momentum:**,2,0,0,1,1,0,0,0,0,0,0.0,0.0,0.0,,,
gemini,**Rand Rescue**:,2,0,0,2,0,0,0,0,0,0,0.0,0.0,0.0,,,
gemini,**SEESA:**,2,0,2,0,0,0,0,0,0,0,0.0,0.0,0.0,,,
gemini,**VFS Global:**,2,2,0,0,0,0,0,0,0,0,0.0,0.0,0.0,,,
gemini,Cliffe Dekker Hofmeyr:,2,0,0,0,2,0,0,0,0,0,0.0,0.0,0.0,,,
gemini,Exfin:,2,0,0,0,1,1,0,0,0,0,0.0,0.0,0.0,,,
gemini,FinGlobal,2,0,1,0,0,1,0,0,0,0,0.0,0.0,0.0,,,
gemini,HJW Attorneys:,2,0,0,0,1,0,0,1,0,0,0.0,0.0,0.0,,,
gemini,Hlatswayo & Associates:,2,0,0,0,0,2,0,0,0,0,0.0,0.0,0.0,,,
gemini,Immigration Lawyers South Africa (ILSA):,2,0,2,0,0,0,0,0,0,0,0.0,0.0,0.0,,,
gemini,Investec Wealth & Investment:,2,1,0,0,0,1,0,0,0,0,0.0,0.0,0.0,,,
gemini,Nedbank,2,0,0,0,2,0,0,0,0,0,0.0,0.0,0.0,,,
gemini,Nedbank Private Wealth:,2,0,0,1,0,0,0,0,0,1,0.0,0.0,0.0,,,
gemini,Norton Rose Fulbright South Africa:,2,0,0,0,0,2,0,0,0,0,0.0,0.0,0.0,,,
gemini,RSM South Africa:,2,0,0,0,0,1,0,0,1,0,0.0,0.0,0.0,,,
gemini,Tax Consulting South Africa,2,1,0,0,0,1,0,0,0,0,0.0,0.0,0.0,,,
gemini,Tender Experts SA:,2,1,1,0,0,0,0,0,0,0,0.0,0.0,0.0,,,
gemini,VisaBox:,2,1,0,0,1,0,0,0,0,0,0.0,0.0,0.0,,,
gemini,**Compliance Partners:**,1,0,0,0,0,1,0,0,0,0,0.0,0.0,0.0,,,
gemini,**Hogan Hilling**:,1,0,1,0,0,0,0,0,0,0,0.0,0.0,0.0,,,
gemini,**Houghton Harper:**,1,0,0,0,0,1,0,0,0,0,0.0,0.0,0.0,,,
gemini,**Immigra:**,1,0,0,0,1,0,0,0,0,0,0.0,0.0,0.0,,,
gemini,**Immigration Assist**:,1,0,0,1,0,0,0,0,0,0,0.0,0.0,0.0,,,
gemini,**Immigration Lawyers South Africa (ILASA)**,1,0,0,0,1,0,0,0,0,0,0.0,0.0,0.0,,,
gemini,**Immigration.co.za (Immigration South Africa)**,1,0,1,0,0,0,0,0,0,0,0.0,0.0,0.0,,,
gemini,**LWO (LabourWise Organisation):**,1,0,0,1,0,0,0,0,0,0,0.0,0.0,0.0,,,
gemini,**Labour Protect:**,1,0,0,0,0,0,0,1,0,0,0.0,0.0,0.0,,,
gemini,**LabourMan:**,1,0,0,0,1,0,0,0,0,0,0.0,0.0,0.0,,,
gemini,**Le Roux Attorneys (Immigration South Africa):**,1,0,0,0,0,1,0,0,0,0,0.0,0.0,0.0,,,
gemini,**Pathways Immigration Consultants**,1,0,0,1,0,0,0,0,0,0,0.0,0.0,0.0,,,
gemini,**Pro-Labour Consulting:**,1,0,0,0,0,0,1,0,0,0,0.0,0.0,0.0,,,
gemini,**PwC South Africa (Tax & Legal Services)**,1,0,0,0,0,1,0,0,0,0,0.0,0.0,0.0,,,
gemini,**SA Immigration (South African Immigration)**,1,0,0,0,0,1,0,0,0,0,0.0,0.0,0.0,,,
gemini,**SA Migration:**,1,0,0,0,0,1,0,0,0,0,0.0,0.0,0.0,,,
gemini,**SA Visa Services:**,1,0,0,1,0,0,0,0,0,0,0.0,0.0,0.0,,,
gemini,**SNAX Consulting (Pty) Ltd**,1,0,0,1,0,0,0,0,0,0,0.0,0.0,0.0,,,
gemini,**Sanlam Wealth**,1,0,0,0,0,0,1,0,0,0,0.0,0.0,0.0,,,
gemini,**Smit & Van Wyk Inc.**,1,0,0,0,0,1,0,0,0,0,0.0,0.0,0.0,,,
gemini,**Standard Bank Fiduciary Services**,1,0,1,0,0,0,0,0,0,0,0.0,0.0,0.0,,,
gemini,**Tax Shield**:,1,0,1,0,0,0,0,0,0,0,0.0,0.0,0.0,,,
gemini,**Travel Visa 24:**,1,0,1,0,0,0,0,0,0,0,0.0,0.0,0.0,,,
gemini,Absa:,1,0,0,1,0,0,0,0,0,0,0.0,0.0,0.0,,,
gemini,African Impact:,1,1,0,0,0,0,0,0,0,0,0.0,0.0,0.0,,,
gemini,AllPay SA:,1,0,0,0,0,1,0,0,0,0,0.0,0.0,0.0,,,
gemini,Avasa Consulting:,1,0,0,0,1,0,0,0,0,0,0.0,0.0,0.0,,,
gemini,BDO South Africa (Business Restructuring):,1,0,0,0,0,1,0,0,0,0,0.0,0.0,0.0,,,
gemini,Black Pen Global:,1,0,1,0,0,0,0,0,0,0,0.0,0.0,0.0,,,
gemini,Black Swan Global:,1,0,0,0,1,0,0,0,0,0,0.0,0.0,0.0,,,
gemini,Capitec Bank,1,0,0,0,0,1,0,0,0,0,0.0,0.0,0.0,,,
gemini,Company Partners:,1,0,0,0,1,0,0,0,0,0,0.0,0.0,0.0,,,
gemini,Craig Smith & Associates Attorneys,1,0,0,0,0,1,0,0,0,0,0.0,0.0,0.0,,,
gemini,Craig Smith & Associates:,1,0,1,0,0,0,0,0,0,0,0.0,0.0,0.0,,,
gemini,De Beer Attorneys:,1,0,0,1,0,0,0,0,0,0,0.0,0.0,0.0,,,
gemini,De Reuck Immigration,1,0,0,0,1,0,0,0,0,0,0.0,0.0,0.0,,,
gemini,Deloitte South Africa (Financial Advisory):,1,0,0,1,0,0,0,0,0,0,0.0,0.0,0.0,,,
gemini,Digital Assets Tax (DAT):,1,0,1,0,0,0,0,0,0,0,0.0,0.0,0.0,,,
gemini,Discovery Bank,1,0,0,0,0,0,1,0,0,0,0.0,0.0,0.0,,,
gemini,E-Merge Immigration:,1,0,0,1,0,0,0,0,0,0,0.0,0.0,0.0,,,
gemini,EIS (Employer & Immigration Solutions):,1,0,0,0,1,0,0,0,0,0,0.0,0.0,0.0,,,
gemini,EIS (Executive Immigration Services):,1,0,0,0,1,0,0,0,0,0,0.0,0.0,0.0,,,
gemini,EVS Immigration (Immigration.co.za),1,0,0,0,0,1,0,0,0,0,0.0,0.0,0.0,,,
gemini,Eisenberg & Partners,1,0,1,0,0,0,0,0,0,0,0.0,0.0,0.0,,,
gemini,Eisenman & Associates:,1,0,0,0,1,0,0,0,0,0,0.0,0.0,0.0,,,
gemini,Eisenstein & Associates:,1,0,0,0,0,0,0,0,1,0,0.0,0.0,0.0,,,
gemini,Eisenstein & Partners:,1,0,0,0,0,1,0,0,0,0,0.0,0.0,0.0,,,
gemini,Expat Immigration Services South Africa (EISSA):,1,0,0,0,0,0,0,0,1,0,0.0,0.0,0.0,,,
gemini,Expat Tax & Financial Services:,1,0,1,0,0,0,0,0,0,0,0.0,0.0,0.0,,,
gemini,Expat Tax:,1,0,1,0,0,0,0,0,0,0,0.0,0.0,0.0,,,
gemini,Expatriate Tax,1,0,0,0,1,0,0,0,0,0,0.0,0.0,0.0,,,
gemini,FNB (First National Bank),1,1,0,0,0,0,0,0,0,0,0.0,0.0,0.0,,,
gemini,FNB Wealth and Investments:,1,0,0,0,0,0,0,0,0,0,1.0,0.0,0.0,,,
gemini,FNB:,1,0,0,0,1,0,0,0,0,0,0.0,0.0,0.0,,,
gemini,Financial & Tax Services (FATS):,1,0,0,1,0,0,0,0,0,0,0.0,0.0,0.0,,,
gemini,First National Bank (FNB):,1,0,1,0,0,0,0,0,0,0,0.0,0.0,0.0,,,
gemini,Franchise & Business Immigration (FBI) Attorneys:,1,0,0,0,0,1,0,0,0,0,0.0,0.0,0.0,,,
gemini,Future Budget Tax Services:,1,0,0,1,0,0,0,0,0,0,0.0,0.0,0.0,,,
gemini,Galbraith | Rushby:,1,0,1,0,0,0,0,0,0,0,0.0,0.0,0.0,,,
gemini,Gerber & Co Chartered Accountants:,1,0,0,0,0,1,0,0,0,0,0.0,0.0,0.0,,,
gemini,Gerber & Co:,1,0,0,0,1,0,0,0,0,0,0.0,0.0,0.0,,,
gemini,Global Visa & Passport Services (GVPS):,1,0,0,1,0,0,0,0,0,0,0.0,0.0,0.0,,,
gemini,GoEco:,1,0,1,0,0,0,0,0,0,0,0.0,0.0,0.0,,,
gemini,HDC Consulting:,1,0,1,0,0,0,0,0,0,0,0.0,0.0,0.0,,,
gemini,HGG Attorneys:,1,0,0,1,0,0,0,0,0,0,0.0,0.0,0.0,,,
gemini,Hanna Legal:,1,0,0,1,0,0,0,0,0,0,0.0,0.0,0.0,,,
gemini,Harrison & White:,1,0,0,0,0,0,0,0,0,0,1.0,0.0,0.0,,,
gemini,Hermann Immigration:,1,0,0,0,0,1,0,0,0,0,0.0,0.0,0.0,,,
gemini,Hermann Lawyers & Consultants:,1,0,0,0,0,1,0,0,0,0,0.0,0.0,0.0,,,
gemini,Hermann Lawyers:,1,0,0,1,0,0,0,0,0,0,0.0,0.0,0.0,,,
gemini,Hlatshwayo & Associates:,1,0,0,0,1,0,0,0,0,0,0.0,0.0,0.0,,,
gemini,Hlawula Attorneys:,1,1,0,0,0,0,0,0,0,0,0.0,0.0,0.0,,,
gemini,Hlawula Immigration:,1,0,0,0,0,1,0,0,0,0,0.0,0.0,0.0,,,
gemini,Horgan Attorneys & Immigration Consultants:,1,0,0,1,0,0,0,0,0,0,0.0,0.0,0.0,,,
gemini,Houghton Harper Immigration,1,0,1,0,0,0,0,0,0,0,0.0,0.0,0.0,,,
gemini,Ibhar Immigration Solutions:,1,0,0,0,1,0,0,0,0,0,0.0,0.0,0.0,,,
gemini,Ibiza Immigration:,1,0,0,0,1,0,0,0,0,0,0.0,0.0,0.0,,,
gemini,Ibn (International Business Nomads):,1,0,0,0,0,1,0,0,0,0,0.0,0.0,0.0,,,
gemini,Immigrant Assure,1,0,0,1,0,0,0,0,0,0,0.0,0.0,0.0,,,
gemini,Immigrating to South Africa:,1,0,0,0,1,0,0,0,0,0,0.0,0.0,0.0,,,
gemini,Immigration Direct SA:,1,0,0,0,1,0,0,0,0,0,0.0,0.0,0.0,,,
gemini,Immigration Experts:,1,1,0,0,0,0,0,0,0,0,0.0,0.0,0.0,,,
gemini,Immigration Lawyers SA:,1,0,0,1,0,0,0,0,0,0,0.0,0.0,0.0,,,
gemini,Immigration South Africa (IBN Business & Immigration Solutions):,1,0,0,0,1,0,0,0,0,0,0.0,0.0,0.0,,,
gemini,Immigration South Africa (IBN Immigration Solutions):,1,0,0,1,0,0,0,0,0,0,0.0,0.0,0.0,,,
gemini,Immigration South Africa (ISA Consultants),1,1,0,0,0,0,0,0,0,0,0.0,0.0,0.0,,,
gemini,Immigration South Africa (Intergate Visas & Immigration):,1,0,1,0,0,0,0,0,0,0,0.0,0.0,0.0,,,
gemini,Immigration South Africa (Malan & Mohale Attorneys Inc.):,1,0,0,0,0,1,0,0,0,0,0.0,0.0,0.0,,,
gemini,Immigration South Africa (RMT Group):,1,0,0,0,0,1,0,0,0,0,0.0,0.0,0.0,,,
gemini,Immigration and Visa Services (IVS):,1,0,1,0,0,0,0,0,0,0,0.0,0.0,0.0,,,
gemini,Jurgen's Immigration Services:,1,0,0,0,0,0,1,0,0,0,0.0,0.0,0.0,,,
gemini,KPMG South Africa (Restructuring Services):,1,0,0,0,1,0,0,0,0,0,0.0,0.0,0.0,,,
gemini,LabourNet:,1,0,0,1,0,0,0,0,0,0,0.0,0.0,0.0,,,
gemini,"Lawtons Africa (Insolvency, Business Rescue & Restructuring):",1,0,0,0,0,0,0,1,0,0,0.0,0.0,0.0,,,
gemini,Love Volunteers:,1,0,0,0,0,1,0,0,0,0,0.0,0.0,0.0,,,
gemini,MAJ Consulting:,1,0,0,0,0,0,1,0,0,0,0.0,0.0,0.0,,,
gemini,Migration Services (Pty) Ltd:,1,0,0,1,0,0,0,0,0,0,0.0,0.0,0.0,,,
gemini,Momentum Investments:,1,0,0,0,0,0,0,1,0,0,0.0,0.0,0.0,,,
gemini,Move Up (Pty) Ltd:,1,0,1,0,0,0,0,0,0,0,0.0,0.0,0.0,,,
gemini,Move Up (South African Immigration Services):,1,0,0,0,0,1,0,0,0,0,0.0,0.0,0.0,,,
gemini,Move Up (UK Immigration & Visas),1,0,1,0,0,0,0,0,0,0,0.0,0.0,0.0,,,
gemini,Move Up Immigration Solutions:,1,0,0,0,0,1,0,0,0,0,0.0,0.0,0.0,,,
gemini,Move Up Immigration and Visa Services:,1,0,1,0,0,0,0,0,0,0,0.0,0.0,0.0,,,
gemini,MoveUp:,1,0,0,0,0,0,1,0,0,0,0.0,0.0,0.0,,,
gemini,Ninety One:,1,0,0,0,0,0,1,0,0,0,0.0,0.0,0.0,,,
gemini,Norton Rose Fulbright:,1,0,0,0,0,1,0,0,0,0,0.0,0.0,0.0,,,
gemini,PKF South Africa:,1,0,0,0,0,0,0,0,0,1,0.0,0.0,0.0,,,
gemini,PMGY:,1,0,0,0,1,0,0,0,0,0,0.0,0.0,0.0,,,
gemini,Passport and Visa Specialists (PAVS):,1,0,0,0,0,1,0,0,0,0,0.0,0.0,0.0,,,
gemini,Philip Gamble & Partners,1,0,0,0,0,1,0,0,0,0,0.0,0.0,0.0,,,
gemini,Proactive Tax Solutions,1,0,0,0,0,0,0,0,0,1,0.0,0.0,0.0,,,
gemini,Projects Abroad:,1,0,0,1,0,0,0,0,0,0,0.0,0.0,0.0,,,
gemini,PwC South Africa (Business Restructuring Services):,1,0,1,0,0,0,0,0,0,0,0.0,0.0,0.0,,,
gemini,Relocate Global:,1,0,0,0,0,1,0,0,0,0,0.0,0.0,0.0,,,
gemini,SA Crypto Tax:,1,1,0,0,0,0,0,0,0,0,0.0,0.0,0.0,,,
gemini,SA Tender Assist:,1,0,0,1,0,0,0,0,0,0,0.0,0.0,0.0,,,
gemini,SA Tenders:,1,0,1,0,0,0,0,0,0,0,0.0,0.0,0.0,,,
gemini,SNG Grant Thornton:,1,0,0,0,0,0,1,0,0,0,0.0,0.0,0.0,,,
gemini,Smit & Van Wyk Immigration Attorneys:,1,0,0,1,0,0,0,0,0,0,0.0,0.0,0.0,,,
gemini,Standard Bank Wealth and Investment:,1,0,0,0,0,0,0,0,1,0,0.0,0.0,0.0,,,
gemini,TLScontact:,1,0,1,0,0,0,0,0,0,0,0.0,0.0,0.0,,,
gemini,Tax Consulting SA (Pty) Ltd:,1,1,0,0,0,0,0,0,0,0,0.0,0.0,0.0,,,
gemini,Tax Debt Management (Pty) Ltd:,1,0,1,0,0,0,0,0,0,0,0.0,0.0,0.0,,,
gemini,Tax Debt Solutions:,1,0,1,0,0,0,0,0,0,0,0.0,0.0,0.0,,,
gemini,Tax Debt Specialists SA:,1,0,1,0,0,0,0,0,0,0,0.0,0.0,0.0,,,
gemini,Tax Debt Specialists:,1,0,1,0,0,0,0,0,0,0,0.0,0.0,0.0,,,
gemini,Tax Solutions SA:,1,0,0,1,0,0,0,0,0,0,0.0,0.0,0.0,,,
gemini,Taxco Accountants:,1,0,0,0,0,1,0,0,0,0,0.0,0.0,0.0,,,
gemini,Tender Bulletins:,1,0,0,1,0,0,0,0,0,0,0.0,0.0,0.0,,,
gemini,Tender Capital:,1,0,0,0,1,0,0,0,0,0,0.0,0.0,0.0,,,
gemini,TenderConnect:,1,0,0,0,0,1,0,0,0,0,0.0,0.0,0.0,,,
gemini,The Tender Factory:,1,1,0,0,0,0,0,0,0,0,0.0,0.0,0.0,,,
gemini,Travel Visa Consultants (TVC):,1,0,0,0,1,0,0,0,0,0,0.0,0.0,0.0,,,
gemini,TymeBank,1,0,0,0,0,0,0,1,0,0,0.0,0.0,0.0,,,
gemini,Videsh Immigration:,1,0,0,0,0,1,0,0,0,0,0.0,0.0,0.0,,,
gemini,Visa Application SA:,1,0,1,0,0,0,0,0,0,0,0.0,0.0,0.0,,,
gemini,Visa Genie:,1,0,0,1,0,0,0,0,0,0,0.0,0.0,0.0,,,
gemini,VisaConnect South Africa:,1,0,0,0,0,1,0,0,0,0,0.0,0.0,0.0,,,
gemini,VisaConnect:,1,0,0,0,1,0,0,0,0,0,0.0,0.0,0.0,,,
gemini,"Werksmans Attorneys (Business Rescue, Restructuring & Insolvency):",1,0,0,0,0,0,0,0,1,0,0.0,0.0,0.0,,,
mistral,[KPMG South Africa](,15,0,0,0,7,7,0,0,1,0,,,,,,
mistral,**VisaHQ South Africa**,5,2,0,0,0,3,0,0,0,0,,,,,,
mistral,**Workpermit.com South Africa**,2,0,0,0,0,2,0,0,0,0,,,,,,
mistral,[Relocate.me](,2,0,0,0,0,0,0,2,0,0,,,,,,
mistral,**DLA Piper South Africa**,1,0,0,0,0,0,0,0,0,1,,,,,,
mistral,**Deloitte South Africa**,1,0,1,0,0,0,0,0,0,0,,,,,,
mistral,**EY South Africa**,1,0,0,1,0,0,0,0,0,0,,,,,,
mistral,**Immigration South Africa**,1,0,0,0,0,1,0,0,0,0,,,,,,
mistral,**Intergate Immigration**,1,0,1,0,0,0,0,0,0,0,,,,,,
mistral,**Investec**,1,0,0,0,0,0,0,1,0,0,,,,,,
mistral,**New World Immigration**,1,0,0,0,1,0,0,0,0,0,,,,,,
mistral,**Xpatweb**,1,0,0,1,0,0,0,0,0,0,,,,,,
openai,Deloitte South Africa,127,5,26,15,28,19,12,8,6,4,4.0,,,,,
openai,KPMG South Africa,117,5,6,18,16,14,13,11,14,13,7.0,,,,,
openai,Tax Consulting South Africa,115,78,15,7,4,5,0,0,3,1,2.0,,,,,
openai,Black Pen Immigration,105,9,40,29,21,5,1,0,0,0,0.0,,,,,
openai,Intergate Immigration,75,33,13,8,4,10,3,1,1,2,0.0,,,,,
openai,PwC South Africa,74,18,8,9,9,10,7,4,2,4,3.0,,,,,
openai,Xpatweb,73,8,18,16,7,6,3,3,6,4,2.0,,,,,
openai,Immigration South Africa,70,8,16,13,14,10,3,2,0,3,1.0,,,,,
openai,VFS Global,70,38,14,8,1,6,0,2,1,0,0.0,,,,,
openai,BDO South Africa,63,1,1,1,7,22,7,17,5,2,0.0,,,,,
openai,IBN Immigration Solutions,58,4,9,17,14,8,3,1,2,0,0.0,,,,,
openai,Mazars South Africa,58,1,5,7,10,7,7,11,8,1,1.0,,,,,
openai,TaxTim,51,17,14,7,3,1,1,1,2,2,3.0,,,,,
openai,EY South Africa,50,0,0,10,21,4,3,1,5,3,3.0,,,,,
openai,Sable International,50,0,12,14,9,6,1,2,3,2,1.0,,,,,
openai,Grant Thornton South Africa,48,0,1,8,4,8,9,8,7,2,1.0,,,,,
openai,Visa Box,43,11,7,13,6,5,1,0,0,0,0.0,,,,,
openai,VisaPro,29,13,2,4,1,0,1,5,1,1,1.0,,,,,
openai,Intergate Immigration Services,28,4,9,3,4,4,2,0,1,1,0.0,,,,,
openai,Move Up,28,0,5,9,7,2,0,1,1,0,3.0,,,,,
openai,Relocation Africa,24,0,0,0,2,5,2,9,2,2,2.0,,,,,
openai,Tax Debt Solutions,24,4,9,7,2,2,0,0,0,0,0.0,,,,,
openai,Intergate Visalink,22,5,9,6,2,0,0,0,0,0,0.0,,,,,
openai,Intergate Immigration Service,21,0,2,2,3,6,4,3,1,0,0.0,,,,,
openai,SA Migration Services,20,0,2,4,4,4,5,1,0,0,0.0,,,,,
openai,SA Migration International,18,1,6,6,1,3,0,1,0,0,0.0,,,,,
openai,Tax Debt Relief,17,2,0,7,5,1,0,1,0,0,1.0,,,,,
openai,Tax Shop,17,0,7,8,2,0,0,0,0,0,0.0,,,,,
openai,Visa and Immigration Services,17,9,2,4,0,0,0,0,1,1,0.0,,,,,
openai,RSM South Africa,16,0,0,0,0,0,0,0,3,8,5.0,,,,,
openai,Tax Debt Assist,16,1,6,6,1,1,0,1,0,0,0.0,,,,,
openai,Fragomen,15,4,6,2,0,2,1,0,0,0,0.0,,,,,
openai,Visa Logistics,15,7,3,2,1,1,0,0,0,1,0.0,,,,,
openai,ENSafrica,14,3,1,0,0,0,0,0,3,6,1.0,,,,,
openai,Global Migration Solutions,14,0,0,0,2,5,3,3,0,1,0.0,,,,,
openai,Global Migration SA,12,0,3,3,3,3,0,0,0,0,0.0,,,,,
openai,Global Visas,12,0,0,0,4,5,2,1,0,0,0.0,,,,,
openai,Nexia SAB&T,12,0,1,0,0,0,2,2,0,2,5.0,,,,,
openai,SNG Grant Thornton,12,0,0,2,0,0,2,0,3,3,2.0,,,,,
openai,Tax Debt Management,11,4,1,0,3,1,1,1,0,0,0.0,,,,,
openai,Visa South Africa,10,4,0,1,2,1,0,1,0,0,1.0,,,,,
openai,PKF South Africa,9,0,1,2,3,0,1,2,0,0,0.0,,,,,
openai,TLScontact,9,1,5,3,0,0,0,0,0,0,0.0,,,,,
openai,Tax Consulting SA,9,1,2,2,2,1,0,1,0,0,0.0,,,,,
openai,Work Permit South Africa,9,0,0,3,1,0,1,2,1,1,0.0,,,,,
openai,Nedbank,8,0,0,3,4,0,0,0,0,1,0.0,,,,,
openai,Old Mutual,8,1,3,2,0,0,0,2,0,0,0.0,,,,,
openai,SA Migration,8,0,1,1,1,3,1,0,0,0,1.0,,,,,
openai,Sanlam,8,2,2,1,1,0,1,0,0,0,1.0,,,,,
openai,Tax Debt South Africa,8,7,1,0,0,0,0,0,0,0,0.0,,,,,
openai,Work Visa South Africa,8,1,2,0,0,0,1,0,1,3,0.0,,,,,
openai,Allan Gray,7,2,0,0,1,2,0,0,0,1,1.0,,,,,
openai,Global Immigration Solutions,7,0,0,0,4,1,2,0,0,0,0.0,,,,,
openai,Global Visa Support,7,0,0,0,0,2,4,1,0,0,0.0,,,,,
openai,Liberty,7,0,1,3,2,0,1,0,0,0,0.0,,,,,
openai,Standard Bank,7,4,2,0,1,0,0,0,0,0,0.0,,,,,
openai,Tax Debt Compliance,7,0,3,4,0,0,0,0,0,0,0.0,,,,,
openai,VisaSouthAfrica,7,5,2,0,0,0,0,0,0,0,0.0,,,,,
openai,Absa,6,0,3,2,1,0,0,0,0,0,0.0,,,,,
openai,Mazars,6,0,2,2,1,0,0,0,0,1,0.0,,,,,
openai,Migrate With Q,6,1,0,0,0,1,0,0,3,0,1.0,,,,,
openai,Momentum,6,0,0,0,2,3,0,0,0,1,0.0,,,,,
openai,Moore South Africa,6,0,0,0,0,1,0,0,0,1,4.0,,,,,
openai,Tax Risk Management,6,0,5,0,1,0,0,0,0,0,0.0,,,,,
openai,Tax Shop South Africa,6,0,4,1,1,0,0,0,0,0,0.0,,,,,
openai,TaxCorp,6,0,1,5,0,0,0,0,0,0,0.0,,,,,
openai,VFS Global South Africa,6,4,0,1,1,0,0,0,0,0,0.0,,,,,
openai,VisaCorp,6,4,0,2,0,0,0,0,0,0,0.0,,,,,
openai,Black Pen Recruitment,5,0,3,0,1,1,0,0,0,0,0.0,,,,,
openai,Bowmans,5,0,0,0,0,1,2,0,0,1,1.0,,,,,
openai,Cape Town Immigration,5,0,1,0,1,2,0,1,0,0,0.0,,,,,
openai,Global Visa Solutions,5,0,0,0,1,2,0,0,2,0,0.0,,,,,
openai,Norton Rose Fulbright,5,0,0,1,2,1,0,0,0,0,1.0,,,,,
openai,SA Immigration,5,0,1,0,1,0,0,1,1,1,0.0,,,,,
openai,Tax Debt Advisors,5,2,3,0,0,0,0,0,0,0,0.0,,,,,
openai,TaxWise,5,0,0,0,3,2,0,0,0,0,0.0,,,,,
openai,The Tax Shop,5,1,0,0,2,1,0,0,1,0,0.0,,,,,
openai,The Visa Company,5,0,0,0,1,4,0,0,0,0,0.0,,,,,
openai,VisaBox,5,5,0,0,0,0,0,0,0,0,0.0,,,,,
openai,Debt Rescue,4,0,0,1,0,2,0,0,0,0,1.0,,,,,
openai,Expatriate Tax Consulting,4,0,0,0,2,0,0,0,1,0,1.0,,,,,
openai,FNB (First National Bank),4,2,0,1,0,0,0,0,0,0,1.0,,,,,
openai,FinGlobal,4,1,3,0,0,0,0,0,0,0,0.0,,,,,
openai,Investec,4,1,0,0,0,1,1,0,1,0,0.0,,,,,
openai,SA Tax Guide,4,0,0,0,2,1,0,0,0,1,0.0,,,,,
openai,South African Visa,4,0,1,0,1,0,1,0,0,0,1.0,,,,,
openai,Visa Express,4,0,0,1,1,2,0,0,0,0,0.0,,,,,
openai,Webber Wentzel,4,0,1,1,0,0,0,1,0,0,1.0,,,,,
openai,Baker Tilly South Africa,3,0,0,0,0,0,0,0,0,0,3.0,,,,,
openai,Cliffe Dekker Hofmeyr,3,0,1,2,0,0,0,0,0,0,0.0,,,,,
openai,E&Y South Africa,3,0,0,0,0,0,0,0,0,2,1.0,,,,,
openai,FNB,3,0,1,1,1,0,0,0,0,0,0.0,,,,,
openai,IBN Consulting,3,1,1,0,1,0,0,0,0,0,0.0,,,,,
openai,LabourNet,3,2,1,0,0,0,0,0,0,0,0.0,,,,,
openai,Migrate to South Africa,3,0,0,0,0,1,0,0,2,0,0.0,,,,,
openai,Newland Chase,3,0,0,1,0,0,1,0,1,0,0.0,,,,,
openai,PSG Wealth,3,0,0,0,0,0,1,0,2,0,0.0,,,,,
openai,South Africa Immigration,3,0,1,0,0,1,1,0,0,0,0.0,,,,,
openai,South Africa Visa,3,0,3,0,0,0,0,0,0,0,0.0,,,,,
openai,Tax Debt Help,3,0,0,1,1,1,0,0,0,0,0.0,,,,,
openai,TaxAssist,3,0,0,0,1,2,0,0,0,0,0.0,,,,,
openai,The Immigration Company,3,0,0,0,1,1,1,0,0,0,0.0,,,,,
openai,Travel Visa Company,3,1,0,2,0,0,0,0,0,0,0.0,,,,,
openai,Visa Solutions,3,0,0,0,1,0,1,0,0,1,0.0,,,,,
openai,Werksmans Attorneys,3,0,0,0,1,1,1,0,0,0,0.0,,,,,
openai,Work Visa SA,3,0,0,0,0,0,0,1,0,1,1.0,,,,,
openai,Workpermit.com,3,0,0,0,1,0,0,1,0,1,0.0,,,,,
openai,**Visas for South Africa**,2,0,0,0,1,0,0,0,0,0,1.0,,,,,
openai,Accenture South Africa,2,0,0,0,1,0,1,0,0,0,0.0,,,,,
openai,Adcorp,2,0,0,2,0,0,0,0,0,0,0.0,,,,,
openai,Apostil.co.za,2,2,0,0,0,0,0,0,0,0,0.0,,,,,
openai,Business Partners Limited,2,1,0,1,0,0,0,0,0,0,0.0,,,,,
openai,CRS Technologies,2,0,1,1,0,0,0,0,0,0,0.0,,,,,
openai,Capitec Bank,2,0,0,0,0,2,0,0,0,0,0.0,,,,,
openai,Carrick Wealth,2,0,0,2,0,0,0,0,0,0,0.0,,,,,
openai,Crypto Tax South Africa,2,1,1,0,0,0,0,0,0,0,0.0,,,,,
openai,Discovery,2,0,0,0,0,0,0,2,0,0,0.0,,,,,
openai,EasyTax,2,0,0,1,0,0,0,0,0,1,0.0,,,,,
openai,Financial Emigration,2,0,1,1,0,0,0,0,0,0,0.0,,,,,
openai,Galbraith | Rushby,2,0,0,0,0,1,0,0,0,0,1.0,,,,,
openai,Global Visa Services,2,0,0,0,2,0,0,0,0,0,0.0,,,,,
openai,Grant Thornton,2,1,0,0,0,0,1,0,0,0,0.0,,,,,
openai,Immigration Advisors,2,0,0,1,0,0,0,0,1,0,0.0,,,,,
openai,Immigration SA,2,0,0,0,0,0,0,1,1,0,0.0,,,,,
openai,Le Roux Attorneys,2,0,0,1,1,0,0,0,0,0,0.0,,,,,
openai,Manpower South Africa,2,2,0,0,0,0,0,0,0,0,0.0,,,,,
openai,McKinsey & Company South Africa,2,0,0,1,0,1,0,0,0,0,0.0,,,,,
openai,Norton Rose Fulbright South Africa,2,0,0,0,0,0,0,0,0,0,2.0,,,,,
openai,SA Visa Experts,2,0,0,1,0,1,0,0,0,0,0.0,,,,,
openai,SARS Tax Practitioners,2,0,1,1,0,0,0,0,0,0,0.0,,,,,
openai,SARS Tax Solutions,2,0,2,0,0,0,0,0,0,0,0.0,,,,,
openai,TLScontact South Africa,2,1,0,1,0,0,0,0,0,0,0.0,,,,,
openai,Talent Solutions,2,0,0,0,0,1,0,0,0,1,0.0,,,,,
openai,Tax Debt SA,2,2,0,0,0,0,0,0,0,0,0.0,,,,,
openai,Tax Tim,2,0,1,1,0,0,0,0,0,0,0.0,,,,,
openai,TaxAssist South Africa,2,0,0,0,1,1,0,0,0,0,0.0,,,,,
openai,TaxCorp South Africa,2,0,0,0,2,0,0,0,0,0,0.0,,,,,
openai,TaxShop,2,0,1,1,0,0,0,0,0,0,0.0,,,,,
openai,TaxTim South Africa,2,0,0,2,0,0,0,0,0,0,0.0,,,,,
openai,Travel Visa Pro,2,0,0,2,0,0,0,0,0,0,0.0,,,,,
openai,Visa Immigration,2,1,0,0,0,0,0,0,1,0,0.0,,,,,
openai,Visa Immigration SA,2,0,0,0,0,0,0,0,0,1,1.0,,,,,
openai,Visa and Immigration Consultants,2,2,0,0,0,0,0,0,0,0,0.0,,,,,
openai,VisaFirst,2,1,1,0,0,0,0,0,0,0,0.0,,,,,
openai,1Life,1,0,0,0,0,0,1,0,0,0,0.0,,,,,
openai,1st For Women,1,0,1,0,0,0,0,0,0,0,0.0,,,,,
openai,1st Tax,1,0,0,0,0,0,0,0,0,0,1.0,,,,,
openai,A Y & E Immigration Solutions,1,0,0,0,0,0,0,1,0,0,0.0,,,,,
openai,A&J Immigration,1,0,0,0,0,0,0,0,0,0,1.0,,,,,
openai,A.V. Immigration,1,0,0,0,0,1,0,0,0,0,0.0,,,,,
openai,A1 Immigration,1,0,0,0,0,1,0,0,0,0,0.0,,,,,
openai,A2A,1,0,0,0,0,0,0,1,0,0,0.0,,,,,
openai,AHI,1,0,0,0,0,0,0,1,0,0,0.0,,,,,
openai,AIMS Immigration,1,0,0,0,0,0,0,1,0,0,0.0,,,,,
openai,ATEC,1,0,0,0,0,0,1,0,0,0,0.0,,,,,
openai,Absa Bank,1,0,1,0,0,0,0,0,0,0,0.0,,,,,
openai,African Impact,1,0,0,0,1,0,0,0,0,0,0.0,,,,,
openai,Afrizan Personnel,1,0,0,0,0,1,0,0,0,0,0.0,,,,,
openai,Akeso Clinics,1,0,0,0,1,0,0,0,0,0,0.0,,,,,
openai,Alexander Forbes,1,1,0,0,0,0,0,0,0,0,0.0,,,,,
openai,Applicator Systems SA,1,0,1,0,0,0,0,0,0,0,0.0,,,,,
openai,Applied Applications,1,0,0,1,0,0,0,0,0,0,0.0,,,,,
openai,Auras Immigration,1,0,0,0,0,0,0,0,1,0,0.0,,,,,
openai,BBD,1,0,1,0,0,0,0,0,0,0,0.0,,,,,
openai,BCG (Boston Consulting Group),1,0,0,0,0,0,1,0,0,0,0.0,,,,,
openai,BLS International Services Ltd,1,0,1,0,0,0,0,0,0,0,0.0,,,,,
openai,Bain & Company South Africa,1,0,0,0,0,0,0,1,0,0,0.0,,,,,
openai,Baker McKenzie,1,0,0,0,0,0,0,0,0,0,1.0,,,,,
openai,Baker McKenzie South Africa,1,0,0,0,0,1,0,0,0,0,0.0,,,,,
openai,Bidvest Bank,1,0,0,0,0,0,0,1,0,0,0.0,,,,,
openai,Bizcraft,1,0,0,0,0,0,0,0,0,0,1.0,,,,,
openai,BlackPen Immigration,1,0,0,0,1,0,0,0,0,0,0.0,,,,,
openai,Blockhead Technologies,1,0,0,0,1,0,0,0,0,0,0.0,,,,,
openai,Bonitas Medical Fund,1,0,0,0,0,0,0,0,0,1,0.0,,,,,
openai,BrainGain,1,1,0,0,0,0,0,0,0,0,0.0,,,,,
openai,Brenthurst Wealth,1,0,1,0,0,0,0,0,0,0,0.0,,,,,
openai,Bridge Immigration,1,0,0,1,0,0,0,0,0,0,0.0,,,,,
openai,BrightRock,1,0,0,0,0,0,0,0,0,0,1.0,,,,,
openai,Britehouse,1,0,0,0,0,0,0,0,0,1,0.0,,,,,
openai,Business Doctors South Africa,1,0,1,0,0,0,0,0,0,0,0.0,,,,,
openai,Business Rescue Exchange,1,1,0,0,0,0,0,0,0,0,0.0,,,,,
openai,Business Rescue South Africa,1,1,0,0,0,0,0,0,0,0,0.0,,,,,
openai,C3S,1,0,0,0,0,0,1,0,0,0,0.0,,,,,
openai,CDE Immigration,1,0,0,0,0,0,0,0,0,1,0.0,,,,,
openai,CIPC,1,0,0,0,0,0,0,0,0,1,0.0,,,,,
openai,CSG (Compliance Solutions Group),1,0,0,0,0,1,0,0,0,0,0.0,,,,,
openai,CSG Immigration,1,0,0,0,1,0,0,0,0,0,0.0,,,,,
openai,Cape Immigration,1,0,0,0,1,0,0,0,0,0,0.0,,,,,
openai,Cape Town Visa,1,0,0,1,0,0,0,0,0,0,0.0,,,,,
openai,Cape Town Visa Services,1,0,0,0,0,0,0,1,0,0,0.0,,,,,
openai,Chetan Immigration Services,1,0,0,0,0,1,0,0,0,0,0.0,,,,,
openai,Chetans Immigration Services,1,0,0,0,0,0,1,0,0,0,0.0,,,,,
openai,Citadel,1,1,0,0,0,0,0,0,0,0,0.0,,,,,
openai,Clicks Pharmacy,1,0,0,0,1,0,0,0,0,0,0.0,,,,,
openai,CoinEd,1,1,0,0,0,0,0,0,0,0,0.0,,,,,
openai,Communicate Recruitment,1,0,0,0,0,1,0,0,0,0,0.0,,,,,
openai,Company Partners,1,0,0,1,0,0,0,0,0,0,0.0,,,,,
openai,Compliance Institute South Africa,1,0,0,0,0,0,1,0,0,0,0.0,,,,,
openai,Coronation,1,0,0,0,0,0,0,0,0,1,0.0,,,,,
openai,Crypto Tax Consulting,1,0,1,0,0,0,0,0,0,0,0.0,,,,,
openai,CryptoTax,1,0,1,0,0,0,0,0,0,0,0.0,,,,,
openai,CryptoTax SA,1,0,0,0,0,0,0,0,0,0,1.0,,,,,
openai,Cryptocurrency Tax,1,0,0,1,0,0,0,0,0,0,0.0,,,,,
openai,Custom Applications,1,0,0,0,1,0,0,0,0,0,0.0,,,,,
openai,DDP Tax Specialists,1,0,0,0,1,0,0,0,0,0,0.0,,,,,
openai,David E. Smith Immigration Consulting,1,0,0,0,1,0,0,0,0,0,0.0,,,,,
openai,Debt Sage,1,0,1,0,0,0,0,0,0,0,0.0,,,,,
openai,Deloitte,1,0,0,0,1,0,0,0,0,0,0.0,,,,,
openai,Derivco,1,0,0,1,0,0,0,0,0,0,0.0,,,,,
openai,Dis-Chem Pharmacy,1,0,0,0,0,1,0,0,0,0,0.0,,,,,
openai,Discovery Bank,1,0,0,0,0,0,0,0,1,0,0.0,,,,,
openai,Discovery Health,1,0,0,0,0,0,1,0,0,0,0.0,,,,,
openai,Doc Assist South Africa,1,0,1,0,0,0,0,0,0,0,0.0,,,,,
openai,DocAssist South Africa,1,0,0,1,0,0,0,0,0,0,0.0,,,,,
openai,Dynamic Visual Technologies (DVT),1,0,0,0,1,0,0,0,0,0,0.0,,,,,
openai,ENSafrica Tax,1,0,0,0,0,0,1,0,0,0,0.0,,,,,
openai,ETI Consulting,1,0,0,0,0,0,0,0,0,1,0.0,,,,,
openai,EasiVisa,1,0,0,0,0,1,0,0,0,0,0.0,,,,,
openai,EasyVisa,1,0,1,0,0,0,0,0,0,0,0.0,,,,,
openai,EconoServe,1,1,0,0,0,0,0,0,0,0,0.0,,,,,
openai,Edu Visa Services,1,0,0,1,0,0,0,0,0,0,0.0,,,,,
openai,EduStart International,1,0,0,0,0,0,1,0,0,0,0.0,,,,,
openai,Edublox,1,0,1,0,0,0,0,0,0,0,0.0,,,,,
openai,Emigrate to South Africa,1,0,0,0,0,0,0,1,0,0,0.0,,,,,
openai,Emigration South Africa,1,0,0,0,0,0,0,0,1,0,0.0,,,,,
openai,Entelect,1,0,0,0,0,1,0,0,0,0,0.0,,,,,
openai,Ernest & Young (EY) South Africa,1,0,0,0,0,1,0,0,0,0,0.0,,,,,
openai,Ernst & Young (EY) South Africa,1,0,0,1,0,0,0,0,0,0,0.0,,,,,
openai,Ernst & Young South Africa (EY),1,0,0,0,0,1,0,0,0,0,0.0,,,,,
openai,Expat Tax Services South Africa,1,0,1,0,0,0,0,0,0,0,0.0,,,,,
openai,Expat Tax Solutions,1,0,0,0,1,0,0,0,0,0,0.0,,,,,
openai,Expatriate Tax,1,0,0,0,1,0,0,0,0,0,0.0,,,,,
openai,Expatriate Tax Consultants,1,0,0,0,1,0,0,0,0,0,0.0,,,,,
openai,Expert Tax Debt Solutions,1,0,0,0,1,0,0,0,0,0,0.0,,,,,
openai,FedHealth,1,0,0,0,0,0,0,0,0,0,1.0,,,,,
openai,FinSolve Debt Solutions,1,0,0,0,0,0,1,0,0,0,0.0,,,,,
openai,Financial Emigration SA,1,1,0,0,0,0,0,0,0,0,0.0,,,,,
openai,Finvision,1,0,0,0,1,0,0,0,0,0,0.0,,,,,
openai,Finvision Debt Solutions,1,0,0,0,0,0,0,0,1,0,0.0,,,,,
openai,Finvision Tax Services,1,0,0,0,1,0,0,0,0,0,0.0,,,,,
openai,First National Bank (FNB),1,0,0,0,0,1,0,0,0,0,0.0,,,,,
openai,G3 Visas & Passports,1,0,0,0,1,0,0,0,0,0,0.0,,,,,
openai,GEMS (Government Employees Medical Scheme),1,0,0,0,0,0,0,1,0,0,0.0,,,,,
openai,GTC (Grant Thornton Capital),1,0,0,0,0,1,0,0,0,0,0.0,,,,,
openai,Global Business Solutions,1,0,1,0,0,0,0,0,0,0,0.0,,,,,
openai,Global Citizen Solutions,1,0,0,0,0,1,0,0,0,0,0.0,,,,,
openai,Global Education,1,0,0,0,1,0,0,0,0,0,0.0,,,,,
openai,Globetrotter Visa Services,1,1,0,0,0,0,0,0,0,0,0.0,,,,,
openai,Glucode,1,0,0,0,0,0,0,0,0,0,1.0,,,,,
openai,Go Volunteer Africa,1,0,1,0,0,0,0,0,0,0,0.0,,,,,
openai,GoEco,1,0,0,1,0,0,0,0,0,0,0.0,,,,,
openai,HR & IR Solutions,1,0,0,1,0,0,0,0,0,0,0.0,,,,,
openai,HR Solutions,1,0,0,0,1,0,0,0,0,0,0.0,,,,,
openai,HealthBridge,1,0,0,0,1,0,0,0,0,0,0.0,,,,,
openai,HealthConnect,1,1,0,0,0,0,0,0,0,0,0.0,,,,,
openai,Hogan Lovells South Africa,1,0,0,0,0,0,0,0,1,0,0.0,,,,,
openai,IE Abroad,1,0,0,0,0,1,0,0,0,0,0.0,,,,,
openai,Immigration Advice South Africa,1,0,0,0,0,0,0,0,0,1,0.0,,,,,
openai,Immigration Advisors South Africa,1,0,1,0,0,0,0,0,0,0,0.0,,,,,
openai,Immigration Advisors of South Africa,1,0,0,0,1,0,0,0,0,0,0.0,,,,,
openai,Immigration Advisory Services,1,0,0,0,0,0,0,0,0,0,1.0,,,,,
openai,Immigration Consultants of South Africa,1,0,0,0,0,0,0,0,0,0,1.0,,,,,
openai,Immigration Experts,1,0,0,0,0,0,0,1,0,0,0.0,,,,,
openai,KLM Immigration,1,0,0,1,0,0,0,0,0,0,0.0,,,,,
openai,Kelly,1,0,1,0,0,0,0,0,0,0,0.0,,,,,
openai,Kelly South Africa,1,0,1,0,0,0,0,0,0,0,0.0,,,,,
openai,Khonology,1,0,0,0,0,0,0,0,1,0,0.0,,,,,
openai,Korn Ferry,1,0,0,0,0,1,0,0,0,0,0.0,,,,,
openai,Learn Abroad,1,0,0,0,0,0,0,0,0,0,1.0,,,,,
openai,Legal Aid South Africa,1,1,0,0,0,0,0,0,0,0,0.0,,,,,
openai,Liquidation Centre,1,0,0,0,0,0,0,0,0,0,1.0,,,,,
openai,Liquidation Services,1,0,0,0,0,0,0,0,0,0,1.0,,,,,
openai,Luno,1,0,0,1,0,0,0,0,0,0,0.0,,,,,
openai,MDS VisaPak,1,0,1,0,0,0,0,0,0,0,0.0,,,,,
openai,MRA (Management Research Association),1,0,0,0,1,0,0,0,0,0,0.0,,,,,
openai,Mardale,1,0,0,0,0,0,0,0,0,1,0.0,,,,,
openai,MediSwitch,1,0,1,0,0,0,0,0,0,0,0.0,,,,,
openai,Medicare Health,1,0,1,0,0,0,0,0,0,0,0.0,,,,,
openai,Medipost Pharmacy,1,1,0,0,0,0,0,0,0,0,0.0,,,,,
openai,Medirite Pharmacy,1,0,0,1,0,0,0,0,0,0,0.0,,,,,
openai,Medscheme,1,0,0,0,0,1,0,0,0,0,0.0,,,,,
openai,Mercer South Africa,1,0,0,0,0,0,0,1,0,0,0.0,,,,,
openai,Migrate Immigration,1,0,1,0,0,0,0,0,0,0,0.0,,,,,
openai,Migrate SA,1,0,0,1,0,0,0,0,0,0,0.0,,,,,
openai,Migration Expert South Africa,1,0,0,0,0,0,0,0,0,0,1.0,,,,,
openai,Mindmuzik Media,1,0,1,0,0,0,0,0,0,0,0.0,,,,,
openai,Momentum Health,1,0,0,0,0,0,0,0,1,0,0.0,,,,,
openai,My Immigration,1,0,0,0,0,0,0,1,0,0,0.0,,,,,
openai,My South Africa Visa,1,0,0,0,0,0,0,0,0,0,1.0,,,,,
openai,Mzansi Communications,1,1,0,0,0,0,0,0,0,0,0.0,,,,,
openai,Mzansi Study Abroad,1,0,1,0,0,0,0,0,0,0,0.0,,,,,
openai,National Debt Advisors,1,0,0,0,0,0,1,0,0,0,0.0,,,,,
openai,New World Immigration,1,0,0,0,0,1,0,0,0,0,0.0,,,,,
openai,Nexus Tax Solutions,1,0,0,0,0,0,0,0,0,0,1.0,,,,,
openai,One World Volunteers,1,0,1,0,0,0,0,0,0,0,0.0,,,,,
openai,PSG Konsult,1,0,0,0,0,0,0,0,1,0,0.0,,,,,
openai,Pathways to Freedom,1,0,0,0,0,1,0,0,0,0,0.0,,,,,
openai,Pathways to South Africa,1,0,0,0,0,0,1,0,0,0,0.0,,,,,
openai,Paymaster,1,0,0,1,0,0,0,0,0,0,0.0,,,,,
openai,Pro-edge Solutions,1,0,0,0,1,0,0,0,0,0,0.0,,,,,
openai,ProBono.Org,1,0,0,1,0,0,0,0,0,0,0.0,,,,,
openai,ProTax,1,0,0,0,0,0,0,1,0,0,0.0,,,,,
openai,Projects Abroad,1,0,0,0,1,0,0,0,0,0,0.0,,,,,
openai,PsySSA (Psychological Society of South Africa),1,0,0,0,1,0,0,0,0,0,0.0,,,,,
openai,Psychometric Assessment,1,0,0,0,1,0,0,0,0,0,0.0,,,,,
openai,Psychometric Testing,1,0,1,0,0,0,0,0,0,0,0.0,,,,,
openai,Psytech South Africa,1,0,0,1,0,0,0,0,0,0,0.0,,,,,
openai,Pty Company Registration,1,0,0,0,0,1,0,0,0,0,0.0,,,,,
openai,Quest Staffing Solutions,1,0,0,0,1,0,0,0,0,0,0.0,,,,,
openai,RIA (Relocation International Associates),1,0,0,0,0,0,1,0,0,0,0.0,,,,,
openai,Randburg Immigration,1,0,0,0,0,0,0,1,0,0,0.0,,,,,
openai,Resolve Tax Debt,1,0,0,0,0,0,0,0,1,0,0.0,,,,,
openai,SA Immigration Services,1,0,0,0,0,0,0,0,0,0,1.0,,,,,
openai,SA Tax Debt,1,0,0,0,0,0,0,0,1,0,0.0,,,,,
openai,SARS Debt Solutions,1,0,1,0,0,0,0,0,0,0,0.0,,,,,
openai,SARS Tax Advisors,1,0,0,1,0,0,0,0,0,0,0.0,,,,,
openai,SARS Tax Consultants,1,0,1,0,0,0,0,0,0,0,0.0,,,,,
openai,SARS Tax Debt Solutions,1,0,1,0,0,0,0,0,0,0,0.0,,,,,
openai,SARS Tax Help,1,0,1,0,0,0,0,0,0,0,0.0,,,,,
openai,SARS Tax Practitioner,1,0,0,1,0,0,0,0,0,0,0.0,,,,,
openai,SAvisa,1,0,0,1,0,0,0,0,0,0,0.0,,,,,
openai,SAvisas.com,1,0,1,0,0,0,0,0,0,0,0.0,,,,,
openai,SIZA,1,0,0,0,0,1,0,0,0,0,0.0,,,,,
openai,SW Global,1,0,0,0,1,0,0,0,0,0,0.0,,,,,
openai,Sa Tax Debt Solutions,1,0,0,0,0,0,0,0,0,1,0.0,,,,,
openai,Sage HR & Payroll,1,0,1,0,0,0,0,0,0,0,0.0,,,,,
openai,Sage Payroll,1,1,0,0,0,0,0,0,0,0,0.0,,,,,
openai,Sage South Africa,1,0,0,0,1,0,0,0,0,0,0.0,,,,,
openai,SarsTax,1,0,0,1,0,0,0,0,0,0,0.0,,,,,
openai,SimpleTax,1,0,0,0,0,0,0,0,0,0,1.0,,,,,
openai,Skills Development Agency,1,0,0,0,0,0,0,0,0,0,1.0,,,,,
openai,South African Immigration,1,0,0,0,1,0,0,0,0,0,0.0,,,,,
openai,South African Passport Renewal,1,0,0,0,1,0,0,0,0,0,0.0,,,,,
openai,South African Visa Experts,1,0,0,0,1,0,0,0,0,0,0.0,,,,,
openai,SovTech,1,0,0,0,0,0,0,1,0,0,0.0,,,,,
openai,Specialised Applications,1,1,0,0,0,0,0,0,0,0,0.0,,,,,
openai,Specialized Engineering Solutions,1,0,1,0,0,0,0,0,0,0,0.0,,,,,
openai,Specialized Solar Systems,1,0,0,0,1,0,0,0,0,0,0.0,,,,,
openai,Spoor & Fisher,1,0,0,0,0,0,0,0,1,0,0.0,,,,,
openai,Status Global,1,0,1,0,0,0,0,0,0,0,0.0,,,,,
openai,Status Solutions,1,1,0,0,0,0,0,0,0,0,0.0,,,,,
openai,Status Update,1,0,0,1,0,0,0,0,0,0,0.0,,,,,
openai,Study Abroad Agency,1,1,0,0,0,0,0,0,0,0,0.0,,,,,
openai,Sure Travel,1,0,0,0,0,0,0,0,1,0,0.0,,,,,
openai,SwiftReg,1,0,0,0,1,0,0,0,0,0,0.0,,,,,
openai,Synthesis Software Technologies,1,0,0,0,0,0,1,0,0,0,0.0,,,,,
openai,TFP Tax & Forensic Practitioners,1,0,0,0,0,0,0,0,0,1,0.0,,,,,
openai,TFS Holdings,1,0,0,0,0,1,0,0,0,0,0.0,,,,,
openai,TMT Crypto Solutions,1,0,1,0,0,0,0,0,0,0,0.0,,,,,
openai,TSS (Training & Support Solutions),1,0,0,0,0,0,1,0,0,0,0.0,,,,,
openai,Talent Africa,1,0,0,0,1,0,0,0,0,0,0.0,,,,,
openai,Tax Advisory,1,0,0,0,1,0,0,0,0,0,0.0,,,,,
openai,Tax Consulting,1,0,0,1,0,0,0,0,0,0,0.0,,,,,
openai,Tax Debt,1,0,0,1,0,0,0,0,0,0,0.0,,,,,
openai,Tax Debt Advice,1,0,0,0,0,0,0,1,0,0,0.0,,,,,
openai,Tax Debt Busters,1,0,1,0,0,0,0,0,0,0,0.0,,,,,
openai,Tax Debt Company,1,0,0,1,0,0,0,0,0,0,0.0,,,,,
openai,Tax Debt Compliance (Pty) Ltd,1,0,0,1,0,0,0,0,0,0,0.0,,,,,
openai,Tax Debt Compliance SA,1,0,1,0,0,0,0,0,0,0,0.0,,,,,
openai,Tax Debt Compromise,1,1,0,0,0,0,0,0,0,0,0.0,,,,,
openai,Tax Debt Fix,1,0,0,0,1,0,0,0,0,0,0.0,,,,,
openai,Tax Debt Gone,1,0,0,1,0,0,0,0,0,0,0.0,,,,,
openai,Tax Debt Help SA,1,0,0,0,0,1,0,0,0,0,0.0,,,,,
openai,Tax Debt Insure,1,1,0,0,0,0,0,0,0,0,0.0,,,,,
openai,Tax Debt Lawyers,1,0,1,0,0,0,0,0,0,0,0.0,,,,,
openai,Tax Debt One,1,0,0,0,1,0,0,0,0,0,0.0,,,,,
openai,Tax Debt Relief SA,1,0,0,1,0,0,0,0,0,0,0.0,,,,,
openai,Tax Debt Solutions South Africa,1,0,0,0,0,1,0,0,0,0,0.0,,,,,
openai,Tax Debt Solved,1,0,0,0,1,0,0,0,0,0,0.0,,,,,
openai,Tax Debt Wizards,1,0,0,1,0,0,0,0,0,0,0.0,,,,,
openai,Tax Emigration,1,0,0,1,0,0,0,0,0,0,0.0,,,,,
openai,Tax Guru South Africa,1,0,0,1,0,0,0,0,0,0,0.0,,,,,
openai,Tax Indaba,1,0,0,1,0,0,0,0,0,0,0.0,,,,,
openai,Tax Lawyers South Africa,1,0,1,0,0,0,0,0,0,0,0.0,,,,,
openai,Tax Migration,1,0,0,1,0,0,0,0,0,0,0.0,,,,,
openai,Tax Migration South Africa,1,0,1,0,0,0,0,0,0,0,0.0,,,,,
openai,Tax Relief Experts,1,0,0,0,1,0,0,0,0,0,0.0,,,,,
openai,Tax Rescue,1,0,0,0,1,0,0,0,0,0,0.0,,,,,
openai,Tax Shop Accountants,1,0,0,0,0,0,0,0,0,1,0.0,,,,,
openai,Tax Solutions,1,0,0,0,1,0,0,0,0,0,0.0,,,,,
openai,Tax-Rite,1,0,0,0,0,0,1,0,0,0,0.0,,,,,
openai,TaxCare,1,0,0,0,1,0,0,0,0,0,0.0,,,,,
openai,TaxGuru,1,0,0,0,0,1,0,0,0,0,0.0,,,,,
openai,TaxRisk,1,0,0,0,0,1,0,0,0,0,0.0,,,,,
openai,Taxation Services,1,0,0,1,0,0,0,0,0,0,0.0,,,,,
openai,Taxpert,1,0,0,0,1,0,0,0,0,0,0.0,,,,,
openai,Taxwise Consulting,1,0,0,1,0,0,0,0,0,0,0.0,,,,,
openai,TeleportVisa,1,1,0,0,0,0,0,0,0,0,0.0,,,,,
openai,Tetra Immigration,1,0,0,1,0,0,0,0,0,0,0.0,,,,,
openai,The Assessment Toolbox,1,0,0,1,0,0,0,0,0,0,0.0,,,,,
openai,The Centre for Assessment,1,0,0,1,0,0,0,0,0,0,0.0,,,,,
openai,The Document Warehouse,1,0,1,0,0,0,0,0,0,0,0.0,,,,,
openai,The Graduate Institute of Management and Technology (GIMT),1,0,0,0,0,0,0,0,0,0,1.0,,,,,
openai,The Mind Room,1,1,0,0,0,0,0,0,0,0,0.0,,,,,
openai,The Skills Portal,1,0,0,1,0,0,0,0,0,0,0.0,,,,,
openai,The South African Depression and Anxiety Group (SADAG),1,0,0,0,0,1,0,0,0,0,0.0,,,,,
openai,The Tax Faculty,1,0,0,0,1,0,0,0,0,0,0.0,,,,,
openai,Think Ahead Education Solutions,1,0,0,0,0,1,0,0,0,0,0.0,,,,,
openai,Trust Immigration,1,0,0,0,0,0,0,0,1,0,0.0,,,,,
openai,Turnaround 360,1,0,0,1,0,0,0,0,0,0,0.0,,,,,
openai,Turnaround Strategies,1,0,0,0,1,0,0,0,0,0,0.0,,,,,
openai,UK Visa Experts,1,0,1,0,0,0,0,0,0,0,0.0,,,,,
openai,VALR,1,0,0,0,1,0,0,0,0,0,0.0,,,,,
openai,Visa & Immigration Services,1,1,0,0,0,0,0,0,0,0,0.0,,,,,
openai,Visa 4 SA,1,0,0,0,0,0,0,1,0,0,0.0,,,,,
openai,Visa Assist,1,0,0,0,0,0,0,0,0,0,1.0,,,,,
openai,Visa Box Immigration,1,0,0,0,1,0,0,0,0,0,0.0,,,,,
openai,Visa Experts,1,0,0,0,0,0,0,0,0,1,0.0,,,,,
openai,Visa First,1,0,1,0,0,0,0,0,0,0,0.0,,,,,
openai,Visa HQ,1,1,0,0,0,0,0,0,0,0,0.0,,,,,
openai,Visa House,1,0,1,0,0,0,0,0,0,0,0.0,,,,,
openai,Visa and Immigration,1,0,0,0,0,0,0,0,1,0,0.0,,,,,
openai,Visa and Immigration Services (VISA),1,1,0,0,0,0,0,0,0,0,0.0,,,,,
openai,Visa and Immigration Solutions,1,0,0,0,0,0,0,0,1,0,0.0,,,,,
openai,Visa and Migration,1,1,0,0,0,0,0,0,0,0,0.0,,,,,
openai,VisaBox Africa,1,1,0,0,0,0,0,0,0,0,0.0,,,,,
openai,VisaConnect,1,1,0,0,0,0,0,0,0,0,0.0,,,,,
openai,VisaHQ,1,0,0,0,1,0,0,0,0,0,0.0,,,,,
openai,VisaPlace,1,1,0,0,0,0,0,0,0,0,0.0,,,,,
openai,Visas Direct,1,0,1,0,0,0,0,0,0,0,0.0,,,,,
openai,Visas Zone,1,0,0,1,0,0,0,0,0,0,0.0,,,,,
openai,Visas4SouthAfrica,1,0,0,0,0,0,0,1,0,0,0.0,,,,,
openai,Volunteer Abroad,1,0,0,1,0,0,0,0,0,0,0.0,,,,,
openai,Volunteer South Africa,1,1,0,0,0,0,0,0,0,0,0.0,,,,,
openai,Volunteer Southern Africa,1,1,0,0,0,0,0,0,0,0,0.0,,,,,
openai,Work Visa Bureau,1,0,0,0,0,0,0,1,0,0,0.0,,,,,
openai,Work Visa Lawyers,1,0,1,0,0,0,0,0,0,0,0.0,,,,,
openai,Work Visa Services,1,0,0,0,0,0,1,0,0,0,0.0,,,,,
openai,Xero Tax,1,0,0,1,0,0,0,0,0,0,0.0,,,,,
openai,iVisa,1,0,0,0,0,0,0,0,0,0,1.0,,,,,
