Model,brand,total,rank_1,rank_2,rank_3,rank_4,rank_5,rank_6,rank_7,rank_8,rank_9,rank_10,rank_11,rank_12,rank_13,rank_14,rank_15
claude-3-5-sonnet-20241022,Intergate Immigration,129,76,19,11,8,4,4.0,3.0,3.0,1.0,0.0,0.0,0.0,0.0,0.0,0.0
claude-3-5-sonnet-20241022,IBN Immigration Solutions,108,2,33,41,12,5,6.0,3.0,2.0,2.0,2.0,0.0,0.0,0.0,0.0,0.0
claude-3-5-sonnet-20241022,Immigration South Africa,104,3,29,9,24,16,11.0,7.0,4.0,0.0,1.0,0.0,0.0,0.0,0.0,0.0
claude-3-5-sonnet-20241022,XpatWeb,89,7,3,21,16,14,9.0,4.0,9.0,4.0,2.0,0.0,0.0,0.0,0.0,0.0
claude-3-5-sonnet-20241022,Tax Consulting South Africa,70,46,13,1,3,4,2.0,1.0,0.0,0.0,0.0,0.0,0.0,0.0,0.0,0.0
claude-3-5-sonnet-20241022,Mazars South Africa,59,2,14,3,7,4,8.0,6.0,3.0,7.0,5.0,0.0,0.0,0.0,0.0,0.0
claude-3-5-sonnet-20241022,Le Roux Attorneys,57,0,1,4,5,9,11.0,9.0,8.0,6.0,4.0,0.0,0.0,0.0,0.0,0.0
claude-3-5-sonnet-20241022,Eisenberg & Associates,56,3,1,1,4,4,11.0,11.0,9.0,7.0,5.0,0.0,0.0,0.0,0.0,0.0
claude-3-5-sonnet-20241022,Immigration Solutions,56,0,3,2,2,3,5.0,7.0,9.0,7.0,18.0,0.0,0.0,0.0,0.0,0.0
claude-3-5-sonnet-20241022,PWC South Africa,46,9,0,7,8,5,4.0,5.0,2.0,3.0,3.0,0.0,0.0,0.0,0.0,0.0
claude-3-5-sonnet-20241022,Global Migration,44,0,0,0,0,1,7.0,12.0,6.0,6.0,12.0,0.0,0.0,0.0,0.0,0.0
claude-3-5-sonnet-20241022,KPMG South Africa,40,0,9,0,6,6,4.0,3.0,3.0,5.0,3.0,1.0,0.0,0.0,0.0,0.0
claude-3-5-sonnet-20241022,Tax Shop,36,0,1,11,7,3,2.0,4.0,5.0,2.0,1.0,0.0,0.0,0.0,0.0,0.0
claude-3-5-sonnet-20241022,Black Pen Immigration,33,0,0,0,5,3,3.0,7.0,4.0,9.0,2.0,0.0,0.0,0.0,0.0,0.0
claude-3-5-sonnet-20241022,Deloitte South Africa,33,0,0,7,2,4,7.0,1.0,4.0,3.0,4.0,0.0,1.0,0.0,0.0,0.0
claude-3-5-sonnet-20241022,Move Up,30,7,0,2,2,1,0.0,4.0,6.0,4.0,4.0,0.0,0.0,0.0,0.0,0.0
claude-3-5-sonnet-20241022,BDO South Africa,28,0,0,0,0,3,4.0,4.0,8.0,2.0,6.0,0.0,1.0,0.0,0.0,0.0
claude-3-5-sonnet-20241022,Grant Thornton South Africa,28,0,0,0,0,5,1.0,3.0,4.0,8.0,7.0,0.0,0.0,0.0,0.0,0.0
claude-3-5-sonnet-20241022,Visa Solutions South Africa,27,0,6,10,3,6,1.0,0.0,0.0,0.0,1.0,0.0,0.0,0.0,0.0,0.0
claude-3-5-sonnet-20241022,PKF South Africa,26,0,0,0,6,5,4.0,1.0,5.0,3.0,2.0,0.0,0.0,0.0,0.0,0.0
claude-3-5-sonnet-20241022,Expatriate Law,25,0,0,0,2,3,6.0,4.0,0.0,4.0,6.0,0.0,0.0,0.0,0.0,0.0
claude-3-5-sonnet-20241022,Visa Solutions,24,0,4,3,3,3,3.0,3.0,2.0,1.0,2.0,0.0,0.0,0.0,0.0,0.0
claude-3-5-sonnet-20241022,SA Migration International,23,0,1,0,1,1,4.0,5.0,3.0,3.0,5.0,0.0,0.0,0.0,0.0,0.0
claude-3-5-sonnet-20241022,TaxTim,19,0,1,2,4,3,2.0,4.0,0.0,3.0,0.0,0.0,0.0,0.0,0.0,0.0
claude-3-5-sonnet-20241022,Pathways Immigration,18,1,0,1,4,7,1.0,2.0,1.0,1.0,0.0,0.0,0.0,0.0,0.0,0.0
claude-3-5-sonnet-20241022,Hobbs Sinclair,17,0,0,1,2,3,2.0,3.0,2.0,1.0,3.0,0.0,0.0,0.0,0.0,0.0
claude-3-5-sonnet-20241022,VFS Global,17,2,0,0,0,2,0.0,1.0,1.0,8.0,3.0,0.0,0.0,0.0,0.0,0.0
claude-3-5-sonnet-20241022,Pathways,16,0,0,0,0,2,2.0,2.0,2.0,2.0,6.0,0.0,0.0,0.0,0.0,0.0
claude-3-5-sonnet-20241022,Visa One International,16,0,1,4,5,4,0.0,1.0,0.0,1.0,0.0,0.0,0.0,0.0,0.0,0.0
claude-3-5-sonnet-20241022,Pathway Visas,15,0,0,0,0,4,1.0,1.0,1.0,4.0,4.0,0.0,0.0,0.0,0.0,0.0
claude-3-5-sonnet-20241022,Sable International,13,1,0,4,1,1,2.0,3.0,1.0,0.0,0.0,0.0,0.0,0.0,0.0,0.0
claude-3-5-sonnet-20241022,Visa Direct,13,0,5,1,3,1,1.0,0.0,0.0,1.0,1.0,0.0,0.0,0.0,0.0,0.0
claude-3-5-sonnet-20241022,Visa Hub,12,0,1,3,2,2,2.0,1.0,0.0,0.0,1.0,0.0,0.0,0.0,0.0,0.0
claude-3-5-sonnet-20241022,Financial Emigration,11,0,0,2,1,0,0.0,1.0,4.0,2.0,1.0,0.0,0.0,0.0,0.0,0.0
claude-3-5-sonnet-20241022,ProTax,11,0,0,2,5,2,0.0,2.0,0.0,0.0,0.0,0.0,0.0,0.0,0.0,0.0
claude-3-5-sonnet-20241022,Tax Leaders,11,0,0,0,0,2,3.0,3.0,0.0,1.0,1.0,1.0,0.0,0.0,0.0,0.0
claude-3-5-sonnet-20241022,EY South Africa,10,0,0,1,1,0,2.0,0.0,0.0,2.0,3.0,0.0,0.0,1.0,0.0,0.0
claude-3-5-sonnet-20241022,RSM South Africa,10,0,0,2,0,0,0.0,2.0,2.0,2.0,2.0,0.0,0.0,0.0,0.0,0.0
claude-3-5-sonnet-20241022,Remata Tax and Accounting Services,10,0,4,1,0,0,1.0,1.0,2.0,0.0,1.0,0.0,0.0,0.0,0.0,0.0
claude-3-5-sonnet-20241022,SA Migration,10,0,0,0,0,1,2.0,2.0,4.0,1.0,0.0,0.0,0.0,0.0,0.0,0.0
claude-3-5-sonnet-20241022,Tax Partners,10,0,0,0,0,2,0.0,3.0,3.0,0.0,2.0,0.0,0.0,0.0,0.0,0.0
claude-3-5-sonnet-20241022,AJM Tax,8,1,0,5,0,0,0.0,0.0,1.0,0.0,1.0,0.0,0.0,0.0,0.0,0.0
claude-3-5-sonnet-20241022,Global Migration SA,7,0,0,0,1,0,1.0,1.0,2.0,2.0,0.0,0.0,0.0,0.0,0.0,0.0
claude-3-5-sonnet-20241022,Integritax,7,0,0,1,0,0,0.0,1.0,0.0,2.0,3.0,0.0,0.0,0.0,0.0,0.0
claude-3-5-sonnet-20241022,MDR Tax Solutions,7,0,1,0,4,1,1.0,0.0,0.0,0.0,0.0,0.0,0.0,0.0,0.0,0.0
claude-3-5-sonnet-20241022,SA Visa,7,1,0,0,1,1,2.0,1.0,0.0,0.0,1.0,0.0,0.0,0.0,0.0,0.0
claude-3-5-sonnet-20241022,South African Visa,7,0,0,0,0,0,1.0,1.0,2.0,1.0,2.0,0.0,0.0,0.0,0.0,0.0
claude-3-5-sonnet-20241022,Immigration SA,6,0,0,0,0,0,0.0,2.0,4.0,0.0,0.0,0.0,0.0,0.0,0.0,0.0
claude-3-5-sonnet-20241022,MDH Accounting,6,0,0,2,1,3,0.0,0.0,0.0,0.0,0.0,0.0,0.0,0.0,0.0,0.0
claude-3-5-sonnet-20241022,Tax Risk Management Services,6,0,1,4,0,0,1.0,0.0,0.0,0.0,0.0,0.0,0.0,0.0,0.0,0.0
claude-3-5-sonnet-20241022,Visalogix,6,4,1,1,0,0,0.0,0.0,0.0,0.0,0.0,0.0,0.0,0.0,0.0,0.0
claude-3-5-sonnet-20241022,AltCoinTrader Tax,5,4,0,0,0,0,0.0,0.0,1.0,0.0,0.0,0.0,0.0,0.0,0.0,0.0
claude-3-5-sonnet-20241022,Crypto Tax,5,0,3,1,1,0,0.0,0.0,0.0,0.0,0.0,0.0,0.0,0.0,0.0,0.0
claude-3-5-sonnet-20241022,Immigration.sa,5,0,0,0,0,1,0.0,0.0,1.0,2.0,1.0,0.0,0.0,0.0,0.0,0.0
claude-3-5-sonnet-20241022,Migrate to South Africa,5,0,0,0,0,1,0.0,0.0,1.0,2.0,1.0,0.0,0.0,0.0,0.0,0.0
claude-3-5-sonnet-20241022,Passport South Africa,5,0,0,0,0,1,2.0,2.0,0.0,0.0,0.0,0.0,0.0,0.0,0.0,0.0
claude-3-5-sonnet-20241022,Schindlers Attorneys,5,0,0,0,0,1,0.0,3.0,0.0,1.0,0.0,0.0,0.0,0.0,0.0,0.0
claude-3-5-sonnet-20241022,Tax Consulting SA,5,1,1,1,0,0,1.0,1.0,0.0,0.0,0.0,0.0,0.0,0.0,0.0,0.0
claude-3-5-sonnet-20241022,Work Permit South Africa,5,0,0,0,0,0,0.0,0.0,2.0,3.0,0.0,0.0,0.0,0.0,0.0,0.0
claude-3-5-sonnet-20241022,AltCoinTrader,4,3,0,1,0,0,0.0,0.0,0.0,0.0,0.0,0.0,0.0,0.0,0.0,0.0
claude-3-5-sonnet-20241022,Exceed Tax and Advisory Services,4,1,0,0,1,0,0.0,0.0,0.0,0.0,1.0,0.0,0.0,1.0,0.0,0.0
claude-3-5-sonnet-20241022,Expatriate Solutions,4,0,0,0,0,0,1.0,2.0,0.0,0.0,1.0,0.0,0.0,0.0,0.0,0.0
claude-3-5-sonnet-20241022,Permits SA,4,0,0,0,0,0,1.0,0.0,1.0,1.0,1.0,0.0,0.0,0.0,0.0,0.0
claude-3-5-sonnet-20241022,Pro Tax,4,0,0,0,1,1,2.0,0.0,0.0,0.0,0.0,0.0,0.0,0.0,0.0,0.0
claude-3-5-sonnet-20241022,Rand Rescue,4,0,0,1,0,1,0.0,0.0,0.0,1.0,1.0,0.0,0.0,0.0,0.0,0.0
claude-3-5-sonnet-20241022,Tax Debt Solutions,4,2,0,0,0,0,0.0,0.0,0.0,1.0,1.0,0.0,0.0,0.0,0.0,0.0
claude-3-5-sonnet-20241022,AF Immigration,3,0,0,0,0,0,1.0,0.0,1.0,1.0,0.0,0.0,0.0,0.0,0.0,0.0
claude-3-5-sonnet-20241022,CryptoTaxAfrica,3,0,0,0,1,0,0.0,1.0,1.0,0.0,0.0,0.0,0.0,0.0,0.0,0.0
claude-3-5-sonnet-20241022,Exchange4Free,3,0,0,0,0,0,0.0,2.0,0.0,0.0,0.0,0.0,0.0,1.0,0.0,0.0
claude-3-5-sonnet-20241022,Immigration Nation,3,0,0,0,1,0,0.0,0.0,0.0,1.0,1.0,0.0,0.0,0.0,0.0,0.0
claude-3-5-sonnet-20241022,Mazars,3,2,0,0,0,1,0.0,0.0,0.0,0.0,0.0,0.0,0.0,0.0,0.0,0.0
claude-3-5-sonnet-20241022,Migrate Me,3,0,0,0,0,0,2.0,0.0,1.0,0.0,0.0,0.0,0.0,0.0,0.0,0.0
claude-3-5-sonnet-20241022,Octagon Financial Solutions,3,0,0,0,0,0,1.0,0.0,0.0,1.0,1.0,0.0,0.0,0.0,0.0,0.0
claude-3-5-sonnet-20241022,Status Immigration,3,0,0,0,0,0,0.0,0.0,1.0,1.0,1.0,0.0,0.0,0.0,0.0,0.0
claude-3-5-sonnet-20241022,Tax Rescue,3,0,2,0,0,0,0.0,0.0,0.0,0.0,1.0,0.0,0.0,0.0,0.0,0.0
claude-3-5-sonnet-20241022,TaxLab,3,0,0,0,0,1,1.0,0.0,1.0,0.0,0.0,0.0,0.0,0.0,0.0,0.0
claude-3-5-sonnet-20241022,TaxLawHome,3,0,0,0,0,0,2.0,0.0,1.0,0.0,0.0,0.0,0.0,0.0,0.0,0.0
claude-3-5-sonnet-20241022,TaxShop,3,0,0,1,0,0,1.0,1.0,0.0,0.0,0.0,0.0,0.0,0.0,0.0,0.0
claude-3-5-sonnet-20241022,AG Immigration,2,0,0,0,0,0,1.0,1.0,0.0,0.0,0.0,0.0,0.0,0.0,0.0,0.0
claude-3-5-sonnet-20241022,Alexander Forbes,2,0,1,0,0,0,0.0,0.0,0.0,1.0,0.0,0.0,0.0,0.0,0.0,0.0
claude-3-5-sonnet-20241022,Allan Gray,2,0,0,0,0,1,0.0,0.0,0.0,1.0,0.0,0.0,0.0,0.0,0.0,0.0
claude-3-5-sonnet-20241022,Auditproof,2,0,0,0,0,0,0.0,1.0,0.0,0.0,1.0,0.0,0.0,0.0,0.0,0.0
claude-3-5-sonnet-20241022,Baker Tilly South Africa,2,0,0,0,0,0,0.0,1.0,1.0,0.0,0.0,0.0,0.0,0.0,0.0,0.0
claude-3-5-sonnet-20241022,Bidvest Bank,2,0,0,0,0,0,1.0,0.0,0.0,0.0,0.0,1.0,0.0,0.0,0.0,0.0
claude-3-5-sonnet-20241022,Capital Migrations,2,0,0,0,0,1,0.0,0.0,0.0,0.0,1.0,0.0,0.0,0.0,0.0,0.0
claude-3-5-sonnet-20241022,Discovery,2,0,0,0,1,1,0.0,0.0,0.0,0.0,0.0,0.0,0.0,0.0,0.0,0.0
claude-3-5-sonnet-20241022,ENSafrica,2,0,0,0,0,0,0.0,1.0,0.0,0.0,1.0,0.0,0.0,0.0,0.0,0.0
claude-3-5-sonnet-20241022,Expatriate Tax Solutions,2,0,1,0,0,0,1.0,0.0,0.0,0.0,0.0,0.0,0.0,0.0,0.0,0.0
claude-3-5-sonnet-20241022,FX Capital,2,0,0,0,0,0,0.0,0.0,0.0,0.0,1.0,0.0,0.0,0.0,0.0,1.0
claude-3-5-sonnet-20241022,Galbraith | Rushby,2,0,0,0,0,0,0.0,0.0,0.0,0.0,2.0,0.0,0.0,0.0,0.0,0.0
claude-3-5-sonnet-20241022,IMCOSA Immigration,2,0,0,0,0,1,0.0,0.0,1.0,0.0,0.0,0.0,0.0,0.0,0.0,0.0
claude-3-5-sonnet-20241022,Immigration Direct,2,0,0,0,0,0,0.0,0.0,0.0,1.0,1.0,0.0,0.0,0.0,0.0,0.0
claude-3-5-sonnet-20241022,Immigration Direct SA,2,0,0,0,1,0,0.0,0.0,0.0,0.0,1.0,0.0,0.0,0.0,0.0,0.0
claude-3-5-sonnet-20241022,Immigration Law South Africa,2,1,0,0,0,0,0.0,0.0,1.0,0.0,0.0,0.0,0.0,0.0,0.0,0.0
claude-3-5-sonnet-20241022,Incompass Financial Solutions,2,0,0,0,0,0,0.0,0.0,1.0,1.0,0.0,0.0,0.0,0.0,0.0,0.0
claude-3-5-sonnet-20241022,Incompass Forex,2,0,0,0,0,0,0.0,0.0,0.0,0.0,1.0,0.0,1.0,0.0,0.0,0.0
claude-3-5-sonnet-20241022,Incompass Tax,2,0,0,0,0,0,0.0,0.0,0.0,1.0,1.0,0.0,0.0,0.0,0.0,0.0
claude-3-5-sonnet-20241022,KPMG South Africa Immigration Services (,2,0,0,0,0,0,0.0,1.0,0.0,0.0,1.0,0.0,0.0,0.0,0.0,0.0
claude-3-5-sonnet-20241022,Momentum,2,0,0,0,0,0,2.0,0.0,0.0,0.0,0.0,0.0,0.0,0.0,0.0,0.0
claude-3-5-sonnet-20241022,Old Mutual,2,1,1,0,0,0,0.0,0.0,0.0,0.0,0.0,0.0,0.0,0.0,0.0,0.0
claude-3-5-sonnet-20241022,PSG Wealth,2,0,0,0,0,0,0.0,2.0,0.0,0.0,0.0,0.0,0.0,0.0,0.0,0.0
claude-3-5-sonnet-20241022,Passport People,2,0,0,0,0,0,0.0,1.0,0.0,1.0,0.0,0.0,0.0,0.0,0.0,0.0
claude-3-5-sonnet-20241022,Probity Advisory,2,0,0,0,0,0,0.0,0.0,0.0,0.0,2.0,0.0,0.0,0.0,0.0,0.0
claude-3-5-sonnet-20241022,Remata Gateway,2,0,0,1,0,0,1.0,0.0,0.0,0.0,0.0,0.0,0.0,0.0,0.0,0.0
claude-3-5-sonnet-20241022,Remedio Tax,2,0,0,0,0,0,0.0,1.0,0.0,0.0,1.0,0.0,0.0,0.0,0.0,0.0
claude-3-5-sonnet-20241022,Resolve Immigration,2,0,0,0,0,0,2.0,0.0,0.0,0.0,0.0,0.0,0.0,0.0,0.0,0.0
claude-3-5-sonnet-20241022,SARS Consulting,2,0,0,0,0,1,1.0,0.0,0.0,0.0,0.0,0.0,0.0,0.0,0.0,0.0
claude-3-5-sonnet-20241022,SARS Liaison,2,0,0,0,0,0,1.0,0.0,0.0,1.0,0.0,0.0,0.0,0.0,0.0,0.0
claude-3-5-sonnet-20241022,Sanlam,2,1,0,1,0,0,0.0,0.0,0.0,0.0,0.0,0.0,0.0,0.0,0.0,0.0
claude-3-5-sonnet-20241022,Status Solutions SA,2,1,0,1,0,0,0.0,0.0,0.0,0.0,0.0,0.0,0.0,0.0,0.0,0.0
claude-3-5-sonnet-20241022,Tax Resolution Services,2,0,0,0,2,0,0.0,0.0,0.0,0.0,0.0,0.0,0.0,0.0,0.0,0.0
claude-3-5-sonnet-20241022,TaxManSA,2,0,0,0,0,0,0.0,1.0,1.0,0.0,0.0,0.0,0.0,0.0,0.0,0.0
claude-3-5-sonnet-20241022,VFS Global South Africa,2,0,0,0,0,0,0.0,0.0,1.0,1.0,0.0,0.0,0.0,0.0,0.0,0.0
claude-3-5-sonnet-20241022,VKTA Immigration,2,0,0,0,0,1,0.0,1.0,0.0,0.0,0.0,0.0,0.0,0.0,0.0,0.0
claude-3-5-sonnet-20241022,Visa First,2,0,1,1,0,0,0.0,0.0,0.0,0.0,0.0,0.0,0.0,0.0,0.0,0.0
claude-3-5-sonnet-20241022,ABSA Bank,1,0,0,1,0,0,0.0,0.0,0.0,0.0,0.0,0.0,0.0,0.0,0.0,0.0
claude-3-5-sonnet-20241022,AF Legal,1,0,0,0,0,0,0.0,0.0,0.0,1.0,0.0,0.0,0.0,0.0,0.0,0.0
claude-3-5-sonnet-20241022,AFIS Immigration,1,0,0,0,0,1,0.0,0.0,0.0,0.0,0.0,0.0,0.0,0.0,0.0,0.0
claude-3-5-sonnet-20241022,AFRI Consultants,1,0,0,0,0,1,0.0,0.0,0.0,0.0,0.0,0.0,0.0,0.0,0.0,0.0
claude-3-5-sonnet-20241022,AltCoinTrader Tax Services,1,0,0,0,0,0,0.0,0.0,1.0,0.0,0.0,0.0,0.0,0.0,0.0,0.0
claude-3-5-sonnet-20241022,AltCrypto Tax,1,0,0,0,0,0,1.0,0.0,0.0,0.0,0.0,0.0,0.0,0.0,0.0,0.0
claude-3-5-sonnet-20241022,AltCryptoTax,1,0,0,0,0,0,0.0,0.0,1.0,0.0,0.0,0.0,0.0,0.0,0.0,0.0
claude-3-5-sonnet-20241022,AltVest Capital,1,1,0,0,0,0,0.0,0.0,0.0,0.0,0.0,0.0,0.0,0.0,0.0,0.0
claude-3-5-sonnet-20241022,Altax,1,0,0,0,0,0,0.0,0.0,1.0,0.0,0.0,0.0,0.0,0.0,0.0,0.0
claude-3-5-sonnet-20241022,AssessmentWorx,1,0,0,0,0,0,1.0,0.0,0.0,0.0,0.0,0.0,0.0,0.0,0.0,0.0
claude-3-5-sonnet-20241022,AuditLink,1,0,0,0,0,0,0.0,1.0,0.0,0.0,0.0,0.0,0.0,0.0,0.0,0.0
claude-3-5-sonnet-20241022,Auditware,1,0,0,0,0,0,0.0,0.0,1.0,0.0,0.0,0.0,0.0,0.0,0.0,0.0
claude-3-5-sonnet-20241022,BDO Business Restructuring,1,0,0,0,0,0,0.0,0.0,1.0,0.0,0.0,0.0,0.0,0.0,0.0,0.0
claude-3-5-sonnet-20241022,BIOSS SA,1,0,0,1,0,0,0.0,0.0,0.0,0.0,0.0,0.0,0.0,0.0,0.0,0.0
claude-3-5-sonnet-20241022,Baker Tilly,1,0,0,0,0,0,0.0,0.0,1.0,0.0,0.0,0.0,0.0,0.0,0.0,0.0
claude-3-5-sonnet-20241022,Barnard Inc,1,0,0,0,0,0,0.0,0.0,0.0,1.0,0.0,0.0,0.0,0.0,0.0,0.0
claude-3-5-sonnet-20241022,C-Tax,1,0,0,0,0,0,0.0,0.0,0.0,1.0,0.0,0.0,0.0,0.0,0.0,0.0
claude-3-5-sonnet-20241022,CIBT visas,1,0,0,0,0,0,0.0,0.0,1.0,0.0,0.0,0.0,0.0,0.0,0.0,0.0
claude-3-5-sonnet-20241022,CS Immigration Consultants,1,0,0,0,0,0,0.0,0.0,1.0,0.0,0.0,0.0,0.0,0.0,0.0,0.0
claude-3-5-sonnet-20241022,Capital Migration,1,0,0,0,0,0,1.0,0.0,0.0,0.0,0.0,0.0,0.0,0.0,0.0,0.0
claude-3-5-sonnet-20241022,Cashkows,1,1,0,0,0,0,0.0,0.0,0.0,0.0,0.0,0.0,0.0,0.0,0.0,0.0
claude-3-5-sonnet-20241022,Company Partners,1,0,0,1,0,0,0.0,0.0,0.0,0.0,0.0,0.0,0.0,0.0,0.0,0.0
claude-3-5-sonnet-20241022,Company Registration SA,1,0,0,0,1,0,0.0,0.0,0.0,0.0,0.0,0.0,0.0,0.0,0.0,0.0
claude-3-5-sonnet-20241022,Comprehensive Tax Solutions,1,0,0,0,0,0,0.0,0.0,0.0,1.0,0.0,0.0,0.0,0.0,0.0,0.0
claude-3-5-sonnet-20241022,Corporate Accounts Management (CAM),1,1,0,0,0,0,0.0,0.0,0.0,0.0,0.0,0.0,0.0,0.0,0.0,0.0
claude-3-5-sonnet-20241022,Corporate Business Rescue,1,0,0,1,0,0,0.0,0.0,0.0,0.0,0.0,0.0,0.0,0.0,0.0,0.0
claude-3-5-sonnet-20241022,Corporate Relocations Africa,1,0,1,0,0,0,0.0,0.0,0.0,0.0,0.0,0.0,0.0,0.0,0.0,0.0
claude-3-5-sonnet-20241022,Corporate Services South Africa,1,0,0,0,0,1,0.0,0.0,0.0,0.0,0.0,0.0,0.0,0.0,0.0,0.0
claude-3-5-sonnet-20241022,Craig Smith Immigration,1,0,0,0,0,0,0.0,0.0,0.0,1.0,0.0,0.0,0.0,0.0,0.0,0.0
claude-3-5-sonnet-20241022,Crypto Academy,1,0,0,0,0,0,1.0,0.0,0.0,0.0,0.0,0.0,0.0,0.0,0.0,0.0
claude-3-5-sonnet-20241022,Crypto Accounting Solutions,1,0,0,0,0,0,0.0,1.0,0.0,0.0,0.0,0.0,0.0,0.0,0.0,0.0
claude-3-5-sonnet-20241022,Crypto Tax SA,1,0,0,0,0,1,0.0,0.0,0.0,0.0,0.0,0.0,0.0,0.0,0.0,0.0
claude-3-5-sonnet-20241022,Crypto Tax Solutions,1,0,1,0,0,0,0.0,0.0,0.0,0.0,0.0,0.0,0.0,0.0,0.0,0.0
claude-3-5-sonnet-20241022,Cryptotax,1,1,0,0,0,0,0.0,0.0,0.0,0.0,0.0,0.0,0.0,0.0,0.0,0.0
claude-3-5-sonnet-20241022,Currencies Direct,1,0,0,0,0,0,0.0,0.0,1.0,0.0,0.0,0.0,0.0,0.0,0.0,0.0
claude-3-5-sonnet-20241022,Currencies Direct South Africa,1,0,0,0,0,0,0.0,0.0,0.0,0.0,0.0,0.0,0.0,0.0,1.0,0.0
claude-3-5-sonnet-20241022,DM Tax,1,0,0,0,1,0,0.0,0.0,0.0,0.0,0.0,0.0,0.0,0.0,0.0,0.0
claude-3-5-sonnet-20241022,DOH Applications,1,0,1,0,0,0,0.0,0.0,0.0,0.0,0.0,0.0,0.0,0.0,0.0,0.0
claude-3-5-sonnet-20241022,DOH Solutions,1,0,0,0,0,0,1.0,0.0,0.0,0.0,0.0,0.0,0.0,0.0,0.0,0.0
claude-3-5-sonnet-20241022,De Beer Attorneys,1,0,0,0,0,0,1.0,0.0,0.0,0.0,0.0,0.0,0.0,0.0,0.0,0.0
claude-3-5-sonnet-20241022,Deloitte Restructuring Services,1,0,0,0,0,1,0.0,0.0,0.0,0.0,0.0,0.0,0.0,0.0,0.0,0.0
claude-3-5-sonnet-20241022,Dirco Immigration Services,1,0,0,0,0,0,0.0,0.0,0.0,1.0,0.0,0.0,0.0,0.0,0.0,0.0
claude-3-5-sonnet-20241022,Doc Assist,1,1,0,0,0,0,0.0,0.0,0.0,0.0,0.0,0.0,0.0,0.0,0.0,0.0
claude-3-5-sonnet-20241022,Document Assist,1,1,0,0,0,0,0.0,0.0,0.0,0.0,0.0,0.0,0.0,0.0,0.0,0.0
claude-3-5-sonnet-20241022,Du Toit Tax Consulting,1,0,0,0,0,0,0.0,0.0,1.0,0.0,0.0,0.0,0.0,0.0,0.0,0.0
claude-3-5-sonnet-20241022,ENSafrica Tax Department,1,0,0,0,0,0,0.0,0.0,0.0,1.0,0.0,0.0,0.0,0.0,0.0,0.0
claude-3-5-sonnet-20241022,Engaged Business Turnaround,1,0,1,0,0,0,0.0,0.0,0.0,0.0,0.0,0.0,0.0,0.0,0.0,0.0
claude-3-5-sonnet-20241022,Evalex,1,0,0,0,0,0,0.0,0.0,0.0,1.0,0.0,0.0,0.0,0.0,0.0,0.0
claude-3-5-sonnet-20241022,Exceed CA,1,1,0,0,0,0,0.0,0.0,0.0,0.0,0.0,0.0,0.0,0.0,0.0,0.0
claude-3-5-sonnet-20241022,Expat Tax,1,0,0,0,0,0,0.0,1.0,0.0,0.0,0.0,0.0,0.0,0.0,0.0,0.0
claude-3-5-sonnet-20241022,Expatriate Tax Services,1,0,0,0,0,1,0.0,0.0,0.0,0.0,0.0,0.0,0.0,0.0,0.0,0.0
claude-3-5-sonnet-20241022,FNB,1,0,1,0,0,0,0.0,0.0,0.0,0.0,0.0,0.0,0.0,0.0,0.0,0.0
claude-3-5-sonnet-20241022,FinGlobal,1,0,1,0,0,0,0.0,0.0,0.0,0.0,0.0,0.0,0.0,0.0,0.0,0.0
claude-3-5-sonnet-20241022,Fragomen,1,0,1,0,0,0,0.0,0.0,0.0,0.0,0.0,0.0,0.0,0.0,0.0,0.0
claude-3-5-sonnet-20241022,Fragomen Africa,1,0,0,0,0,0,0.0,0.0,1.0,0.0,0.0,0.0,0.0,0.0,0.0,0.0
claude-3-5-sonnet-20241022,Fragomen South Africa,1,0,0,0,0,1,0.0,0.0,0.0,0.0,0.0,0.0,0.0,0.0,0.0,0.0
claude-3-5-sonnet-20241022,Glacier by Sanlam,1,0,0,0,0,0,0.0,0.0,0.0,0.0,1.0,0.0,0.0,0.0,0.0,0.0
claude-3-5-sonnet-20241022,Global Tax Solutions,1,0,0,0,0,0,0.0,0.0,0.0,0.0,1.0,0.0,0.0,0.0,0.0,0.0
claude-3-5-sonnet-20241022,Goldberg & de Villiers Inc,1,0,0,0,1,0,0.0,0.0,0.0,0.0,0.0,0.0,0.0,0.0,0.0,0.0
claude-3-5-sonnet-20241022,Grant Kaplan Immigration,1,0,0,0,0,0,0.0,0.0,0.0,0.0,1.0,0.0,0.0,0.0,0.0,0.0
claude-3-5-sonnet-20241022,Healthcare Licensing Solutions,1,0,0,0,1,0,0.0,0.0,0.0,0.0,0.0,0.0,0.0,0.0,0.0,0.0
claude-3-5-sonnet-20241022,Ice3X,1,0,0,0,0,1,0.0,0.0,0.0,0.0,0.0,0.0,0.0,0.0,0.0,0.0
claude-3-5-sonnet-20241022,Immigration Company SA,1,0,0,0,0,0,0.0,0.0,0.0,0.0,1.0,0.0,0.0,0.0,0.0,0.0
claude-3-5-sonnet-20241022,Immigration Compliance Services,1,0,0,0,0,0,0.0,0.0,0.0,0.0,1.0,0.0,0.0,0.0,0.0,0.0
claude-3-5-sonnet-20241022,Immigration Corp,1,0,0,1,0,0,0.0,0.0,0.0,0.0,0.0,0.0,0.0,0.0,0.0,0.0
claude-3-5-sonnet-20241022,Immigration Corporation Group,1,0,0,0,0,0,0.0,0.0,0.0,0.0,1.0,0.0,0.0,0.0,0.0,0.0
claude-3-5-sonnet-20241022,Immigration Partners,1,0,0,0,0,0,0.0,1.0,0.0,0.0,0.0,0.0,0.0,0.0,0.0,0.0
claude-3-5-sonnet-20241022,Immigration Practice Group,1,0,0,0,0,0,0.0,0.0,0.0,0.0,1.0,0.0,0.0,0.0,0.0,0.0
claude-3-5-sonnet-20241022,Immigration South Africa (ISA) Global,1,0,0,0,0,0,0.0,1.0,0.0,0.0,0.0,0.0,0.0,0.0,0.0,0.0
claude-3-5-sonnet-20241022,Immigration South Africa Group,1,0,0,0,0,0,0.0,1.0,0.0,0.0,0.0,0.0,0.0,0.0,0.0,0.0
claude-3-5-sonnet-20241022,Immigration South Africa Online,1,0,0,0,0,0,0.0,0.0,0.0,1.0,0.0,0.0,0.0,0.0,0.0,0.0
claude-3-5-sonnet-20241022,Immigration South Africa Pro,1,0,0,0,0,0,0.0,0.0,0.0,0.0,1.0,0.0,0.0,0.0,0.0,0.0
claude-3-5-sonnet-20241022,Immigration South Africa Services,1,0,0,0,0,0,0.0,0.0,0.0,0.0,1.0,0.0,0.0,0.0,0.0,0.0
claude-3-5-sonnet-20241022,Immigration South Africa VFS,1,0,0,0,0,0,0.0,0.0,0.0,1.0,0.0,0.0,0.0,0.0,0.0,0.0
claude-3-5-sonnet-20241022,InterGest South Africa,1,0,0,0,1,0,0.0,0.0,0.0,0.0,0.0,0.0,0.0,0.0,0.0,0.0
claude-3-5-sonnet-20241022,InterNations GO!,1,1,0,0,0,0,0.0,0.0,0.0,0.0,0.0,0.0,0.0,0.0,0.0,0.0
claude-3-5-sonnet-20241022,Investec,1,0,0,0,0,0,0.0,0.0,0.0,0.0,1.0,0.0,0.0,0.0,0.0,0.0
claude-3-5-sonnet-20241022,Judin Combrinck Inc,1,0,0,1,0,0,0.0,0.0,0.0,0.0,0.0,0.0,0.0,0.0,0.0,0.0
claude-3-5-sonnet-20241022,KPMG Restructuring,1,0,0,0,0,0,1.0,0.0,0.0,0.0,0.0,0.0,0.0,0.0,0.0,0.0
claude-3-5-sonnet-20241022,KPMG South Africa Immigration (,1,0,0,0,1,0,0.0,0.0,0.0,0.0,0.0,0.0,0.0,0.0,0.0,0.0
claude-3-5-sonnet-20241022,KPMG Tax and Legal,1,0,0,0,0,0,0.0,1.0,0.0,0.0,0.0,0.0,0.0,0.0,0.0,0.0
claude-3-5-sonnet-20241022,LEMASA,1,0,0,0,0,0,0.0,0.0,0.0,0.0,1.0,0.0,0.0,0.0,0.0,0.0
claude-3-5-sonnet-20241022,Legalese,1,0,1,0,0,0,0.0,0.0,0.0,0.0,0.0,0.0,0.0,0.0,0.0,0.0
claude-3-5-sonnet-20241022,Liberty,1,0,0,0,1,0,0.0,0.0,0.0,0.0,0.0,0.0,0.0,0.0,0.0,0.0
claude-3-5-sonnet-20241022,Liberty Life,1,0,0,1,0,0,0.0,0.0,0.0,0.0,0.0,0.0,0.0,0.0,0.0,0.0
claude-3-5-sonnet-20241022,Licence Assist,1,1,0,0,0,0,0.0,0.0,0.0,0.0,0.0,0.0,0.0,0.0,0.0,0.0
claude-3-5-sonnet-20241022,Luno,1,0,0,1,0,0,0.0,0.0,0.0,0.0,0.0,0.0,0.0,0.0,0.0,0.0
claude-3-5-sonnet-20241022,MDH Accountants,1,0,0,0,1,0,0.0,0.0,0.0,0.0,0.0,0.0,0.0,0.0,0.0,0.0
claude-3-5-sonnet-20241022,MDH Accounting Services,1,0,0,1,0,0,0.0,0.0,0.0,0.0,0.0,0.0,0.0,0.0,0.0,0.0
claude-3-5-sonnet-20241022,MDR Corporate Services,1,0,1,0,0,0,0.0,0.0,0.0,0.0,0.0,0.0,0.0,0.0,0.0,0.0
claude-3-5-sonnet-20241022,MDR Tax Consultants,1,0,0,0,0,0,0.0,0.0,1.0,0.0,0.0,0.0,0.0,0.0,0.0,0.0
claude-3-5-sonnet-20241022,MGI Bass Gordon,1,0,0,0,0,0,0.0,0.0,0.0,1.0,0.0,0.0,0.0,0.0,0.0,0.0
claude-3-5-sonnet-20241022,Marwick & Company,1,0,0,0,0,0,0.0,0.0,0.0,0.0,1.0,0.0,0.0,0.0,0.0,0.0
claude-3-5-sonnet-20241022,Mazars Recovery and Restructuring,1,1,0,0,0,0,0.0,0.0,0.0,0.0,0.0,0.0,0.0,0.0,0.0,0.0
claude-3-5-sonnet-20241022,Mazars Tax Consulting,1,0,0,0,0,0,1.0,0.0,0.0,0.0,0.0,0.0,0.0,0.0,0.0,0.0
claude-3-5-sonnet-20241022,MedCore Licensing,1,0,0,1,0,0,0.0,0.0,0.0,0.0,0.0,0.0,0.0,0.0,0.0,0.0
claude-3-5-sonnet-20241022,Merchantec Capital,1,0,0,0,0,0,0.0,0.0,0.0,0.0,1.0,0.0,0.0,0.0,0.0,0.0
claude-3-5-sonnet-20241022,Mercury FX,1,0,0,0,0,0,0.0,0.0,0.0,1.0,0.0,0.0,0.0,0.0,0.0,0.0
claude-3-5-sonnet-20241022,Meredith Harington,1,0,0,0,0,0,0.0,0.0,0.0,1.0,0.0,0.0,0.0,0.0,0.0,0.0
claude-3-5-sonnet-20241022,Meredith Harington Tax Specialists,1,0,0,0,0,1,0.0,0.0,0.0,0.0,0.0,0.0,0.0,0.0,0.0,0.0
claude-3-5-sonnet-20241022,Mindcor Business Solutions,1,0,0,0,0,0,0.0,0.0,0.0,1.0,0.0,0.0,0.0,0.0,0.0,0.0
claude-3-5-sonnet-20241022,Mindworx Assessment Centre,1,0,0,0,1,0,0.0,0.0,0.0,0.0,0.0,0.0,0.0,0.0,0.0,0.0
claude-3-5-sonnet-20241022,Moore South Africa,1,0,0,0,0,0,0.0,0.0,0.0,1.0,0.0,0.0,0.0,0.0,0.0,0.0
claude-3-5-sonnet-20241022,Move Up Immigration,1,0,0,0,0,0,0.0,0.0,0.0,1.0,0.0,0.0,0.0,0.0,0.0,0.0
claude-3-5-sonnet-20241022,Multinet,1,0,0,0,0,0,0.0,0.0,0.0,1.0,0.0,0.0,0.0,0.0,0.0,0.0
claude-3-5-sonnet-20241022,NFB Private Wealth Management,1,0,0,0,0,0,0.0,0.0,1.0,0.0,0.0,0.0,0.0,0.0,0.0,0.0
claude-3-5-sonnet-20241022,Nedbank,1,0,0,0,1,0,0.0,0.0,0.0,0.0,0.0,0.0,0.0,0.0,0.0,0.0
claude-3-5-sonnet-20241022,Ninety One,1,0,0,0,0,0,0.0,0.0,0.0,0.0,1.0,0.0,0.0,0.0,0.0,0.0
claude-3-5-sonnet-20241022,OCTO,1,0,0,0,0,0,0.0,0.0,0.0,1.0,0.0,0.0,0.0,0.0,0.0,0.0
claude-3-5-sonnet-20241022,Octagon Financial Services,1,0,0,0,0,0,1.0,0.0,0.0,0.0,0.0,0.0,0.0,0.0,0.0,0.0
claude-3-5-sonnet-20241022,Octagon Legal,1,0,0,0,0,1,0.0,0.0,0.0,0.0,0.0,0.0,0.0,0.0,0.0,0.0
claude-3-5-sonnet-20241022,Octagon Professional Services,1,0,0,0,0,1,0.0,0.0,0.0,0.0,0.0,0.0,0.0,0.0,0.0,0.0
claude-3-5-sonnet-20241022,Octagon Tax Solutions,1,0,0,0,0,0,0.0,0.0,0.0,0.0,1.0,0.0,0.0,0.0,0.0,0.0
claude-3-5-sonnet-20241022,Omni HR Consulting,1,0,0,0,0,0,0.0,0.0,1.0,0.0,0.0,0.0,0.0,0.0,0.0,0.0
claude-3-5-sonnet-20241022,OptiFin,1,0,0,0,0,1,0.0,0.0,0.0,0.0,0.0,0.0,0.0,0.0,0.0,0.0
claude-3-5-sonnet-20241022,Outsourced CFO,1,0,0,0,0,1,0.0,0.0,0.0,0.0,0.0,0.0,0.0,0.0,0.0,0.0
claude-3-5-sonnet-20241022,PWC Business Recovery Services,1,0,0,0,1,0,0.0,0.0,0.0,0.0,0.0,0.0,0.0,0.0,0.0,0.0
claude-3-5-sonnet-20241022,PWC South Africa Tax Services,1,0,0,0,1,0,0.0,0.0,0.0,0.0,0.0,0.0,0.0,0.0,0.0,0.0
claude-3-5-sonnet-20241022,Passport & Visa Zone,1,0,0,0,0,0,1.0,0.0,0.0,0.0,0.0,0.0,0.0,0.0,0.0,0.0
claude-3-5-sonnet-20241022,Passport Power,1,0,0,0,0,0,0.0,0.0,0.0,0.0,1.0,0.0,0.0,0.0,0.0,0.0
claude-3-5-sonnet-20241022,Paths Global Immigration,1,0,0,0,0,0,1.0,0.0,0.0,0.0,0.0,0.0,0.0,0.0,0.0,0.0
claude-3-5-sonnet-20241022,Paths Immigration,1,0,0,0,0,0,0.0,0.0,1.0,0.0,0.0,0.0,0.0,0.0,0.0,0.0
claude-3-5-sonnet-20241022,Pharma Solutions SA,1,0,0,0,0,1,0.0,0.0,0.0,0.0,0.0,0.0,0.0,0.0,0.0,0.0
claude-3-5-sonnet-20241022,Pro Tax Accounting,1,0,0,0,1,0,0.0,0.0,0.0,0.0,0.0,0.0,0.0,0.0,0.0,0.0
claude-3-5-sonnet-20241022,Psytech SA,1,0,0,0,0,1,0.0,0.0,0.0,0.0,0.0,0.0,0.0,0.0,0.0,0.0
claude-3-5-sonnet-20241022,Regan van Rooy,1,0,0,0,0,0,0.0,0.0,1.0,0.0,0.0,0.0,0.0,0.0,0.0,0.0
claude-3-5-sonnet-20241022,Regulated Migration,1,0,0,0,1,0,0.0,0.0,0.0,0.0,0.0,0.0,0.0,0.0,0.0,0.0
claude-3-5-sonnet-20241022,Remata,1,0,0,1,0,0,0.0,0.0,0.0,0.0,0.0,0.0,0.0,0.0,0.0,0.0
claude-3-5-sonnet-20241022,Remedia Tax and Business Services,1,0,0,1,0,0,0.0,0.0,0.0,0.0,0.0,0.0,0.0,0.0,0.0,0.0
claude-3-5-sonnet-20241022,Remedia Tax and Business Solutions,1,0,0,0,1,0,0.0,0.0,0.0,0.0,0.0,0.0,0.0,0.0,0.0,0.0
claude-3-5-sonnet-20241022,Remneris,1,0,0,0,0,0,0.0,0.0,0.0,0.0,1.0,0.0,0.0,0.0,0.0,0.0
claude-3-5-sonnet-20241022,Remuneration Consultants,1,0,0,0,0,0,0.0,0.0,1.0,0.0,0.0,0.0,0.0,0.0,0.0,0.0
claude-3-5-sonnet-20241022,SA Study,1,0,0,0,1,0,0.0,0.0,0.0,0.0,0.0,0.0,0.0,0.0,0.0,0.0
claude-3-5-sonnet-20241022,SA Tax Solutions,1,0,0,0,0,0,0.0,0.0,0.0,1.0,0.0,0.0,0.0,0.0,0.0,0.0
claude-3-5-sonnet-20241022,SAFCOIN,1,0,0,0,0,0,0.0,1.0,0.0,0.0,0.0,0.0,0.0,0.0,0.0,0.0
claude-3-5-sonnet-20241022,SARS Legal,1,0,0,0,0,0,0.0,0.0,0.0,1.0,0.0,0.0,0.0,0.0,0.0,0.0
claude-3-5-sonnet-20241022,SARS Tax Practitioners,1,0,0,0,0,0,1.0,0.0,0.0,0.0,0.0,0.0,0.0,0.0,0.0,0.0
claude-3-5-sonnet-20241022,SHL South Africa,1,0,0,0,0,0,0.0,1.0,0.0,0.0,0.0,0.0,0.0,0.0,0.0,0.0
claude-3-5-sonnet-20241022,Southern Star Immigration,1,0,0,0,0,0,0.0,0.0,0.0,0.0,1.0,0.0,0.0,0.0,0.0,0.0
claude-3-5-sonnet-20241022,Sovereign Group,1,0,0,0,0,0,1.0,0.0,0.0,0.0,0.0,0.0,0.0,0.0,0.0,0.0
claude-3-5-sonnet-20241022,Standard Bank,1,1,0,0,0,0,0.0,0.0,0.0,0.0,0.0,0.0,0.0,0.0,0.0,0.0
claude-3-5-sonnet-20241022,Status Migration,1,0,0,0,0,0,0.0,0.0,0.0,1.0,0.0,0.0,0.0,0.0,0.0,0.0
claude-3-5-sonnet-20241022,Stratasat,1,0,0,0,0,0,0.0,0.0,0.0,1.0,0.0,0.0,0.0,0.0,0.0,0.0
claude-3-5-sonnet-20241022,Tax Attorney,1,0,0,1,0,0,0.0,0.0,0.0,0.0,0.0,0.0,0.0,0.0,0.0,0.0
claude-3-5-sonnet-20241022,Tax Genius,1,0,0,0,0,0,0.0,0.0,1.0,0.0,0.0,0.0,0.0,0.0,0.0,0.0
claude-3-5-sonnet-20241022,Tax Law Home,1,0,1,0,0,0,0.0,0.0,0.0,0.0,0.0,0.0,0.0,0.0,0.0,0.0
claude-3-5-sonnet-20241022,Tax Matrix,1,0,0,0,0,0,0.0,0.0,0.0,1.0,0.0,0.0,0.0,0.0,0.0,0.0
claude-3-5-sonnet-20241022,Tax Resolve,1,0,0,0,0,0,0.0,0.0,1.0,0.0,0.0,0.0,0.0,0.0,0.0,0.0
claude-3-5-sonnet-20241022,Tax Shop Consulting,1,0,0,1,0,0,0.0,0.0,0.0,0.0,0.0,0.0,0.0,0.0,0.0,0.0
claude-3-5-sonnet-20241022,Tax Solutions South Africa,1,0,0,0,0,0,0.0,0.0,1.0,0.0,0.0,0.0,0.0,0.0,0.0,0.0
claude-3-5-sonnet-20241022,TaxAssist,1,0,1,0,0,0,0.0,0.0,0.0,0.0,0.0,0.0,0.0,0.0,0.0,0.0
claude-3-5-sonnet-20241022,TaxCrypto,1,0,0,0,0,0,0.0,0.0,1.0,0.0,0.0,0.0,0.0,0.0,0.0,0.0
claude-3-5-sonnet-20241022,TaxLawHouse,1,0,0,0,0,0,0.0,1.0,0.0,0.0,0.0,0.0,0.0,0.0,0.0,0.0
claude-3-5-sonnet-20241022,TaxMatters,1,0,0,0,0,0,0.0,0.0,1.0,0.0,0.0,0.0,0.0,0.0,0.0,0.0
claude-3-5-sonnet-20241022,TaxProAfrica,1,0,0,0,0,1,0.0,0.0,0.0,0.0,0.0,0.0,0.0,0.0,0.0,0.0
claude-3-5-sonnet-20241022,TaxRisk,1,0,1,0,0,0,0.0,0.0,0.0,0.0,0.0,0.0,0.0,0.0,0.0,0.0
claude-3-5-sonnet-20241022,TaxWorx,1,0,0,0,0,0,0.0,0.0,0.0,1.0,0.0,0.0,0.0,0.0,0.0,0.0
claude-3-5-sonnet-20241022,Turnkey Tax Solutions,1,0,0,0,0,0,0.0,0.0,0.0,0.0,1.0,0.0,0.0,0.0,0.0,0.0
claude-3-5-sonnet-20241022,UK Visa & Immigration,1,0,0,0,0,0,0.0,0.0,1.0,0.0,0.0,0.0,0.0,0.0,0.0,0.0
claude-3-5-sonnet-20241022,VALR,1,0,1,0,0,0,0.0,0.0,0.0,0.0,0.0,0.0,0.0,0.0,0.0,0.0
claude-3-5-sonnet-20241022,VDMA,1,0,0,0,0,0,0.0,0.0,0.0,0.0,1.0,0.0,0.0,0.0,0.0,0.0
claude-3-5-sonnet-20241022,VFS Global (Service Partner),1,0,0,0,0,0,0.0,0.0,0.0,1.0,0.0,0.0,0.0,0.0,0.0,0.0
claude-3-5-sonnet-20241022,VISA Pro,1,0,0,0,0,0,0.0,1.0,0.0,0.0,0.0,0.0,0.0,0.0,0.0,0.0
claude-3-5-sonnet-20241022,Visa & Immigration Consulting,1,0,0,1,0,0,0.0,0.0,0.0,0.0,0.0,0.0,0.0,0.0,0.0,0.0
claude-3-5-sonnet-20241022,Visa & Immigration Experts SA,1,0,0,0,1,0,0.0,0.0,0.0,0.0,0.0,0.0,0.0,0.0,0.0,0.0
claude-3-5-sonnet-20241022,Visa & Permit Solutions,1,0,0,0,0,0,0.0,0.0,1.0,0.0,0.0,0.0,0.0,0.0,0.0,0.0
claude-3-5-sonnet-20241022,Visa Box,1,1,0,0,0,0,0.0,0.0,0.0,0.0,0.0,0.0,0.0,0.0,0.0,0.0
claude-3-5-sonnet-20241022,Visa Business Services,1,0,0,0,0,0,0.0,0.0,1.0,0.0,0.0,0.0,0.0,0.0,0.0,0.0
claude-3-5-sonnet-20241022,Visa Connect,1,0,0,0,0,0,0.0,0.0,0.0,1.0,0.0,0.0,0.0,0.0,0.0,0.0
claude-3-5-sonnet-20241022,Visa Logistics,1,0,1,0,0,0,0.0,0.0,0.0,0.0,0.0,0.0,0.0,0.0,0.0,0.0
claude-3-5-sonnet-20241022,Visa Plan Immigration,1,0,0,0,0,1,0.0,0.0,0.0,0.0,0.0,0.0,0.0,0.0,0.0,0.0
claude-3-5-sonnet-20241022,Visaserve,1,0,0,0,1,0,0.0,0.0,0.0,0.0,0.0,0.0,0.0,0.0,0.0,0.0
claude-3-5-sonnet-20241022,Webber Wentzel Tax Practice,1,0,0,0,0,0,0.0,0.0,0.0,0.0,1.0,0.0,0.0,0.0,0.0,0.0
claude-3-5-sonnet-20241022,Whipping The Cat,1,0,0,0,0,0,0.0,1.0,0.0,0.0,0.0,0.0,0.0,0.0,0.0,0.0
claude-3-5-sonnet-20241022,XPat,1,1,0,0,0,0,0.0,0.0,0.0,0.0,0.0,0.0,0.0,0.0,0.0,0.0
claude-3-5-sonnet-20241022,XpatWeb Tax Services,1,0,0,0,0,0,0.0,1.0,0.0,0.0,0.0,0.0,0.0,0.0,0.0,0.0
deepseek-chat,Intergate Immigration:,106,82,13,11,0,0,0.0,0.0,0.0,0.0,0.0,,,,,
deepseek-chat,Immigration South Africa:,99,1,67,21,8,2,0.0,0.0,0.0,0.0,0.0,,,,,
deepseek-chat,Sable International,86,9,22,26,12,15,2.0,0.0,0.0,0.0,0.0,,,,,
deepseek-chat,Tax Consulting South Africa,46,38,1,3,0,0,1.0,0.0,0.0,1.0,2.0,,,,,
deepseek-chat,BDO South Africa,43,5,0,7,11,12,6.0,1.0,1.0,0.0,0.0,,,,,
deepseek-chat,Xpatweb,42,13,4,22,1,2,0.0,0.0,0.0,0.0,0.0,,,,,
deepseek-chat,KPMG South Africa,37,3,6,5,3,11,3.0,2.0,2.0,2.0,0.0,,,,,
deepseek-chat,IBN Immigration Solutions:,35,0,0,7,14,14,0.0,0.0,0.0,0.0,0.0,,,,,
deepseek-chat,Deloitte South Africa,31,0,3,6,4,1,4.0,5.0,6.0,1.0,1.0,,,,,
deepseek-chat,ENSafrica,31,11,3,0,1,5,2.0,7.0,1.0,0.0,1.0,,,,,
deepseek-chat,Nova Immigration,28,0,0,3,17,7,1.0,0.0,0.0,0.0,0.0,,,,,
deepseek-chat,PwC South Africa,24,0,1,2,3,3,8.0,5.0,2.0,0.0,0.0,,,,,
deepseek-chat,Mazars,22,2,6,7,2,3,1.0,1.0,0.0,0.0,0.0,,,,,
deepseek-chat,Webber Wentzel,22,0,10,2,1,2,2.0,2.0,3.0,0.0,0.0,,,,,
deepseek-chat,Mazars South Africa,16,4,0,0,1,0,7.0,0.0,2.0,1.0,1.0,,,,,
deepseek-chat,EY South Africa,14,0,0,1,1,0,2.0,5.0,3.0,0.0,2.0,,,,,
deepseek-chat,PricewaterhouseCoopers (PwC) South Africa,14,4,3,1,1,2,1.0,0.0,0.0,2.0,0.0,,,,,
deepseek-chat,Cliffe Dekker Hofmeyr,12,0,0,3,5,0,1.0,0.0,2.0,1.0,0.0,,,,,
deepseek-chat,STC Immigration:,11,0,0,1,2,7,0.0,1.0,0.0,0.0,0.0,,,,,
deepseek-chat,AJS Group,10,0,3,1,4,2,0.0,0.0,0.0,0.0,0.0,,,,,
deepseek-chat,Bowmans,8,0,1,7,0,0,0.0,0.0,0.0,0.0,0.0,,,,,
deepseek-chat,PKF,8,0,0,0,2,4,1.0,0.0,1.0,0.0,0.0,,,,,
deepseek-chat,SPS Immigration Specialists,7,0,0,0,4,3,0.0,0.0,0.0,0.0,0.0,,,,,
deepseek-chat,ATA Tax Consultants,6,0,4,0,1,1,0.0,0.0,0.0,0.0,0.0,,,,,
deepseek-chat,Ernst & Young (EY) South Africa,6,0,0,0,6,0,0.0,0.0,0.0,0.0,0.0,,,,,
deepseek-chat,SIA Legal & Associates:,6,0,0,0,5,1,0.0,0.0,0.0,0.0,0.0,,,,,
deepseek-chat,SPS Immigration,6,0,0,0,1,5,0.0,0.0,0.0,0.0,0.0,,,,,
deepseek-chat,SSA Global,6,0,0,0,6,0,0.0,0.0,0.0,0.0,0.0,,,,,
deepseek-chat,Saffas Abroad,6,0,0,0,1,5,0.0,0.0,0.0,0.0,0.0,,,,,
deepseek-chat,Sovereign Trust,6,0,5,0,0,0,0.0,1.0,0.0,0.0,0.0,,,,,
deepseek-chat,Apex Tax Solutions:,5,0,0,3,1,0,0.0,0.0,0.0,1.0,0.0,,,,,
deepseek-chat,Expat Tax South Africa:,5,0,0,1,3,1,0.0,0.0,0.0,0.0,0.0,,,,,
deepseek-chat,The Tax Shop,5,0,0,4,1,0,0.0,0.0,0.0,0.0,0.0,,,,,
deepseek-chat,Visa Logistics:,5,5,0,0,0,0,0.0,0.0,0.0,0.0,0.0,,,,,
deepseek-chat,ATAX,4,0,0,3,0,0,0.0,0.0,0.0,1.0,0.0,,,,,
deepseek-chat,SBN Immigration:,4,0,0,1,0,2,1.0,0.0,0.0,0.0,0.0,,,,,
deepseek-chat,SNG Grant Thornton,4,0,1,0,0,0,1.0,1.0,1.0,0.0,0.0,,,,,
deepseek-chat,Saffery Trust South Africa,4,0,1,2,0,0,0.0,0.0,1.0,0.0,0.0,,,,,
deepseek-chat,Sage,4,0,4,0,0,0,0.0,0.0,0.0,0.0,0.0,,,,,
deepseek-chat,Sygnia:,4,0,0,0,0,0,0.0,1.0,3.0,0.0,0.0,,,,,
deepseek-chat,Tax Consulting South Africa (TCSA),4,4,0,0,0,0,0.0,0.0,0.0,0.0,0.0,,,,,
deepseek-chat,TaxTim,4,2,1,1,0,0,0.0,0.0,0.0,0.0,0.0,,,,,
deepseek-chat,Visa First South Africa:,4,0,0,2,1,1,0.0,0.0,0.0,0.0,0.0,,,,,
deepseek-chat,Werksmans Attorneys,4,1,0,0,0,3,0.0,0.0,0.0,0.0,0.0,,,,,
deepseek-chat,A Tax Practitioner,3,0,0,0,1,2,0.0,0.0,0.0,0.0,0.0,,,,,
deepseek-chat,AJM Tax:,3,0,3,0,0,0,0.0,0.0,0.0,0.0,0.0,,,,,
deepseek-chat,Alexander Forbes:,3,1,0,2,0,0,0.0,0.0,0.0,0.0,0.0,,,,,
deepseek-chat,Allan Gray:,3,0,2,0,0,1,0.0,0.0,0.0,0.0,0.0,,,,,
deepseek-chat,Apex Tax Consultants,3,0,1,2,0,0,0.0,0.0,0.0,0.0,0.0,,,,,
deepseek-chat,Intergate Emigration,3,3,0,0,0,0,0.0,0.0,0.0,0.0,0.0,,,,,
deepseek-chat,Liberty:,3,0,0,0,0,0,1.0,1.0,1.0,0.0,0.0,,,,,
deepseek-chat,Mazars in South Africa,3,0,0,0,0,0,3.0,0.0,0.0,0.0,0.0,,,,,
deepseek-chat,Momentum:,3,0,0,0,0,1,1.0,0.0,0.0,0.0,1.0,,,,,
deepseek-chat,Old Mutual:,3,0,0,1,2,0,0.0,0.0,0.0,0.0,0.0,,,,,
deepseek-chat,SAAAC:,3,0,1,1,0,1,0.0,0.0,0.0,0.0,0.0,,,,,
deepseek-chat,STC Immigration Consultants,3,0,0,1,1,1,0.0,0.0,0.0,0.0,0.0,,,,,
deepseek-chat,Saffron Financial,3,0,0,0,1,2,0.0,0.0,0.0,0.0,0.0,,,,,
deepseek-chat,Sanlam:,3,0,0,0,1,1,0.0,0.0,0.0,1.0,0.0,,,,,
deepseek-chat,Sars eFiling,3,0,0,3,0,0,0.0,0.0,0.0,0.0,0.0,,,,,
deepseek-chat,SarsTax,3,0,1,2,0,0,0.0,0.0,0.0,0.0,0.0,,,,,
deepseek-chat,Sovereign Trust SA:,3,0,1,2,0,0,0.0,0.0,0.0,0.0,0.0,,,,,
deepseek-chat,10X Investments:,2,1,0,0,0,0,1.0,0.0,0.0,0.0,0.0,,,,,
deepseek-chat,Avenant Attorneys,2,0,0,0,2,0,0.0,0.0,0.0,0.0,0.0,,,,,
deepseek-chat,Cape Town Immigration Consultants,2,0,0,0,0,2,0.0,0.0,0.0,0.0,0.0,,,,,
deepseek-chat,Cape Town Visa,2,0,0,1,0,1,0.0,0.0,0.0,0.0,0.0,,,,,
deepseek-chat,Caveat Legal,2,0,0,2,0,0,0.0,0.0,0.0,0.0,0.0,,,,,
deepseek-chat,Citadel Wealth Management:,2,0,0,0,1,0,0.0,0.0,0.0,0.0,1.0,,,,,
deepseek-chat,Expat Tax,2,0,0,0,2,0,0.0,0.0,0.0,0.0,0.0,,,,,
deepseek-chat,FinGlobal,2,0,1,1,0,0,0.0,0.0,0.0,0.0,0.0,,,,,
deepseek-chat,First National Bank (FNB),2,0,2,0,0,0,0.0,0.0,0.0,0.0,0.0,,,,,
deepseek-chat,Hobbs Sinclair,2,0,0,0,1,0,0.0,0.0,1.0,0.0,0.0,,,,,
deepseek-chat,KISCH IP:,2,0,0,0,1,1,0.0,0.0,0.0,0.0,0.0,,,,,
deepseek-chat,MDA Attorneys,2,0,1,0,1,0,0.0,0.0,0.0,0.0,0.0,,,,,
deepseek-chat,Maitland,2,0,0,0,0,1,0.0,0.0,0.0,1.0,0.0,,,,,
deepseek-chat,Mercer South Africa:,2,0,0,0,0,0,0.0,0.0,1.0,1.0,0.0,,,,,
deepseek-chat,Nedbank,2,0,0,0,2,0,0.0,0.0,0.0,0.0,0.0,,,,,
deepseek-chat,Newland Chase:,2,0,2,0,0,0,0.0,0.0,0.0,0.0,0.0,,,,,
deepseek-chat,Newtons:,2,0,2,0,0,0,0.0,0.0,0.0,0.0,0.0,,,,,
deepseek-chat,Ninety One,2,0,0,0,0,0,1.0,1.0,0.0,0.0,0.0,,,,,
deepseek-chat,SA Tax Guide,2,0,1,0,1,0,0.0,0.0,0.0,0.0,0.0,,,,,
deepseek-chat,SARS Debt Assist,2,0,0,1,1,0,0.0,0.0,0.0,0.0,0.0,,,,,
deepseek-chat,SIA,2,0,0,1,0,0,1.0,0.0,0.0,0.0,0.0,,,,,
deepseek-chat,SIA Legal,2,0,0,2,0,0,0.0,0.0,0.0,0.0,0.0,,,,,
deepseek-chat,SPS International:,2,0,0,0,1,1,0.0,0.0,0.0,0.0,0.0,,,,,
deepseek-chat,SSA Consultants:,2,0,0,0,2,0,0.0,0.0,0.0,0.0,0.0,,,,,
deepseek-chat,STBB,2,0,0,0,1,1,0.0,0.0,0.0,0.0,0.0,,,,,
deepseek-chat,SVA Tax,2,0,0,0,2,0,0.0,0.0,0.0,0.0,0.0,,,,,
deepseek-chat,SVA Tax Consultants,2,0,0,0,1,1,0.0,0.0,0.0,0.0,0.0,,,,,
deepseek-chat,Saffas Immigration:,2,0,0,0,1,1,0.0,0.0,0.0,0.0,0.0,,,,,
deepseek-chat,Saffery Trust,2,0,0,0,0,0,0.0,1.0,1.0,0.0,0.0,,,,,
deepseek-chat,Sars Crypto Tax,2,0,0,0,2,0,0.0,0.0,0.0,0.0,0.0,,,,,
deepseek-chat,Sincere Immigration Services:,2,0,0,0,0,2,0.0,0.0,0.0,0.0,0.0,,,,,
deepseek-chat,Siverview Immigration,2,0,0,0,0,1,1.0,0.0,0.0,0.0,0.0,,,,,
deepseek-chat,Skills Portal:,2,0,1,1,0,0,0.0,0.0,0.0,0.0,0.0,,,,,
deepseek-chat,Skills Universe:,2,0,0,0,1,1,0.0,0.0,0.0,0.0,0.0,,,,,
deepseek-chat,Standard Bank South Africa,2,2,0,0,0,0,0.0,0.0,0.0,0.0,0.0,,,,,
deepseek-chat,TLScontact,2,0,2,0,0,0,0.0,0.0,0.0,0.0,0.0,,,,,
deepseek-chat,The Skills Academy:,2,0,0,1,1,0,0.0,0.0,0.0,0.0,0.0,,,,,
deepseek-chat,VFS Global,2,2,0,0,0,0,0.0,0.0,0.0,0.0,0.0,,,,,
deepseek-chat,1st Move International,1,0,0,1,0,0,0.0,0.0,0.0,0.0,0.0,,,,,
deepseek-chat,A S Attorneys:,1,0,0,0,0,0,0.0,1.0,0.0,0.0,0.0,,,,,
deepseek-chat,A-Z Tax Consultants,1,0,0,0,0,0,0.0,0.0,0.0,0.0,1.0,,,,,
deepseek-chat,A. R. Z. Tax Consultants,1,0,0,0,0,0,1.0,0.0,0.0,0.0,0.0,,,,,
deepseek-chat,A.J. van der Watt Inc.,1,0,0,0,0,0,0.0,1.0,0.0,0.0,0.0,,,,,
deepseek-chat,A4E Tax Specialists,1,0,0,0,0,1,0.0,0.0,0.0,0.0,0.0,,,,,
deepseek-chat,AJM Tax Consultants,1,0,0,0,0,0,0.0,0.0,0.0,0.0,1.0,,,,,
deepseek-chat,ATA Tax,1,0,1,0,0,0,0.0,0.0,0.0,0.0,0.0,,,,,
deepseek-chat,ATA Tax Specialists:,1,0,1,0,0,0,0.0,0.0,0.0,0.0,0.0,,,,,
deepseek-chat,Aardvark Accounting,1,0,0,0,0,0,0.0,0.0,1.0,0.0,0.0,,,,,
deepseek-chat,Absa,1,0,0,1,0,0,0.0,0.0,0.0,0.0,0.0,,,,,
deepseek-chat,Absa Bank South Africa,1,0,0,1,0,0,0.0,0.0,0.0,0.0,0.0,,,,,
deepseek-chat,Akeso Clinics:,1,0,0,0,0,0,1.0,0.0,0.0,0.0,0.0,,,,,
deepseek-chat,Allan Gray Proprietary Limited:,1,0,0,0,0,0,0.0,0.0,1.0,0.0,0.0,,,,,
deepseek-chat,Anderson Tax & Consulting,1,0,0,0,0,1,0.0,0.0,0.0,0.0,0.0,,,,,
deepseek-chat,Aucor Tax Specialists,1,0,0,0,1,0,0.0,0.0,0.0,0.0,0.0,,,,,
deepseek-chat,Avenant & Co,1,0,0,0,1,0,0.0,0.0,0.0,0.0,0.0,,,,,
deepseek-chat,Awex,1,0,0,0,0,0,1.0,0.0,0.0,0.0,0.0,,,,,
deepseek-chat,Axiom McMahon Tax Consultant,1,0,0,0,0,1,0.0,0.0,0.0,0.0,0.0,,,,,
deepseek-chat,BCR Associates,1,0,1,0,0,0,0.0,0.0,0.0,0.0,0.0,,,,,
deepseek-chat,BIC,1,0,0,0,0,1,0.0,0.0,0.0,0.0,0.0,,,,,
deepseek-chat,Baker McKenzie South Africa,1,0,0,0,0,0,0.0,0.0,1.0,0.0,0.0,,,,,
deepseek-chat,Bannister Trust:,1,0,0,0,0,0,1.0,0.0,0.0,0.0,0.0,,,,,
deepseek-chat,Bowmans Law:,1,0,0,0,1,0,0.0,0.0,0.0,0.0,0.0,,,,,
deepseek-chat,Brenthurst Wealth:,1,0,0,1,0,0,0.0,0.0,0.0,0.0,0.0,,,,,
deepseek-chat,Cape Town Psychology:,1,0,0,0,0,0,0.0,0.0,0.0,1.0,0.0,,,,,
deepseek-chat,Capitec Bank,1,0,0,0,0,0,1.0,0.0,0.0,0.0,0.0,,,,,
deepseek-chat,Citadel,1,0,0,0,0,0,1.0,0.0,0.0,0.0,0.0,,,,,
deepseek-chat,Coronation,1,0,0,0,0,0,0.0,0.0,0.0,1.0,0.0,,,,,
deepseek-chat,Crossfin Consulting,1,0,0,1,0,0,0.0,0.0,0.0,0.0,0.0,,,,,
deepseek-chat,Discovery Limited:,1,0,0,0,0,0,0.0,0.0,0.0,0.0,1.0,,,,,
deepseek-chat,EY (Ernst & Young) South Africa,1,0,0,1,0,0,0.0,0.0,0.0,0.0,0.0,,,,,
deepseek-chat,Exchange4Africa,1,1,0,0,0,0,0.0,0.0,0.0,0.0,0.0,,,,,
deepseek-chat,Financial Emigration South Africa,1,0,0,0,1,0,0.0,0.0,0.0,0.0,0.0,,,,,
deepseek-chat,Fluxmans:,1,0,0,0,0,1,0.0,0.0,0.0,0.0,0.0,,,,,
deepseek-chat,Glacier by Sanlam,1,0,0,0,0,0,0.0,0.0,0.0,0.0,1.0,,,,,
deepseek-chat,Grant Thornton,1,0,0,0,0,1,0.0,0.0,0.0,0.0,0.0,,,,,
deepseek-chat,ICA,1,0,0,1,0,0,0.0,0.0,0.0,0.0,0.0,,,,,
deepseek-chat,IPA Immigration:,1,0,0,1,0,0,0.0,0.0,0.0,0.0,0.0,,,,,
deepseek-chat,Immigration Direct South Africa,1,1,0,0,0,0,0.0,0.0,0.0,0.0,0.0,,,,,
deepseek-chat,Immigroup South Africa,1,0,0,1,0,0,0.0,0.0,0.0,0.0,0.0,,,,,
deepseek-chat,Intergate Visas,1,0,1,0,0,0,0.0,0.0,0.0,0.0,0.0,,,,,
deepseek-chat,Investec,1,0,0,0,0,1,0.0,0.0,0.0,0.0,0.0,,,,,
deepseek-chat,Investec Bank Limited:,1,0,1,0,0,0,0.0,0.0,0.0,0.0,0.0,,,,,
deepseek-chat,Investec Bank South Africa,1,0,0,0,0,1,0.0,0.0,0.0,0.0,0.0,,,,,
deepseek-chat,KGRN Co.:,1,0,0,0,1,0,0.0,0.0,0.0,0.0,0.0,,,,,
deepseek-chat,KIA Immigration,1,0,0,0,0,1,0.0,0.0,0.0,0.0,0.0,,,,,
deepseek-chat,KPG:,1,0,0,0,0,0,0.0,1.0,0.0,0.0,0.0,,,,,
deepseek-chat,Kena Media:,1,0,0,1,0,0,0.0,0.0,0.0,0.0,0.0,,,,,
deepseek-chat,Kenaope Business Solutions:,1,0,0,1,0,0,0.0,0.0,0.0,0.0,0.0,,,,,
deepseek-chat,Kesh Group:,1,0,0,0,0,0,1.0,0.0,0.0,0.0,0.0,,,,,
deepseek-chat,Kreston S.A. (Kreston SA):,1,0,0,0,1,0,0.0,0.0,0.0,0.0,0.0,,,,,
deepseek-chat,Lawtons Africa:,1,0,0,0,0,1,0.0,0.0,0.0,0.0,0.0,,,,,
deepseek-chat,Luno:,1,1,0,0,0,0,0.0,0.0,0.0,0.0,0.0,,,,,
deepseek-chat,MDA Immigration:,1,0,0,0,0,1,0.0,0.0,0.0,0.0,0.0,,,,,
deepseek-chat,Mercantile Bank,1,0,0,0,0,0,1.0,0.0,0.0,0.0,0.0,,,,,
deepseek-chat,Migrate With B,1,0,0,1,0,0,0.0,0.0,0.0,0.0,0.0,,,,,
deepseek-chat,Migrate With Q:,1,0,0,0,1,0,0.0,0.0,0.0,0.0,0.0,,,,,
deepseek-chat,Moore South Africa:,1,0,1,0,0,0,0.0,0.0,0.0,0.0,0.0,,,,,
deepseek-chat,Moore:,1,0,1,0,0,0,0.0,0.0,0.0,0.0,0.0,,,,,
deepseek-chat,My Therapy Room:,1,0,0,0,0,1,0.0,0.0,0.0,0.0,0.0,,,,,
deepseek-chat,NFB Wealth Management:,1,0,0,0,0,1,0.0,0.0,0.0,0.0,0.0,,,,,
deepseek-chat,NMG Benefits:,1,1,0,0,0,0,0.0,0.0,0.0,0.0,0.0,,,,,
deepseek-chat,Nedbank Limited:,1,0,0,0,0,1,0.0,0.0,0.0,0.0,0.0,,,,,
deepseek-chat,Neurodiversity Centre:,1,0,0,0,1,0,0.0,0.0,0.0,0.0,0.0,,,,,
deepseek-chat,Newtons Immigration:,1,0,1,0,0,0,0.0,0.0,0.0,0.0,0.0,,,,,
deepseek-chat,Norton Rose Fulbright South Africa:,1,0,0,0,0,0,1.0,0.0,0.0,0.0,0.0,,,,,
deepseek-chat,Old Mutual Limited:,1,0,0,0,0,0,0.0,1.0,0.0,0.0,0.0,,,,,
deepseek-chat,PKF South Africa,1,0,0,0,1,0,0.0,0.0,0.0,0.0,0.0,,,,,
deepseek-chat,PsychMatters Family Centre:,1,0,1,0,0,0,0.0,0.0,0.0,0.0,0.0,,,,,
deepseek-chat,Revix:,1,0,1,0,0,0,0.0,0.0,0.0,0.0,0.0,,,,,
deepseek-chat,SA Crypto Tax,1,0,0,1,0,0,0.0,0.0,0.0,0.0,0.0,,,,,
deepseek-chat,SA Emigration,1,0,0,0,0,1,0.0,0.0,0.0,0.0,0.0,,,,,
deepseek-chat,SA Tax Practice,1,0,0,0,1,0,0.0,0.0,0.0,0.0,0.0,,,,,
deepseek-chat,SA Tax Professionals,1,0,1,0,0,0,0.0,0.0,0.0,0.0,0.0,,,,,
deepseek-chat,SA Tax Specialists:,1,0,0,0,0,1,0.0,0.0,0.0,0.0,0.0,,,,,
deepseek-chat,SAB&T,1,0,0,0,1,0,0.0,0.0,0.0,0.0,0.0,,,,,
deepseek-chat,SBS Forex,1,0,0,0,1,0,0.0,0.0,0.0,0.0,0.0,,,,,
deepseek-chat,SCA Consultants:,1,0,0,0,1,0,0.0,0.0,0.0,0.0,0.0,,,,,
deepseek-chat,SERR Synergy,1,0,0,0,0,1,0.0,0.0,0.0,0.0,0.0,,,,,
deepseek-chat,SRI Immigration,1,0,0,0,0,1,0.0,0.0,0.0,0.0,0.0,,,,,
deepseek-chat,STB Visas:,1,0,0,1,0,0,0.0,0.0,0.0,0.0,0.0,,,,,
deepseek-chat,STC,1,0,0,0,1,0,0.0,0.0,0.0,0.0,0.0,,,,,
deepseek-chat,STC Visa,1,0,0,1,0,0,0.0,0.0,0.0,0.0,0.0,,,,,
deepseek-chat,STC Visa Solutions,1,0,0,0,0,1,0.0,0.0,0.0,0.0,0.0,,,,,
deepseek-chat,SVA Forex,1,0,0,1,0,0,0.0,0.0,0.0,0.0,0.0,,,,,
deepseek-chat,SVA International:,1,0,0,0,0,1,0.0,0.0,0.0,0.0,0.0,,,,,
deepseek-chat,Sable Trust,1,0,0,0,1,0,0.0,0.0,0.0,0.0,0.0,,,,,
deepseek-chat,Saffery,1,0,1,0,0,0,0.0,0.0,0.0,0.0,0.0,,,,,
deepseek-chat,Saffery Champness,1,0,0,1,0,0,0.0,0.0,0.0,0.0,0.0,,,,,
deepseek-chat,Saffery Trust (South Africa) Pty Ltd,1,0,0,1,0,0,0.0,0.0,0.0,0.0,0.0,,,,,
deepseek-chat,Saffreys,1,0,0,0,1,0,0.0,0.0,0.0,0.0,0.0,,,,,
deepseek-chat,Sanlam Personal Finance:,1,0,0,0,0,0,1.0,0.0,0.0,0.0,0.0,,,,,
deepseek-chat,SarsFiling,1,0,0,1,0,0,0.0,0.0,0.0,0.0,0.0,,,,,
deepseek-chat,SarsTaxDebt.co.za,1,0,0,0,0,0,0.0,1.0,0.0,0.0,0.0,,,,,
deepseek-chat,SarsTaxFiling.co.za,1,0,0,1,0,0,0.0,0.0,0.0,0.0,0.0,,,,,
deepseek-chat,Scoinify,1,0,0,1,0,0,0.0,0.0,0.0,0.0,0.0,,,,,
deepseek-chat,Sebata Group:,1,0,0,0,0,1,0.0,0.0,0.0,0.0,0.0,,,,,
deepseek-chat,Shepstone & Wylie:,1,0,0,0,0,0,0.0,0.0,1.0,0.0,0.0,,,,,
deepseek-chat,Sincere Immigration,1,0,0,0,1,0,0.0,0.0,0.0,0.0,0.0,,,,,
deepseek-chat,Sivervest Migration,1,0,0,0,0,1,0.0,0.0,0.0,0.0,0.0,,,,,
deepseek-chat,Skills Dynamics:,1,0,1,0,0,0,0.0,0.0,0.0,0.0,0.0,,,,,
deepseek-chat,Sloane & Co. Immigration Attorneys,1,0,0,0,0,1,0.0,0.0,0.0,0.0,0.0,,,,,
deepseek-chat,Smit & Van Wyk Attorneys,1,0,0,0,1,0,0.0,0.0,0.0,0.0,0.0,,,,,
deepseek-chat,Sovereign Trust (SA) Ltd,1,0,1,0,0,0,0.0,0.0,0.0,0.0,0.0,,,,,
deepseek-chat,Sovereign Trust South Africa,1,0,0,0,0,0,0.0,0.0,1.0,0.0,0.0,,,,,
deepseek-chat,Sovereign Wealth,1,0,1,0,0,0,0.0,0.0,0.0,0.0,0.0,,,,,
deepseek-chat,Standard Bank,1,1,0,0,0,0,0.0,0.0,0.0,0.0,0.0,,,,,
deepseek-chat,Suren Forex,1,0,0,0,0,1,0.0,0.0,0.0,0.0,0.0,,,,,
deepseek-chat,Sygnia Asset Management:,1,0,0,0,0,0,0.0,0.0,0.0,1.0,0.0,,,,,
deepseek-chat,Tara Hospital:,1,0,0,0,0,0,0.0,0.0,1.0,0.0,0.0,,,,,
deepseek-chat,Tax Consulting SA,1,1,0,0,0,0,0.0,0.0,0.0,0.0,0.0,,,,,
deepseek-chat,Tax Samaritan,1,0,0,0,0,1,0.0,0.0,0.0,0.0,0.0,,,,,
deepseek-chat,Tax Shark,1,0,0,0,1,0,0.0,0.0,0.0,0.0,0.0,,,,,
deepseek-chat,The Bridge Centre for Psychosocial Support:,1,0,0,0,0,0,0.0,1.0,0.0,0.0,0.0,,,,,
deepseek-chat,The British Immigration Advice Service,1,0,0,0,1,0,0.0,0.0,0.0,0.0,0.0,,,,,
deepseek-chat,The Counselling Hub:,1,0,0,1,0,0,0.0,0.0,0.0,0.0,0.0,,,,,
deepseek-chat,Travel Visa Pro,1,0,0,0,1,0,0.0,0.0,0.0,0.0,0.0,,,,,
deepseek-chat,Visa Connection,1,0,1,0,0,0,0.0,0.0,0.0,0.0,0.0,,,,,
deepseek-chat,Visa Facilitation Services (VFS Global),1,1,0,0,0,0,0.0,0.0,0.0,0.0,0.0,,,,,
deepseek-chat,Visa Facilitation Services (VFS):,1,0,0,0,1,0,0.0,0.0,0.0,0.0,0.0,,,,,
deepseek-chat,Visa First:,1,0,1,0,0,0,0.0,0.0,0.0,0.0,0.0,,,,,
deepseek-chat,VisaPro South Africa,1,1,0,0,0,0,0.0,0.0,0.0,0.0,0.0,,,,,
deepseek-chat,VisaThru,1,0,0,0,0,1,0.0,0.0,0.0,0.0,0.0,,,,,
gemini-2.5-flash,Black Pen Immigration:,97,50,36,10,1,0,0.0,0.0,0.0,0.0,0.0,0.0,0.0,,,
gemini-2.5-flash,Intergate Immigration,59,24,9,13,8,5,0.0,0.0,0.0,0.0,0.0,0.0,0.0,,,
gemini-2.5-flash,**PwC South Africa**:,49,20,5,5,12,3,1.0,2.0,0.0,1.0,0.0,0.0,0.0,,,
gemini-2.5-flash,**Sable International:**,43,2,13,9,11,5,2.0,1.0,0.0,0.0,0.0,0.0,0.0,,,
gemini-2.5-flash,**Tax Consulting SA:**,41,33,2,0,0,3,1.0,2.0,0.0,0.0,0.0,0.0,0.0,,,
gemini-2.5-flash,**Deloitte South Africa**:,40,1,20,2,5,7,2.0,1.0,1.0,0.0,1.0,0.0,0.0,,,
gemini-2.5-flash,Xpatweb:,40,2,3,10,9,8,8.0,0.0,0.0,0.0,0.0,0.0,0.0,,,
gemini-2.5-flash,**BDO South Africa**:,38,0,4,11,4,14,2.0,3.0,0.0,0.0,0.0,0.0,0.0,,,
gemini-2.5-flash,**KPMG South Africa**:,31,0,0,2,18,4,3.0,2.0,1.0,0.0,0.0,1.0,0.0,,,
gemini-2.5-flash,**EY South Africa**:,27,0,0,19,2,4,0.0,0.0,0.0,1.0,0.0,0.0,1.0,,,
gemini-2.5-flash,SA Migration International:,23,1,1,7,10,3,1.0,0.0,0.0,0.0,0.0,0.0,0.0,,,
gemini-2.5-flash,Global Migration SA:,21,2,1,8,5,3,1.0,0.0,0.0,1.0,0.0,0.0,0.0,,,
gemini-2.5-flash,Mazars South Africa:,20,0,3,4,2,2,6.0,1.0,2.0,0.0,0.0,0.0,0.0,,,
gemini-2.5-flash,New World Immigration:,19,1,3,0,7,8,0.0,0.0,0.0,0.0,0.0,0.0,0.0,,,
gemini-2.5-flash,Ibn Immigration Solutions:,17,0,3,0,8,4,2.0,0.0,0.0,0.0,0.0,0.0,0.0,,,
gemini-2.5-flash,**ENSafrica:**,14,6,0,2,2,1,2.0,1.0,0.0,0.0,0.0,0.0,0.0,,,
gemini-2.5-flash,Immigration South Africa,14,1,8,2,3,0,0.0,0.0,0.0,0.0,0.0,0.0,0.0,,,
gemini-2.5-flash,Move Up Immigration,13,0,4,3,1,5,0.0,0.0,0.0,0.0,0.0,0.0,0.0,,,
gemini-2.5-flash,**Le Roux Attorneys**:,12,0,2,4,2,3,0.0,1.0,0.0,0.0,0.0,0.0,0.0,,,
gemini-2.5-flash,Immigration South Africa (ISA):,12,5,4,2,0,1,0.0,0.0,0.0,0.0,0.0,0.0,0.0,,,
gemini-2.5-flash,Breytenbachs Immigration Consultants:,9,2,2,3,2,0,0.0,0.0,0.0,0.0,0.0,0.0,0.0,,,
gemini-2.5-flash,Grant Thornton South Africa:,9,0,0,0,2,0,2.0,3.0,2.0,0.0,0.0,0.0,0.0,,,
gemini-2.5-flash,IBN Business & Immigration Solutions:,9,1,1,3,1,2,1.0,0.0,0.0,0.0,0.0,0.0,0.0,,,
gemini-2.5-flash,Fragomen:,8,2,1,1,0,4,0.0,0.0,0.0,0.0,0.0,0.0,0.0,,,
gemini-2.5-flash,**Bowmans**,5,0,4,0,0,0,0.0,0.0,0.0,1.0,0.0,0.0,0.0,,,
gemini-2.5-flash,Webber Wentzel:,5,0,0,1,1,2,0.0,0.0,1.0,0.0,0.0,0.0,0.0,,,
gemini-2.5-flash,Werksmans Attorneys:,5,0,0,3,0,1,1.0,0.0,0.0,0.0,0.0,0.0,0.0,,,
gemini-2.5-flash,**Pathfinder Immigration:**,4,0,0,0,1,3,0.0,0.0,0.0,0.0,0.0,0.0,0.0,,,
gemini-2.5-flash,IBN Consulting:,4,0,0,1,2,0,0.0,1.0,0.0,0.0,0.0,0.0,0.0,,,
gemini-2.5-flash,Le Roux Attorneys Inc:,4,0,1,2,1,0,0.0,0.0,0.0,0.0,0.0,0.0,0.0,,,
gemini-2.5-flash,Move Up:,4,0,0,0,1,2,1.0,0.0,0.0,0.0,0.0,0.0,0.0,,,
gemini-2.5-flash,TaxTim:,4,1,2,1,0,0,0.0,0.0,0.0,0.0,0.0,0.0,0.0,,,
gemini-2.5-flash,**Allan Gray:**,3,0,0,0,1,2,0.0,0.0,0.0,0.0,0.0,0.0,0.0,,,
gemini-2.5-flash,**Fragomen South Africa**,3,0,0,0,1,2,0.0,0.0,0.0,0.0,0.0,0.0,0.0,,,
gemini-2.5-flash,**Investec:**,3,0,1,0,0,1,1.0,0.0,0.0,0.0,0.0,0.0,0.0,,,
gemini-2.5-flash,**Liberty:**,3,0,1,1,1,0,0.0,0.0,0.0,0.0,0.0,0.0,0.0,,,
gemini-2.5-flash,**Old Mutual Wealth**,3,0,0,0,1,1,0.0,1.0,0.0,0.0,0.0,0.0,0.0,,,
gemini-2.5-flash,**Old Mutual:**,3,3,0,0,0,0,0.0,0.0,0.0,0.0,0.0,0.0,0.0,,,
gemini-2.5-flash,**PSG Wealth**,3,0,0,0,0,1,1.0,1.0,0.0,0.0,0.0,0.0,0.0,,,
gemini-2.5-flash,**Sanlam:**,3,0,2,1,0,0,0.0,0.0,0.0,0.0,0.0,0.0,0.0,,,
gemini-2.5-flash,Brenthurst Wealth Management:,3,0,0,0,0,1,2.0,0.0,0.0,0.0,0.0,0.0,0.0,,,
gemini-2.5-flash,Global Migration:,3,0,0,0,2,1,0.0,0.0,0.0,0.0,0.0,0.0,0.0,,,
gemini-2.5-flash,IMCOSA,3,0,2,1,0,0,0.0,0.0,0.0,0.0,0.0,0.0,0.0,,,
gemini-2.5-flash,Immigration Direct South Africa:,3,0,0,0,0,2,1.0,0.0,0.0,0.0,0.0,0.0,0.0,,,
gemini-2.5-flash,Standard Bank:,3,1,1,1,0,0,0.0,0.0,0.0,0.0,0.0,0.0,0.0,,,
gemini-2.5-flash,The Tax Shop:,3,0,1,1,1,0,0.0,0.0,0.0,0.0,0.0,0.0,0.0,,,
gemini-2.5-flash,Visa Logistics:,3,0,0,0,2,1,0.0,0.0,0.0,0.0,0.0,0.0,0.0,,,
gemini-2.5-flash,**Cashkows**:,2,0,0,1,0,1,0.0,0.0,0.0,0.0,0.0,0.0,0.0,,,
gemini-2.5-flash,**Intergate Emigration:**,2,0,0,0,2,0,0.0,0.0,0.0,0.0,0.0,0.0,0.0,,,
gemini-2.5-flash,**Momentum:**,2,0,0,1,1,0,0.0,0.0,0.0,0.0,0.0,0.0,0.0,,,
gemini-2.5-flash,**Rand Rescue**:,2,0,0,2,0,0,0.0,0.0,0.0,0.0,0.0,0.0,0.0,,,
gemini-2.5-flash,**SEESA:**,2,0,2,0,0,0,0.0,0.0,0.0,0.0,0.0,0.0,0.0,,,
gemini-2.5-flash,**VFS Global:**,2,2,0,0,0,0,0.0,0.0,0.0,0.0,0.0,0.0,0.0,,,
gemini-2.5-flash,Cliffe Dekker Hofmeyr:,2,0,0,0,2,0,0.0,0.0,0.0,0.0,0.0,0.0,0.0,,,
gemini-2.5-flash,Exfin:,2,0,0,0,1,1,0.0,0.0,0.0,0.0,0.0,0.0,0.0,,,
gemini-2.5-flash,FinGlobal,2,0,1,0,0,1,0.0,0.0,0.0,0.0,0.0,0.0,0.0,,,
gemini-2.5-flash,HJW Attorneys:,2,0,0,0,1,0,0.0,1.0,0.0,0.0,0.0,0.0,0.0,,,
gemini-2.5-flash,Hlatswayo & Associates:,2,0,0,0,0,2,0.0,0.0,0.0,0.0,0.0,0.0,0.0,,,
gemini-2.5-flash,Immigration Lawyers South Africa (ILSA):,2,0,2,0,0,0,0.0,0.0,0.0,0.0,0.0,0.0,0.0,,,
gemini-2.5-flash,Investec Wealth & Investment:,2,1,0,0,0,1,0.0,0.0,0.0,0.0,0.0,0.0,0.0,,,
gemini-2.5-flash,Nedbank,2,0,0,0,2,0,0.0,0.0,0.0,0.0,0.0,0.0,0.0,,,
gemini-2.5-flash,Nedbank Private Wealth:,2,0,0,1,0,0,0.0,0.0,0.0,1.0,0.0,0.0,0.0,,,
gemini-2.5-flash,Norton Rose Fulbright South Africa:,2,0,0,0,0,2,0.0,0.0,0.0,0.0,0.0,0.0,0.0,,,
gemini-2.5-flash,RSM South Africa:,2,0,0,0,0,1,0.0,0.0,1.0,0.0,0.0,0.0,0.0,,,
gemini-2.5-flash,Tax Consulting South Africa,2,1,0,0,0,1,0.0,0.0,0.0,0.0,0.0,0.0,0.0,,,
gemini-2.5-flash,Tender Experts SA:,2,1,1,0,0,0,0.0,0.0,0.0,0.0,0.0,0.0,0.0,,,
gemini-2.5-flash,VisaBox:,2,1,0,0,1,0,0.0,0.0,0.0,0.0,0.0,0.0,0.0,,,
gemini-2.5-flash,**Compliance Partners:**,1,0,0,0,0,1,0.0,0.0,0.0,0.0,0.0,0.0,0.0,,,
gemini-2.5-flash,**Hogan Hilling**:,1,0,1,0,0,0,0.0,0.0,0.0,0.0,0.0,0.0,0.0,,,
gemini-2.5-flash,**Houghton Harper:**,1,0,0,0,0,1,0.0,0.0,0.0,0.0,0.0,0.0,0.0,,,
gemini-2.5-flash,**Immigra:**,1,0,0,0,1,0,0.0,0.0,0.0,0.0,0.0,0.0,0.0,,,
gemini-2.5-flash,**Immigration Assist**:,1,0,0,1,0,0,0.0,0.0,0.0,0.0,0.0,0.0,0.0,,,
gemini-2.5-flash,**Immigration Lawyers South Africa (ILASA)**,1,0,0,0,1,0,0.0,0.0,0.0,0.0,0.0,0.0,0.0,,,
gemini-2.5-flash,**Immigration.co.za (Immigration South Africa)**,1,0,1,0,0,0,0.0,0.0,0.0,0.0,0.0,0.0,0.0,,,
gemini-2.5-flash,**LWO (LabourWise Organisation):**,1,0,0,1,0,0,0.0,0.0,0.0,0.0,0.0,0.0,0.0,,,
gemini-2.5-flash,**Labour Protect:**,1,0,0,0,0,0,0.0,1.0,0.0,0.0,0.0,0.0,0.0,,,
gemini-2.5-flash,**LabourMan:**,1,0,0,0,1,0,0.0,0.0,0.0,0.0,0.0,0.0,0.0,,,
gemini-2.5-flash,**Le Roux Attorneys (Immigration South Africa):**,1,0,0,0,0,1,0.0,0.0,0.0,0.0,0.0,0.0,0.0,,,
gemini-2.5-flash,**Pathways Immigration Consultants**,1,0,0,1,0,0,0.0,0.0,0.0,0.0,0.0,0.0,0.0,,,
gemini-2.5-flash,**Pro-Labour Consulting:**,1,0,0,0,0,0,1.0,0.0,0.0,0.0,0.0,0.0,0.0,,,
gemini-2.5-flash,**PwC South Africa (Tax & Legal Services)**,1,0,0,0,0,1,0.0,0.0,0.0,0.0,0.0,0.0,0.0,,,
gemini-2.5-flash,**SA Immigration (South African Immigration)**,1,0,0,0,0,1,0.0,0.0,0.0,0.0,0.0,0.0,0.0,,,
gemini-2.5-flash,**SA Migration:**,1,0,0,0,0,1,0.0,0.0,0.0,0.0,0.0,0.0,0.0,,,
gemini-2.5-flash,**SA Visa Services:**,1,0,0,1,0,0,0.0,0.0,0.0,0.0,0.0,0.0,0.0,,,
gemini-2.5-flash,**SNAX Consulting (Pty) Ltd**,1,0,0,1,0,0,0.0,0.0,0.0,0.0,0.0,0.0,0.0,,,
gemini-2.5-flash,**Sanlam Wealth**,1,0,0,0,0,0,1.0,0.0,0.0,0.0,0.0,0.0,0.0,,,
gemini-2.5-flash,**Smit & Van Wyk Inc.**,1,0,0,0,0,1,0.0,0.0,0.0,0.0,0.0,0.0,0.0,,,
gemini-2.5-flash,**Standard Bank Fiduciary Services**,1,0,1,0,0,0,0.0,0.0,0.0,0.0,0.0,0.0,0.0,,,
gemini-2.5-flash,**Tax Shield**:,1,0,1,0,0,0,0.0,0.0,0.0,0.0,0.0,0.0,0.0,,,
gemini-2.5-flash,**Travel Visa 24:**,1,0,1,0,0,0,0.0,0.0,0.0,0.0,0.0,0.0,0.0,,,
gemini-2.5-flash,Absa:,1,0,0,1,0,0,0.0,0.0,0.0,0.0,0.0,0.0,0.0,,,
gemini-2.5-flash,African Impact:,1,1,0,0,0,0,0.0,0.0,0.0,0.0,0.0,0.0,0.0,,,
gemini-2.5-flash,AllPay SA:,1,0,0,0,0,1,0.0,0.0,0.0,0.0,0.0,0.0,0.0,,,
gemini-2.5-flash,Avasa Consulting:,1,0,0,0,1,0,0.0,0.0,0.0,0.0,0.0,0.0,0.0,,,
gemini-2.5-flash,BDO South Africa (Business Restructuring):,1,0,0,0,0,1,0.0,0.0,0.0,0.0,0.0,0.0,0.0,,,
gemini-2.5-flash,Black Pen Global:,1,0,1,0,0,0,0.0,0.0,0.0,0.0,0.0,0.0,0.0,,,
gemini-2.5-flash,Black Swan Global:,1,0,0,0,1,0,0.0,0.0,0.0,0.0,0.0,0.0,0.0,,,
gemini-2.5-flash,Capitec Bank,1,0,0,0,0,1,0.0,0.0,0.0,0.0,0.0,0.0,0.0,,,
gemini-2.5-flash,Company Partners:,1,0,0,0,1,0,0.0,0.0,0.0,0.0,0.0,0.0,0.0,,,
gemini-2.5-flash,Craig Smith & Associates Attorneys,1,0,0,0,0,1,0.0,0.0,0.0,0.0,0.0,0.0,0.0,,,
gemini-2.5-flash,Craig Smith & Associates:,1,0,1,0,0,0,0.0,0.0,0.0,0.0,0.0,0.0,0.0,,,
gemini-2.5-flash,De Beer Attorneys:,1,0,0,1,0,0,0.0,0.0,0.0,0.0,0.0,0.0,0.0,,,
gemini-2.5-flash,De Reuck Immigration,1,0,0,0,1,0,0.0,0.0,0.0,0.0,0.0,0.0,0.0,,,
gemini-2.5-flash,Deloitte South Africa (Financial Advisory):,1,0,0,1,0,0,0.0,0.0,0.0,0.0,0.0,0.0,0.0,,,
gemini-2.5-flash,Digital Assets Tax (DAT):,1,0,1,0,0,0,0.0,0.0,0.0,0.0,0.0,0.0,0.0,,,
gemini-2.5-flash,Discovery Bank,1,0,0,0,0,0,1.0,0.0,0.0,0.0,0.0,0.0,0.0,,,
gemini-2.5-flash,E-Merge Immigration:,1,0,0,1,0,0,0.0,0.0,0.0,0.0,0.0,0.0,0.0,,,
gemini-2.5-flash,EIS (Employer & Immigration Solutions):,1,0,0,0,1,0,0.0,0.0,0.0,0.0,0.0,0.0,0.0,,,
gemini-2.5-flash,EIS (Executive Immigration Services):,1,0,0,0,1,0,0.0,0.0,0.0,0.0,0.0,0.0,0.0,,,
gemini-2.5-flash,EVS Immigration (Immigration.co.za),1,0,0,0,0,1,0.0,0.0,0.0,0.0,0.0,0.0,0.0,,,
gemini-2.5-flash,Eisenberg & Partners,1,0,1,0,0,0,0.0,0.0,0.0,0.0,0.0,0.0,0.0,,,
gemini-2.5-flash,Eisenman & Associates:,1,0,0,0,1,0,0.0,0.0,0.0,0.0,0.0,0.0,0.0,,,
gemini-2.5-flash,Eisenstein & Associates:,1,0,0,0,0,0,0.0,0.0,1.0,0.0,0.0,0.0,0.0,,,
gemini-2.5-flash,Eisenstein & Partners:,1,0,0,0,0,1,0.0,0.0,0.0,0.0,0.0,0.0,0.0,,,
gemini-2.5-flash,Expat Immigration Services South Africa (EISSA):,1,0,0,0,0,0,0.0,0.0,1.0,0.0,0.0,0.0,0.0,,,
gemini-2.5-flash,Expat Tax & Financial Services:,1,0,1,0,0,0,0.0,0.0,0.0,0.0,0.0,0.0,0.0,,,
gemini-2.5-flash,Expat Tax:,1,0,1,0,0,0,0.0,0.0,0.0,0.0,0.0,0.0,0.0,,,
gemini-2.5-flash,Expatriate Tax,1,0,0,0,1,0,0.0,0.0,0.0,0.0,0.0,0.0,0.0,,,
gemini-2.5-flash,FNB (First National Bank),1,1,0,0,0,0,0.0,0.0,0.0,0.0,0.0,0.0,0.0,,,
gemini-2.5-flash,FNB Wealth and Investments:,1,0,0,0,0,0,0.0,0.0,0.0,0.0,1.0,0.0,0.0,,,
gemini-2.5-flash,FNB:,1,0,0,0,1,0,0.0,0.0,0.0,0.0,0.0,0.0,0.0,,,
gemini-2.5-flash,Financial & Tax Services (FATS):,1,0,0,1,0,0,0.0,0.0,0.0,0.0,0.0,0.0,0.0,,,
gemini-2.5-flash,First National Bank (FNB):,1,0,1,0,0,0,0.0,0.0,0.0,0.0,0.0,0.0,0.0,,,
gemini-2.5-flash,Franchise & Business Immigration (FBI) Attorneys:,1,0,0,0,0,1,0.0,0.0,0.0,0.0,0.0,0.0,0.0,,,
gemini-2.5-flash,Future Budget Tax Services:,1,0,0,1,0,0,0.0,0.0,0.0,0.0,0.0,0.0,0.0,,,
gemini-2.5-flash,Galbraith | Rushby:,1,0,1,0,0,0,0.0,0.0,0.0,0.0,0.0,0.0,0.0,,,
gemini-2.5-flash,Gerber & Co Chartered Accountants:,1,0,0,0,0,1,0.0,0.0,0.0,0.0,0.0,0.0,0.0,,,
gemini-2.5-flash,Gerber & Co:,1,0,0,0,1,0,0.0,0.0,0.0,0.0,0.0,0.0,0.0,,,
gemini-2.5-flash,Global Visa & Passport Services (GVPS):,1,0,0,1,0,0,0.0,0.0,0.0,0.0,0.0,0.0,0.0,,,
gemini-2.5-flash,GoEco:,1,0,1,0,0,0,0.0,0.0,0.0,0.0,0.0,0.0,0.0,,,
gemini-2.5-flash,HDC Consulting:,1,0,1,0,0,0,0.0,0.0,0.0,0.0,0.0,0.0,0.0,,,
gemini-2.5-flash,HGG Attorneys:,1,0,0,1,0,0,0.0,0.0,0.0,0.0,0.0,0.0,0.0,,,
gemini-2.5-flash,Hanna Legal:,1,0,0,1,0,0,0.0,0.0,0.0,0.0,0.0,0.0,0.0,,,
gemini-2.5-flash,Harrison & White:,1,0,0,0,0,0,0.0,0.0,0.0,0.0,1.0,0.0,0.0,,,
gemini-2.5-flash,Hermann Immigration:,1,0,0,0,0,1,0.0,0.0,0.0,0.0,0.0,0.0,0.0,,,
gemini-2.5-flash,Hermann Lawyers & Consultants:,1,0,0,0,0,1,0.0,0.0,0.0,0.0,0.0,0.0,0.0,,,
gemini-2.5-flash,Hermann Lawyers:,1,0,0,1,0,0,0.0,0.0,0.0,0.0,0.0,0.0,0.0,,,
gemini-2.5-flash,Hlatshwayo & Associates:,1,0,0,0,1,0,0.0,0.0,0.0,0.0,0.0,0.0,0.0,,,
gemini-2.5-flash,Hlawula Attorneys:,1,1,0,0,0,0,0.0,0.0,0.0,0.0,0.0,0.0,0.0,,,
gemini-2.5-flash,Hlawula Immigration:,1,0,0,0,0,1,0.0,0.0,0.0,0.0,0.0,0.0,0.0,,,
gemini-2.5-flash,Horgan Attorneys & Immigration Consultants:,1,0,0,1,0,0,0.0,0.0,0.0,0.0,0.0,0.0,0.0,,,
gemini-2.5-flash,Houghton Harper Immigration,1,0,1,0,0,0,0.0,0.0,0.0,0.0,0.0,0.0,0.0,,,
gemini-2.5-flash,Ibhar Immigration Solutions:,1,0,0,0,1,0,0.0,0.0,0.0,0.0,0.0,0.0,0.0,,,
gemini-2.5-flash,Ibiza Immigration:,1,0,0,0,1,0,0.0,0.0,0.0,0.0,0.0,0.0,0.0,,,
gemini-2.5-flash,Ibn (International Business Nomads):,1,0,0,0,0,1,0.0,0.0,0.0,0.0,0.0,0.0,0.0,,,
gemini-2.5-flash,Immigrant Assure,1,0,0,1,0,0,0.0,0.0,0.0,0.0,0.0,0.0,0.0,,,
gemini-2.5-flash,Immigrating to South Africa:,1,0,0,0,1,0,0.0,0.0,0.0,0.0,0.0,0.0,0.0,,,
gemini-2.5-flash,Immigration Direct SA:,1,0,0,0,1,0,0.0,0.0,0.0,0.0,0.0,0.0,0.0,,,
gemini-2.5-flash,Immigration Experts:,1,1,0,0,0,0,0.0,0.0,0.0,0.0,0.0,0.0,0.0,,,
gemini-2.5-flash,Immigration Lawyers SA:,1,0,0,1,0,0,0.0,0.0,0.0,0.0,0.0,0.0,0.0,,,
gemini-2.5-flash,Immigration South Africa (IBN Business & Immigration Solutions):,1,0,0,0,1,0,0.0,0.0,0.0,0.0,0.0,0.0,0.0,,,
gemini-2.5-flash,Immigration South Africa (IBN Immigration Solutions):,1,0,0,1,0,0,0.0,0.0,0.0,0.0,0.0,0.0,0.0,,,
gemini-2.5-flash,Immigration South Africa (ISA Consultants),1,1,0,0,0,0,0.0,0.0,0.0,0.0,0.0,0.0,0.0,,,
gemini-2.5-flash,Immigration South Africa (Intergate Visas & Immigration):,1,0,1,0,0,0,0.0,0.0,0.0,0.0,0.0,0.0,0.0,,,
gemini-2.5-flash,Immigration South Africa (Malan & Mohale Attorneys Inc.):,1,0,0,0,0,1,0.0,0.0,0.0,0.0,0.0,0.0,0.0,,,
gemini-2.5-flash,Immigration South Africa (RMT Group):,1,0,0,0,0,1,0.0,0.0,0.0,0.0,0.0,0.0,0.0,,,
gemini-2.5-flash,Immigration and Visa Services (IVS):,1,0,1,0,0,0,0.0,0.0,0.0,0.0,0.0,0.0,0.0,,,
gemini-2.5-flash,Jurgen's Immigration Services:,1,0,0,0,0,0,1.0,0.0,0.0,0.0,0.0,0.0,0.0,,,
gemini-2.5-flash,KPMG South Africa (Restructuring Services):,1,0,0,0,1,0,0.0,0.0,0.0,0.0,0.0,0.0,0.0,,,
gemini-2.5-flash,LabourNet:,1,0,0,1,0,0,0.0,0.0,0.0,0.0,0.0,0.0,0.0,,,
gemini-2.5-flash,"Lawtons Africa (Insolvency, Business Rescue & Restructuring):",1,0,0,0,0,0,0.0,1.0,0.0,0.0,0.0,0.0,0.0,,,
gemini-2.5-flash,Love Volunteers:,1,0,0,0,0,1,0.0,0.0,0.0,0.0,0.0,0.0,0.0,,,
gemini-2.5-flash,MAJ Consulting:,1,0,0,0,0,0,1.0,0.0,0.0,0.0,0.0,0.0,0.0,,,
gemini-2.5-flash,Migration Services (Pty) Ltd:,1,0,0,1,0,0,0.0,0.0,0.0,0.0,0.0,0.0,0.0,,,
gemini-2.5-flash,Momentum Investments:,1,0,0,0,0,0,0.0,1.0,0.0,0.0,0.0,0.0,0.0,,,
gemini-2.5-flash,Move Up (Pty) Ltd:,1,0,1,0,0,0,0.0,0.0,0.0,0.0,0.0,0.0,0.0,,,
gemini-2.5-flash,Move Up (South African Immigration Services):,1,0,0,0,0,1,0.0,0.0,0.0,0.0,0.0,0.0,0.0,,,
gemini-2.5-flash,Move Up (UK Immigration & Visas),1,0,1,0,0,0,0.0,0.0,0.0,0.0,0.0,0.0,0.0,,,
gemini-2.5-flash,Move Up Immigration Solutions:,1,0,0,0,0,1,0.0,0.0,0.0,0.0,0.0,0.0,0.0,,,
gemini-2.5-flash,Move Up Immigration and Visa Services:,1,0,1,0,0,0,0.0,0.0,0.0,0.0,0.0,0.0,0.0,,,
gemini-2.5-flash,MoveUp:,1,0,0,0,0,0,1.0,0.0,0.0,0.0,0.0,0.0,0.0,,,
gemini-2.5-flash,Ninety One:,1,0,0,0,0,0,1.0,0.0,0.0,0.0,0.0,0.0,0.0,,,
gemini-2.5-flash,Norton Rose Fulbright:,1,0,0,0,0,1,0.0,0.0,0.0,0.0,0.0,0.0,0.0,,,
gemini-2.5-flash,PKF South Africa:,1,0,0,0,0,0,0.0,0.0,0.0,1.0,0.0,0.0,0.0,,,
gemini-2.5-flash,PMGY:,1,0,0,0,1,0,0.0,0.0,0.0,0.0,0.0,0.0,0.0,,,
gemini-2.5-flash,Passport and Visa Specialists (PAVS):,1,0,0,0,0,1,0.0,0.0,0.0,0.0,0.0,0.0,0.0,,,
gemini-2.5-flash,Philip Gamble & Partners,1,0,0,0,0,1,0.0,0.0,0.0,0.0,0.0,0.0,0.0,,,
gemini-2.5-flash,Proactive Tax Solutions,1,0,0,0,0,0,0.0,0.0,0.0,1.0,0.0,0.0,0.0,,,
gemini-2.5-flash,Projects Abroad:,1,0,0,1,0,0,0.0,0.0,0.0,0.0,0.0,0.0,0.0,,,
gemini-2.5-flash,PwC South Africa (Business Restructuring Services):,1,0,1,0,0,0,0.0,0.0,0.0,0.0,0.0,0.0,0.0,,,
gemini-2.5-flash,Relocate Global:,1,0,0,0,0,1,0.0,0.0,0.0,0.0,0.0,0.0,0.0,,,
gemini-2.5-flash,SA Crypto Tax:,1,1,0,0,0,0,0.0,0.0,0.0,0.0,0.0,0.0,0.0,,,
gemini-2.5-flash,SA Tender Assist:,1,0,0,1,0,0,0.0,0.0,0.0,0.0,0.0,0.0,0.0,,,
gemini-2.5-flash,SA Tenders:,1,0,1,0,0,0,0.0,0.0,0.0,0.0,0.0,0.0,0.0,,,
gemini-2.5-flash,SNG Grant Thornton:,1,0,0,0,0,0,1.0,0.0,0.0,0.0,0.0,0.0,0.0,,,
gemini-2.5-flash,Smit & Van Wyk Immigration Attorneys:,1,0,0,1,0,0,0.0,0.0,0.0,0.0,0.0,0.0,0.0,,,
gemini-2.5-flash,Standard Bank Wealth and Investment:,1,0,0,0,0,0,0.0,0.0,1.0,0.0,0.0,0.0,0.0,,,
gemini-2.5-flash,TLScontact:,1,0,1,0,0,0,0.0,0.0,0.0,0.0,0.0,0.0,0.0,,,
gemini-2.5-flash,Tax Consulting SA (Pty) Ltd:,1,1,0,0,0,0,0.0,0.0,0.0,0.0,0.0,0.0,0.0,,,
gemini-2.5-flash,Tax Debt Management (Pty) Ltd:,1,0,1,0,0,0,0.0,0.0,0.0,0.0,0.0,0.0,0.0,,,
gemini-2.5-flash,Tax Debt Solutions:,1,0,1,0,0,0,0.0,0.0,0.0,0.0,0.0,0.0,0.0,,,
gemini-2.5-flash,Tax Debt Specialists SA:,1,0,1,0,0,0,0.0,0.0,0.0,0.0,0.0,0.0,0.0,,,
gemini-2.5-flash,Tax Debt Specialists:,1,0,1,0,0,0,0.0,0.0,0.0,0.0,0.0,0.0,0.0,,,
gemini-2.5-flash,Tax Solutions SA:,1,0,0,1,0,0,0.0,0.0,0.0,0.0,0.0,0.0,0.0,,,
gemini-2.5-flash,Taxco Accountants:,1,0,0,0,0,1,0.0,0.0,0.0,0.0,0.0,0.0,0.0,,,
gemini-2.5-flash,Tender Bulletins:,1,0,0,1,0,0,0.0,0.0,0.0,0.0,0.0,0.0,0.0,,,
gemini-2.5-flash,Tender Capital:,1,0,0,0,1,0,0.0,0.0,0.0,0.0,0.0,0.0,0.0,,,
gemini-2.5-flash,TenderConnect:,1,0,0,0,0,1,0.0,0.0,0.0,0.0,0.0,0.0,0.0,,,
gemini-2.5-flash,The Tender Factory:,1,1,0,0,0,0,0.0,0.0,0.0,0.0,0.0,0.0,0.0,,,
gemini-2.5-flash,Travel Visa Consultants (TVC):,1,0,0,0,1,0,0.0,0.0,0.0,0.0,0.0,0.0,0.0,,,
gemini-2.5-flash,TymeBank,1,0,0,0,0,0,0.0,1.0,0.0,0.0,0.0,0.0,0.0,,,
gemini-2.5-flash,Videsh Immigration:,1,0,0,0,0,1,0.0,0.0,0.0,0.0,0.0,0.0,0.0,,,
gemini-2.5-flash,Visa Application SA:,1,0,1,0,0,0,0.0,0.0,0.0,0.0,0.0,0.0,0.0,,,
gemini-2.5-flash,Visa Genie:,1,0,0,1,0,0,0.0,0.0,0.0,0.0,0.0,0.0,0.0,,,
gemini-2.5-flash,VisaConnect South Africa:,1,0,0,0,0,1,0.0,0.0,0.0,0.0,0.0,0.0,0.0,,,
gemini-2.5-flash,VisaConnect:,1,0,0,0,1,0,0.0,0.0,0.0,0.0,0.0,0.0,0.0,,,
gemini-2.5-flash,"Werksmans Attorneys (Business Rescue, Restructuring & Insolvency):",1,0,0,0,0,0,0.0,0.0,1.0,0.0,0.0,0.0,0.0,,,
mistral-small-latest,[KPMG South Africa](,15,0,0,0,7,7,0.0,0.0,1.0,0.0,,,,,,
mistral-small-latest,**VisaHQ South Africa**,5,2,0,0,0,3,0.0,0.0,0.0,0.0,,,,,,
mistral-small-latest,**Workpermit.com South Africa**,2,0,0,0,0,2,0.0,0.0,0.0,0.0,,,,,,
mistral-small-latest,[Relocate.me](,2,0,0,0,0,0,0.0,2.0,0.0,0.0,,,,,,
mistral-small-latest,**DLA Piper South Africa**,1,0,0,0,0,0,0.0,0.0,0.0,1.0,,,,,,
mistral-small-latest,**Deloitte South Africa**,1,0,1,0,0,0,0.0,0.0,0.0,0.0,,,,,,
mistral-small-latest,**EY South Africa**,1,0,0,1,0,0,0.0,0.0,0.0,0.0,,,,,,
mistral-small-latest,**Immigration South Africa**,1,0,0,0,0,1,0.0,0.0,0.0,0.0,,,,,,
mistral-small-latest,**Intergate Immigration**,1,0,1,0,0,0,0.0,0.0,0.0,0.0,,,,,,
mistral-small-latest,**Investec**,1,0,0,0,0,0,0.0,1.0,0.0,0.0,,,,,,
mistral-small-latest,**New World Immigration**,1,0,0,0,1,0,0.0,0.0,0.0,0.0,,,,,,
mistral-small-latest,**Xpatweb**,1,0,0,1,0,0,0.0,0.0,0.0,0.0,,,,,,
gpt-4o-mini,Deloitte South Africa,62,3,16,0,15,13,6.0,3.0,3.0,1.0,2.0,,,,,
gpt-4o-mini,KPMG South Africa,59,0,0,12,8,5,9.0,10.0,7.0,5.0,3.0,,,,,
gpt-4o-mini,Immigration South Africa,52,0,15,11,10,9,2.0,2.0,0.0,2.0,1.0,,,,,
gpt-4o-mini,Sable International,32,0,4,10,8,5,1.0,1.0,3.0,0.0,0.0,,,,,
gpt-4o-mini,Tax Consulting South Africa,30,15,5,1,3,4,0.0,0.0,2.0,0.0,0.0,,,,,
gpt-4o-mini,BDO South Africa,29,0,1,1,4,9,3.0,10.0,1.0,0.0,0.0,,,,,
gpt-4o-mini,VisaPro,29,13,2,4,1,0,1.0,5.0,1.0,1.0,1.0,,,,,
gpt-4o-mini,PwC South Africa,28,8,1,6,3,3,4.0,0.0,0.0,1.0,2.0,,,,,
gpt-4o-mini,VFS Global,28,14,5,3,0,3,0.0,2.0,1.0,0.0,0.0,,,,,
gpt-4o-mini,Intergate Immigration Services,25,1,9,3,4,4,2.0,0.0,1.0,1.0,0.0,,,,,
gpt-4o-mini,Mazars South Africa,23,0,1,4,3,1,1.0,6.0,6.0,1.0,0.0,,,,,
gpt-4o-mini,TaxTim,22,10,4,3,0,0,0.0,1.0,1.0,1.0,2.0,,,,,
gpt-4o-mini,Xpatweb,21,1,1,2,1,3,3.0,1.0,5.0,2.0,2.0,,,,,
gpt-4o-mini,Visa and Immigration Services,17,9,2,4,0,0,0.0,0.0,1.0,1.0,0.0,,,,,
gpt-4o-mini,EY South Africa,16,0,0,4,8,1,1.0,0.0,2.0,0.0,0.0,,,,,
gpt-4o-mini,Grant Thornton South Africa,16,0,0,0,0,2,4.0,3.0,5.0,2.0,0.0,,,,,
gpt-4o-mini,Intergate Immigration,16,0,2,3,3,6,2.0,0.0,0.0,0.0,0.0,,,,,
gpt-4o-mini,Fragomen,14,4,5,2,0,2,1.0,0.0,0.0,0.0,0.0,,,,,
gpt-4o-mini,Global Migration Solutions,14,0,0,0,2,5,3.0,3.0,0.0,1.0,0.0,,,,,
gpt-4o-mini,RSM South Africa,12,0,0,0,0,0,0.0,0.0,2.0,6.0,4.0,,,,,
gpt-4o-mini,Nexia SAB&T,11,0,0,0,0,0,2.0,2.0,0.0,2.0,5.0,,,,,
gpt-4o-mini,Global Visas,10,0,0,0,3,4,2.0,1.0,0.0,0.0,0.0,,,,,
gpt-4o-mini,Global Immigration Solutions,7,0,0,0,4,1,2.0,0.0,0.0,0.0,0.0,,,,,
gpt-4o-mini,Global Visa Support,7,0,0,0,0,2,4.0,1.0,0.0,0.0,0.0,,,,,
gpt-4o-mini,VisaSouthAfrica,7,5,2,0,0,0,0.0,0.0,0.0,0.0,0.0,,,,,
gpt-4o-mini,Cape Town Immigration,5,0,1,0,1,2,0.0,1.0,0.0,0.0,0.0,,,,,
gpt-4o-mini,Global Visa Solutions,5,0,0,0,1,2,0.0,0.0,2.0,0.0,0.0,,,,,
gpt-4o-mini,Mazars,5,0,1,2,1,0,0.0,0.0,0.0,1.0,0.0,,,,,
gpt-4o-mini,SA Immigration,5,0,1,0,1,0,0.0,1.0,1.0,1.0,0.0,,,,,
gpt-4o-mini,SNG Grant Thornton,5,0,0,0,0,0,2.0,0.0,0.0,2.0,1.0,,,,,
gpt-4o-mini,The Visa Company,5,0,0,0,1,4,0.0,0.0,0.0,0.0,0.0,,,,,
gpt-4o-mini,South African Visa,4,0,1,0,1,0,1.0,0.0,0.0,0.0,1.0,,,,,
gpt-4o-mini,The Tax Shop,4,0,0,0,2,1,0.0,0.0,1.0,0.0,0.0,,,,,
gpt-4o-mini,Allan Gray,3,0,0,0,1,1,0.0,0.0,0.0,1.0,0.0,,,,,
gpt-4o-mini,E&Y South Africa,3,0,0,0,0,0,0.0,0.0,0.0,2.0,1.0,,,,,
gpt-4o-mini,FNB (First National Bank),3,1,0,1,0,0,0.0,0.0,0.0,0.0,1.0,,,,,
gpt-4o-mini,Investec,3,0,0,0,0,1,1.0,0.0,1.0,0.0,0.0,,,,,
gpt-4o-mini,Liberty,3,0,0,2,0,0,1.0,0.0,0.0,0.0,0.0,,,,,
gpt-4o-mini,Nedbank,3,0,0,0,2,0,0.0,0.0,0.0,1.0,0.0,,,,,
gpt-4o-mini,Newland Chase,3,0,0,1,0,0,1.0,0.0,1.0,0.0,0.0,,,,,
gpt-4o-mini,Old Mutual,3,0,2,0,0,0,0.0,1.0,0.0,0.0,0.0,,,,,
gpt-4o-mini,Sanlam,3,2,0,0,0,0,0.0,0.0,0.0,0.0,1.0,,,,,
gpt-4o-mini,South Africa Immigration,3,0,1,0,0,1,1.0,0.0,0.0,0.0,0.0,,,,,
gpt-4o-mini,TaxWise,3,0,0,0,1,2,0.0,0.0,0.0,0.0,0.0,,,,,
gpt-4o-mini,The Immigration Company,3,0,0,0,1,1,1.0,0.0,0.0,0.0,0.0,,,,,
gpt-4o-mini,Visa Solutions,3,0,0,0,1,0,1.0,0.0,0.0,1.0,0.0,,,,,
gpt-4o-mini,Work Permit South Africa,3,0,0,1,0,0,0.0,1.0,0.0,1.0,0.0,,,,,
gpt-4o-mini,Work Visa SA,3,0,0,0,0,0,0.0,1.0,0.0,1.0,1.0,,,,,
gpt-4o-mini,Work Visa South Africa,3,0,0,0,0,0,1.0,0.0,1.0,1.0,0.0,,,,,
gpt-4o-mini,Workpermit.com,3,0,0,0,1,0,0.0,1.0,0.0,1.0,0.0,,,,,
gpt-4o-mini,**Visas for South Africa**,2,0,0,0,1,0,0.0,0.0,0.0,0.0,1.0,,,,,
gpt-4o-mini,ABSA,2,0,1,1,0,0,0.0,0.0,0.0,0.0,0.0,,,,,
gpt-4o-mini,Accenture South Africa,2,0,0,0,1,0,1.0,0.0,0.0,0.0,0.0,,,,,
gpt-4o-mini,Crypto Tax South Africa,2,1,1,0,0,0,0.0,0.0,0.0,0.0,0.0,,,,,
gpt-4o-mini,Discovery,2,0,0,0,0,0,0.0,2.0,0.0,0.0,0.0,,,,,
gpt-4o-mini,EasyTax,2,0,0,1,0,0,0.0,0.0,0.0,1.0,0.0,,,,,
gpt-4o-mini,Global Visa Services,2,0,0,0,2,0,0.0,0.0,0.0,0.0,0.0,,,,,
gpt-4o-mini,Immigration Advisors,2,0,0,1,0,0,0.0,0.0,1.0,0.0,0.0,,,,,
gpt-4o-mini,Immigration SA,2,0,0,0,0,0,0.0,1.0,1.0,0.0,0.0,,,,,
gpt-4o-mini,LabourNet,2,1,1,0,0,0,0.0,0.0,0.0,0.0,0.0,,,,,
gpt-4o-mini,McKinsey & Company South Africa,2,0,0,1,0,1,0.0,0.0,0.0,0.0,0.0,,,,,
gpt-4o-mini,Migrate to South Africa,2,0,0,0,0,0,0.0,0.0,2.0,0.0,0.0,,,,,
gpt-4o-mini,Momentum,2,0,0,0,1,1,0.0,0.0,0.0,0.0,0.0,,,,,
gpt-4o-mini,Moore South Africa,2,0,0,0,0,0,0.0,0.0,0.0,1.0,1.0,,,,,
gpt-4o-mini,PKF South Africa,2,0,0,0,0,0,1.0,1.0,0.0,0.0,0.0,,,,,
gpt-4o-mini,PSG Wealth,2,0,0,0,0,0,1.0,0.0,1.0,0.0,0.0,,,,,
gpt-4o-mini,SARS Tax Practitioners,2,0,1,1,0,0,0.0,0.0,0.0,0.0,0.0,,,,,
gpt-4o-mini,SARS Tax Solutions,2,0,2,0,0,0,0.0,0.0,0.0,0.0,0.0,,,,,
gpt-4o-mini,South Africa Visa,2,0,2,0,0,0,0.0,0.0,0.0,0.0,0.0,,,,,
gpt-4o-mini,Standard Bank,2,1,1,0,0,0,0.0,0.0,0.0,0.0,0.0,,,,,
gpt-4o-mini,Talent Solutions,2,0,0,0,0,1,0.0,0.0,0.0,1.0,0.0,,,,,
gpt-4o-mini,Travel Visa Pro,2,0,0,2,0,0,0.0,0.0,0.0,0.0,0.0,,,,,
gpt-4o-mini,Visa Immigration,2,1,0,0,0,0,0.0,0.0,1.0,0.0,0.0,,,,,
gpt-4o-mini,Visa South Africa,2,2,0,0,0,0,0.0,0.0,0.0,0.0,0.0,,,,,
gpt-4o-mini,Visa and Immigration Consultants,2,2,0,0,0,0,0.0,0.0,0.0,0.0,0.0,,,,,
gpt-4o-mini,VisaFirst,2,1,1,0,0,0,0.0,0.0,0.0,0.0,0.0,,,,,
gpt-4o-mini,1Life,1,0,0,0,0,0,1.0,0.0,0.0,0.0,0.0,,,,,
gpt-4o-mini,1st For Women,1,0,1,0,0,0,0.0,0.0,0.0,0.0,0.0,,,,,
gpt-4o-mini,1st Tax,1,0,0,0,0,0,0.0,0.0,0.0,0.0,1.0,,,,,
gpt-4o-mini,A Y & E Immigration Solutions,1,0,0,0,0,0,0.0,1.0,0.0,0.0,0.0,,,,,
gpt-4o-mini,A&J Immigration,1,0,0,0,0,0,0.0,0.0,0.0,0.0,1.0,,,,,
gpt-4o-mini,A.V. Immigration,1,0,0,0,0,1,0.0,0.0,0.0,0.0,0.0,,,,,
gpt-4o-mini,A1 Immigration,1,0,0,0,0,1,0.0,0.0,0.0,0.0,0.0,,,,,
gpt-4o-mini,A2A,1,0,0,0,0,0,0.0,1.0,0.0,0.0,0.0,,,,,
gpt-4o-mini,AHI,1,0,0,0,0,0,0.0,1.0,0.0,0.0,0.0,,,,,
gpt-4o-mini,AIMS Immigration,1,0,0,0,0,0,0.0,1.0,0.0,0.0,0.0,,,,,
gpt-4o-mini,ATEC,1,0,0,0,0,0,1.0,0.0,0.0,0.0,0.0,,,,,
gpt-4o-mini,Auras Immigration,1,0,0,0,0,0,0.0,0.0,1.0,0.0,0.0,,,,,
gpt-4o-mini,BCG (Boston Consulting Group),1,0,0,0,0,0,1.0,0.0,0.0,0.0,0.0,,,,,
gpt-4o-mini,Bain & Company South Africa,1,0,0,0,0,0,0.0,1.0,0.0,0.0,0.0,,,,,
gpt-4o-mini,Baker Tilly South Africa,1,0,0,0,0,0,0.0,0.0,0.0,0.0,1.0,,,,,
gpt-4o-mini,Bizcraft,1,0,0,0,0,0,0.0,0.0,0.0,0.0,1.0,,,,,
gpt-4o-mini,Bonitas Medical Fund,1,0,0,0,0,0,0.0,0.0,0.0,1.0,0.0,,,,,
gpt-4o-mini,Bridge Immigration,1,0,0,1,0,0,0.0,0.0,0.0,0.0,0.0,,,,,
gpt-4o-mini,BrightRock,1,0,0,0,0,0,0.0,0.0,0.0,0.0,1.0,,,,,
gpt-4o-mini,C3S,1,0,0,0,0,0,1.0,0.0,0.0,0.0,0.0,,,,,
gpt-4o-mini,CDE Immigration,1,0,0,0,0,0,0.0,0.0,0.0,1.0,0.0,,,,,
gpt-4o-mini,CIPC,1,0,0,0,0,0,0.0,0.0,0.0,1.0,0.0,,,,,
gpt-4o-mini,CSG (Compliance Solutions Group),1,0,0,0,0,1,0.0,0.0,0.0,0.0,0.0,,,,,
gpt-4o-mini,CSG Immigration,1,0,0,0,1,0,0.0,0.0,0.0,0.0,0.0,,,,,
gpt-4o-mini,Cape Immigration,1,0,0,0,1,0,0.0,0.0,0.0,0.0,0.0,,,,,
gpt-4o-mini,Cape Town Visa,1,0,0,1,0,0,0.0,0.0,0.0,0.0,0.0,,,,,
gpt-4o-mini,Cape Town Visa Services,1,0,0,0,0,0,0.0,1.0,0.0,0.0,0.0,,,,,
gpt-4o-mini,Capitec Bank,1,0,0,0,0,1,0.0,0.0,0.0,0.0,0.0,,,,,
gpt-4o-mini,Chetan Immigration Services,1,0,0,0,0,1,0.0,0.0,0.0,0.0,0.0,,,,,
gpt-4o-mini,Chetans Immigration Services,1,0,0,0,0,0,1.0,0.0,0.0,0.0,0.0,,,,,
gpt-4o-mini,Compliance Institute South Africa,1,0,0,0,0,0,1.0,0.0,0.0,0.0,0.0,,,,,
gpt-4o-mini,Coronation,1,0,0,0,0,0,0.0,0.0,0.0,1.0,0.0,,,,,
gpt-4o-mini,CryptoTax,1,0,1,0,0,0,0.0,0.0,0.0,0.0,0.0,,,,,
gpt-4o-mini,CryptoTax SA,1,0,0,0,0,0,0.0,0.0,0.0,0.0,1.0,,,,,
gpt-4o-mini,DDP Tax Specialists,1,0,0,0,1,0,0.0,0.0,0.0,0.0,0.0,,,,,
gpt-4o-mini,David E. Smith Immigration Consulting,1,0,0,0,1,0,0.0,0.0,0.0,0.0,0.0,,,,,
gpt-4o-mini,Deloitte,1,0,0,0,1,0,0.0,0.0,0.0,0.0,0.0,,,,,
gpt-4o-mini,Discovery Health,1,0,0,0,0,0,1.0,0.0,0.0,0.0,0.0,,,,,
gpt-4o-mini,ETI Consulting,1,0,0,0,0,0,0.0,0.0,0.0,1.0,0.0,,,,,
gpt-4o-mini,EasiVisa,1,0,0,0,0,1,0.0,0.0,0.0,0.0,0.0,,,,,
gpt-4o-mini,EasyVisa,1,0,1,0,0,0,0.0,0.0,0.0,0.0,0.0,,,,,
gpt-4o-mini,EconoServe,1,1,0,0,0,0,0.0,0.0,0.0,0.0,0.0,,,,,
gpt-4o-mini,Emigrate to South Africa,1,0,0,0,0,0,0.0,1.0,0.0,0.0,0.0,,,,,
gpt-4o-mini,Emigration South Africa,1,0,0,0,0,0,0.0,0.0,1.0,0.0,0.0,,,,,
gpt-4o-mini,Ernst & Young (EY) South Africa,1,0,0,1,0,0,0.0,0.0,0.0,0.0,0.0,,,,,
gpt-4o-mini,FedHealth,1,0,0,0,0,0,0.0,0.0,0.0,0.0,1.0,,,,,
gpt-4o-mini,GEMS (Government Employees Medical Scheme),1,0,0,0,0,0,0.0,1.0,0.0,0.0,0.0,,,,,
gpt-4o-mini,Global Citizen Solutions,1,0,0,0,0,1,0.0,0.0,0.0,0.0,0.0,,,,,
gpt-4o-mini,Grant Thornton,1,0,0,0,0,0,1.0,0.0,0.0,0.0,0.0,,,,,
gpt-4o-mini,HR & IR Solutions,1,0,0,1,0,0,0.0,0.0,0.0,0.0,0.0,,,,,
gpt-4o-mini,HR Solutions,1,0,0,0,1,0,0.0,0.0,0.0,0.0,0.0,,,,,
gpt-4o-mini,HealthBridge,1,0,0,0,1,0,0.0,0.0,0.0,0.0,0.0,,,,,
gpt-4o-mini,HealthConnect,1,1,0,0,0,0,0.0,0.0,0.0,0.0,0.0,,,,,
gpt-4o-mini,IBN Immigration Solutions,1,0,0,0,0,0,0.0,0.0,1.0,0.0,0.0,,,,,
gpt-4o-mini,Immigration Advice South Africa,1,0,0,0,0,0,0.0,0.0,0.0,1.0,0.0,,,,,
gpt-4o-mini,Immigration Advisors South Africa,1,0,1,0,0,0,0.0,0.0,0.0,0.0,0.0,,,,,
gpt-4o-mini,Immigration Advisors of South Africa,1,0,0,0,1,0,0.0,0.0,0.0,0.0,0.0,,,,,
gpt-4o-mini,Immigration Advisory Services,1,0,0,0,0,0,0.0,0.0,0.0,0.0,1.0,,,,,
gpt-4o-mini,Immigration Consultants of South Africa,1,0,0,0,0,0,0.0,0.0,0.0,0.0,1.0,,,,,
gpt-4o-mini,Immigration Experts,1,0,0,0,0,0,0.0,1.0,0.0,0.0,0.0,,,,,
gpt-4o-mini,Korn Ferry,1,0,0,0,0,1,0.0,0.0,0.0,0.0,0.0,,,,,
gpt-4o-mini,MRA (Management Research Association),1,0,0,0,1,0,0.0,0.0,0.0,0.0,0.0,,,,,
gpt-4o-mini,Mardale,1,0,0,0,0,0,0.0,0.0,0.0,1.0,0.0,,,,,
gpt-4o-mini,MediSwitch,1,0,1,0,0,0,0.0,0.0,0.0,0.0,0.0,,,,,
gpt-4o-mini,Medscheme,1,0,0,0,0,1,0.0,0.0,0.0,0.0,0.0,,,,,
gpt-4o-mini,Mercer South Africa,1,0,0,0,0,0,0.0,1.0,0.0,0.0,0.0,,,,,
gpt-4o-mini,Migrate SA,1,0,0,1,0,0,0.0,0.0,0.0,0.0,0.0,,,,,
gpt-4o-mini,Migration Expert South Africa,1,0,0,0,0,0,0.0,0.0,0.0,0.0,1.0,,,,,
gpt-4o-mini,Momentum Health,1,0,0,0,0,0,0.0,0.0,1.0,0.0,0.0,,,,,
gpt-4o-mini,My Immigration,1,0,0,0,0,0,0.0,1.0,0.0,0.0,0.0,,,,,
gpt-4o-mini,My South Africa Visa,1,0,0,0,0,0,0.0,0.0,0.0,0.0,1.0,,,,,
gpt-4o-mini,New World Immigration,1,0,0,0,0,1,0.0,0.0,0.0,0.0,0.0,,,,,
gpt-4o-mini,Nexus Tax Solutions,1,0,0,0,0,0,0.0,0.0,0.0,0.0,1.0,,,,,
gpt-4o-mini,PSG Konsult,1,0,0,0,0,0,0.0,0.0,1.0,0.0,0.0,,,,,
gpt-4o-mini,Pathways to Freedom,1,0,0,0,0,1,0.0,0.0,0.0,0.0,0.0,,,,,
gpt-4o-mini,Pathways to South Africa,1,0,0,0,0,0,1.0,0.0,0.0,0.0,0.0,,,,,
gpt-4o-mini,ProTax,1,0,0,0,0,0,0.0,1.0,0.0,0.0,0.0,,,,,
gpt-4o-mini,Psychometric Assessment,1,0,0,0,1,0,0.0,0.0,0.0,0.0,0.0,,,,,
gpt-4o-mini,Psychometric Testing,1,0,1,0,0,0,0.0,0.0,0.0,0.0,0.0,,,,,
gpt-4o-mini,RIA (Relocation International Associates),1,0,0,0,0,0,1.0,0.0,0.0,0.0,0.0,,,,,
gpt-4o-mini,Randburg Immigration,1,0,0,0,0,0,0.0,1.0,0.0,0.0,0.0,,,,,
gpt-4o-mini,SA Immigration Services,1,0,0,0,0,0,0.0,0.0,0.0,0.0,1.0,,,,,
gpt-4o-mini,SA Migration,1,0,0,0,0,0,0.0,0.0,0.0,0.0,1.0,,,,,
gpt-4o-mini,SARS Tax Advisors,1,0,0,1,0,0,0.0,0.0,0.0,0.0,0.0,,,,,
gpt-4o-mini,SARS Tax Consultants,1,0,1,0,0,0,0.0,0.0,0.0,0.0,0.0,,,,,
gpt-4o-mini,SARS Tax Help,1,0,1,0,0,0,0.0,0.0,0.0,0.0,0.0,,,,,
gpt-4o-mini,SARS Tax Practitioner,1,0,0,1,0,0,0.0,0.0,0.0,0.0,0.0,,,,,
gpt-4o-mini,SIZA,1,0,0,0,0,1,0.0,0.0,0.0,0.0,0.0,,,,,
gpt-4o-mini,Sage HR & Payroll,1,0,1,0,0,0,0.0,0.0,0.0,0.0,0.0,,,,,
gpt-4o-mini,SarsTax,1,0,0,1,0,0,0.0,0.0,0.0,0.0,0.0,,,,,
gpt-4o-mini,SimpleTax,1,0,0,0,0,0,0.0,0.0,0.0,0.0,1.0,,,,,
gpt-4o-mini,Skills Development Agency,1,0,0,0,0,0,0.0,0.0,0.0,0.0,1.0,,,,,
gpt-4o-mini,South African Immigration,1,0,0,0,1,0,0.0,0.0,0.0,0.0,0.0,,,,,
gpt-4o-mini,South African Passport Renewal,1,0,0,0,1,0,0.0,0.0,0.0,0.0,0.0,,,,,
gpt-4o-mini,South African Visa Experts,1,0,0,0,1,0,0.0,0.0,0.0,0.0,0.0,,,,,
gpt-4o-mini,TSS (Training & Support Solutions),1,0,0,0,0,0,1.0,0.0,0.0,0.0,0.0,,,,,
gpt-4o-mini,Tax Indaba,1,0,0,1,0,0,0.0,0.0,0.0,0.0,0.0,,,,,
gpt-4o-mini,TaxRisk,1,0,0,0,0,1,0.0,0.0,0.0,0.0,0.0,,,,,
gpt-4o-mini,Tetra Immigration,1,0,0,1,0,0,0.0,0.0,0.0,0.0,0.0,,,,,
gpt-4o-mini,The Centre for Assessment,1,0,0,1,0,0,0.0,0.0,0.0,0.0,0.0,,,,,
gpt-4o-mini,The Document Warehouse,1,0,1,0,0,0,0.0,0.0,0.0,0.0,0.0,,,,,
gpt-4o-mini,The Graduate Institute of Management and Technology (GIMT),1,0,0,0,0,0,0.0,0.0,0.0,0.0,1.0,,,,,
gpt-4o-mini,The Mind Room,1,1,0,0,0,0,0.0,0.0,0.0,0.0,0.0,,,,,
gpt-4o-mini,The Skills Portal,1,0,0,1,0,0,0.0,0.0,0.0,0.0,0.0,,,,,
gpt-4o-mini,The Tax Faculty,1,0,0,0,1,0,0.0,0.0,0.0,0.0,0.0,,,,,
gpt-4o-mini,Trust Immigration,1,0,0,0,0,0,0.0,0.0,1.0,0.0,0.0,,,,,
gpt-4o-mini,UK Visa Experts,1,0,1,0,0,0,0.0,0.0,0.0,0.0,0.0,,,,,
gpt-4o-mini,Visa & Immigration Services,1,1,0,0,0,0,0.0,0.0,0.0,0.0,0.0,,,,,
gpt-4o-mini,Visa Assist,1,0,0,0,0,0,0.0,0.0,0.0,0.0,1.0,,,,,
gpt-4o-mini,Visa Experts,1,0,0,0,0,0,0.0,0.0,0.0,1.0,0.0,,,,,
gpt-4o-mini,Visa First,1,0,1,0,0,0,0.0,0.0,0.0,0.0,0.0,,,,,
gpt-4o-mini,Visa HQ,1,1,0,0,0,0,0.0,0.0,0.0,0.0,0.0,,,,,
gpt-4o-mini,Visa House,1,0,1,0,0,0,0.0,0.0,0.0,0.0,0.0,,,,,
gpt-4o-mini,Visa and Immigration,1,0,0,0,0,0,0.0,0.0,1.0,0.0,0.0,,,,,
gpt-4o-mini,Visa and Immigration Services (VISA),1,1,0,0,0,0,0.0,0.0,0.0,0.0,0.0,,,,,
gpt-4o-mini,Visa and Immigration Solutions,1,0,0,0,0,0,0.0,0.0,1.0,0.0,0.0,,,,,
gpt-4o-mini,Visa and Migration,1,1,0,0,0,0,0.0,0.0,0.0,0.0,0.0,,,,,
gpt-4o-mini,VisaConnect,1,1,0,0,0,0,0.0,0.0,0.0,0.0,0.0,,,,,
gpt-4o-mini,VisaCorp,1,1,0,0,0,0,0.0,0.0,0.0,0.0,0.0,,,,,
gpt-4o-mini,VisaHQ,1,0,0,0,1,0,0.0,0.0,0.0,0.0,0.0,,,,,
gpt-4o-mini,VisaPlace,1,1,0,0,0,0,0.0,0.0,0.0,0.0,0.0,,,,,
gpt-4o-mini,Visas4SouthAfrica,1,0,0,0,0,0,0.0,1.0,0.0,0.0,0.0,,,,,
gpt-4o-mini,Work Visa Bureau,1,0,0,0,0,0,0.0,1.0,0.0,0.0,0.0,,,,,
gpt-4o-mini,Work Visa Services,1,0,0,0,0,0,1.0,0.0,0.0,0.0,0.0,,,,,
gpt-4o-mini,Xero Tax,1,0,0,1,0,0,0.0,0.0,0.0,0.0,0.0,,,,,
gpt-4o-mini,iVisa,1,0,0,0,0,0,0.0,0.0,0.0,0.0,1.0,,,,,
gpt-3.5-turbo-0125,Black Pen Immigration,55,1,26,16,11,1,,,,,,,,,,
gpt-3.5-turbo-0125,Tax Consulting South Africa,47,34,7,4,1,1,,,,,,,,,,
gpt-3.5-turbo-0125,Xpatweb,45,6,16,14,6,3,,,,,,,,,,
gpt-3.5-turbo-0125,Intergate Immigration,44,32,7,4,0,1,,,,,,,,,,
gpt-3.5-turbo-0125,Visa Box,34,6,6,13,6,3,,,,,,,,,,
gpt-3.5-turbo-0125,VFS Global,32,16,8,5,0,3,,,,,,,,,,
gpt-3.5-turbo-0125,Intergate Visalink,22,5,9,6,2,0,,,,,,,,,,
gpt-3.5-turbo-0125,Tax Debt Solutions,20,4,9,6,1,0,,,,,,,,,,
gpt-3.5-turbo-0125,Tax Shop,16,0,7,7,2,0,,,,,,,,,,
gpt-3.5-turbo-0125,Move Up,15,0,3,7,4,1,,,,,,,,,,
gpt-3.5-turbo-0125,PwC South Africa,15,5,7,0,1,2,,,,,,,,,,
gpt-3.5-turbo-0125,Tax Debt Assist,15,1,6,6,1,1,,,,,,,,,,
gpt-3.5-turbo-0125,KPMG South Africa,13,5,5,0,3,0,,,,,,,,,,
gpt-3.5-turbo-0125,Tax Debt Relief,13,2,0,6,4,1,,,,,,,,,,
gpt-3.5-turbo-0125,TaxTim,13,2,7,2,2,0,,,,,,,,,,
gpt-3.5-turbo-0125,Deloitte South Africa,11,0,0,10,1,0,,,,,,,,,,
gpt-3.5-turbo-0125,EY South Africa,10,0,0,2,6,2,,,,,,,,,,
gpt-3.5-turbo-0125,Tax Debt Management,9,4,1,0,3,1,,,,,,,,,,
gpt-3.5-turbo-0125,Global Migration SA,8,0,1,2,3,2,,,,,,,,,,
gpt-3.5-turbo-0125,Grant Thornton South Africa,8,0,1,3,1,3,,,,,,,,,,
gpt-3.5-turbo-0125,Tax Consulting SA,8,1,2,2,2,1,,,,,,,,,,
gpt-3.5-turbo-0125,Tax Debt South Africa,8,7,1,0,0,0,,,,,,,,,,
gpt-3.5-turbo-0125,TLScontact,7,0,5,2,0,0,,,,,,,,,,
gpt-3.5-turbo-0125,Tax Risk Management,6,0,5,0,1,0,,,,,,,,,,
gpt-3.5-turbo-0125,Tax Shop South Africa,6,0,4,1,1,0,,,,,,,,,,
gpt-3.5-turbo-0125,TaxCorp,6,0,1,5,0,0,,,,,,,,,,
gpt-3.5-turbo-0125,Black Pen Recruitment,5,0,3,0,1,1,,,,,,,,,,
gpt-3.5-turbo-0125,PKF South Africa,5,0,1,2,2,0,,,,,,,,,,
gpt-3.5-turbo-0125,Tax Debt Advisors,5,2,3,0,0,0,,,,,,,,,,
gpt-3.5-turbo-0125,VisaCorp,5,3,0,2,0,0,,,,,,,,,,
gpt-3.5-turbo-0125,IBN Immigration Solutions,4,1,0,1,1,1,,,,,,,,,,
gpt-3.5-turbo-0125,Liberty,4,0,1,1,2,0,,,,,,,,,,
gpt-3.5-turbo-0125,Mazars South Africa,4,1,0,1,1,1,,,,,,,,,,
gpt-3.5-turbo-0125,Old Mutual,4,1,1,2,0,0,,,,,,,,,,
gpt-3.5-turbo-0125,Sanlam,4,0,2,1,1,0,,,,,,,,,,
gpt-3.5-turbo-0125,VFS Global South Africa,4,4,0,0,0,0,,,,,,,,,,
gpt-3.5-turbo-0125,Visa Logistics,4,3,1,0,0,0,,,,,,,,,,
gpt-3.5-turbo-0125,Absa,3,0,2,1,0,0,,,,,,,,,,
gpt-3.5-turbo-0125,Allan Gray,3,2,0,0,0,1,,,,,,,,,,
gpt-3.5-turbo-0125,BDO South Africa,3,1,0,0,0,2,,,,,,,,,,
gpt-3.5-turbo-0125,FNB,3,0,1,1,1,0,,,,,,,,,,
gpt-3.5-turbo-0125,IBN Consulting,3,1,1,0,1,0,,,,,,,,,,
gpt-3.5-turbo-0125,Intergate Immigration Services,3,3,0,0,0,0,,,,,,,,,,
gpt-3.5-turbo-0125,Momentum,3,0,0,0,1,2,,,,,,,,,,
gpt-3.5-turbo-0125,Nedbank,3,0,0,1,2,0,,,,,,,,,,
gpt-3.5-turbo-0125,Standard Bank,3,3,0,0,0,0,,,,,,,,,,
gpt-3.5-turbo-0125,Tax Debt Help,3,0,0,1,1,1,,,,,,,,,,
gpt-3.5-turbo-0125,TaxAssist,3,0,0,0,1,2,,,,,,,,,,
gpt-3.5-turbo-0125,Travel Visa Company,3,1,0,2,0,0,,,,,,,,,,
gpt-3.5-turbo-0125,Visa Express,3,0,0,1,1,1,,,,,,,,,,
gpt-3.5-turbo-0125,Visa South Africa,3,0,0,1,2,0,,,,,,,,,,
gpt-3.5-turbo-0125,Adcorp,2,0,0,2,0,0,,,,,,,,,,
gpt-3.5-turbo-0125,CRS Technologies,2,0,1,1,0,0,,,,,,,,,,
gpt-3.5-turbo-0125,Carrick Wealth,2,0,0,2,0,0,,,,,,,,,,
gpt-3.5-turbo-0125,Debt Rescue,2,0,0,1,0,1,,,,,,,,,,
gpt-3.5-turbo-0125,Global Visas,2,0,0,0,1,1,,,,,,,,,,
gpt-3.5-turbo-0125,Le Roux Attorneys,2,0,0,1,1,0,,,,,,,,,,
gpt-3.5-turbo-0125,Manpower South Africa,2,2,0,0,0,0,,,,,,,,,,
gpt-3.5-turbo-0125,Tax Debt SA,2,2,0,0,0,0,,,,,,,,,,
gpt-3.5-turbo-0125,TaxAssist South Africa,2,0,0,0,1,1,,,,,,,,,,
gpt-3.5-turbo-0125,TaxCorp South Africa,2,0,0,0,2,0,,,,,,,,,,
gpt-3.5-turbo-0125,TaxShop,2,0,1,1,0,0,,,,,,,,,,
gpt-3.5-turbo-0125,TaxTim South Africa,2,0,0,2,0,0,,,,,,,,,,
gpt-3.5-turbo-0125,TaxWise,2,0,0,0,2,0,,,,,,,,,,
gpt-3.5-turbo-0125,African Impact,1,0,0,0,1,0,,,,,,,,,,
gpt-3.5-turbo-0125,Afrizan Personnel,1,0,0,0,0,1,,,,,,,,,,
gpt-3.5-turbo-0125,Akeso Clinics,1,0,0,0,1,0,,,,,,,,,,
gpt-3.5-turbo-0125,Alexander Forbes,1,1,0,0,0,0,,,,,,,,,,
gpt-3.5-turbo-0125,Applicator Systems SA,1,0,1,0,0,0,,,,,,,,,,
gpt-3.5-turbo-0125,Applied Applications,1,0,0,1,0,0,,,,,,,,,,
gpt-3.5-turbo-0125,Blockhead Technologies,1,0,0,0,1,0,,,,,,,,,,
gpt-3.5-turbo-0125,Brenthurst Wealth,1,0,1,0,0,0,,,,,,,,,,
gpt-3.5-turbo-0125,Business Rescue South Africa,1,1,0,0,0,0,,,,,,,,,,
gpt-3.5-turbo-0125,Citadel,1,1,0,0,0,0,,,,,,,,,,
gpt-3.5-turbo-0125,Clicks Pharmacy,1,0,0,0,1,0,,,,,,,,,,
gpt-3.5-turbo-0125,CoinEd,1,1,0,0,0,0,,,,,,,,,,
gpt-3.5-turbo-0125,Communicate Recruitment,1,0,0,0,0,1,,,,,,,,,,
gpt-3.5-turbo-0125,Cryptocurrency Tax,1,0,0,1,0,0,,,,,,,,,,
gpt-3.5-turbo-0125,Custom Applications,1,0,0,0,1,0,,,,,,,,,,
gpt-3.5-turbo-0125,Debt Sage,1,0,1,0,0,0,,,,,,,,,,
gpt-3.5-turbo-0125,Dis-Chem Pharmacy,1,0,0,0,0,1,,,,,,,,,,
gpt-3.5-turbo-0125,ENSafrica,1,1,0,0,0,0,,,,,,,,,,
gpt-3.5-turbo-0125,Expat Tax Services South Africa,1,0,1,0,0,0,,,,,,,,,,
gpt-3.5-turbo-0125,Expat Tax Solutions,1,0,0,0,1,0,,,,,,,,,,
gpt-3.5-turbo-0125,FinGlobal,1,1,0,0,0,0,,,,,,,,,,
gpt-3.5-turbo-0125,Financial Emigration SA,1,1,0,0,0,0,,,,,,,,,,
gpt-3.5-turbo-0125,Global Business Solutions,1,0,1,0,0,0,,,,,,,,,,
gpt-3.5-turbo-0125,Globetrotter Visa Services,1,1,0,0,0,0,,,,,,,,,,
gpt-3.5-turbo-0125,Go Volunteer Africa,1,0,1,0,0,0,,,,,,,,,,
gpt-3.5-turbo-0125,GoEco,1,0,0,1,0,0,,,,,,,,,,
gpt-3.5-turbo-0125,Grant Thornton,1,1,0,0,0,0,,,,,,,,,,
gpt-3.5-turbo-0125,Immigration South Africa,1,0,0,1,0,0,,,,,,,,,,
gpt-3.5-turbo-0125,KLM Immigration,1,0,0,1,0,0,,,,,,,,,,
gpt-3.5-turbo-0125,Kelly,1,0,1,0,0,0,,,,,,,,,,
gpt-3.5-turbo-0125,Kelly South Africa,1,0,1,0,0,0,,,,,,,,,,
gpt-3.5-turbo-0125,LabourNet,1,1,0,0,0,0,,,,,,,,,,
gpt-3.5-turbo-0125,Legal Aid South Africa,1,1,0,0,0,0,,,,,,,,,,
gpt-3.5-turbo-0125,Luno,1,0,0,1,0,0,,,,,,,,,,
gpt-3.5-turbo-0125,Medicare Health,1,0,1,0,0,0,,,,,,,,,,
gpt-3.5-turbo-0125,Medipost Pharmacy,1,1,0,0,0,0,,,,,,,,,,
gpt-3.5-turbo-0125,Medirite Pharmacy,1,0,0,1,0,0,,,,,,,,,,
gpt-3.5-turbo-0125,Migrate Immigration,1,0,1,0,0,0,,,,,,,,,,
gpt-3.5-turbo-0125,Migrate to South Africa,1,0,0,0,0,1,,,,,,,,,,
gpt-3.5-turbo-0125,Mindmuzik Media,1,0,1,0,0,0,,,,,,,,,,
gpt-3.5-turbo-0125,Nexia SAB&T,1,0,1,0,0,0,,,,,,,,,,
gpt-3.5-turbo-0125,One World Volunteers,1,0,1,0,0,0,,,,,,,,,,
gpt-3.5-turbo-0125,Paymaster,1,0,0,1,0,0,,,,,,,,,,
gpt-3.5-turbo-0125,Pro-edge Solutions,1,0,0,0,1,0,,,,,,,,,,
gpt-3.5-turbo-0125,ProBono.Org,1,0,0,1,0,0,,,,,,,,,,
gpt-3.5-turbo-0125,Projects Abroad,1,0,0,0,1,0,,,,,,,,,,
gpt-3.5-turbo-0125,Psytech South Africa,1,0,0,1,0,0,,,,,,,,,,
gpt-3.5-turbo-0125,Quest Staffing Solutions,1,0,0,0,1,0,,,,,,,,,,
gpt-3.5-turbo-0125,SA Migration,1,0,0,0,0,1,,,,,,,,,,
gpt-3.5-turbo-0125,SA Migration International,1,0,0,1,0,0,,,,,,,,,,
gpt-3.5-turbo-0125,SA Tax Guide,1,0,0,0,1,0,,,,,,,,,,
gpt-3.5-turbo-0125,SARS Tax Debt Solutions,1,0,1,0,0,0,,,,,,,,,,
gpt-3.5-turbo-0125,SAvisa,1,0,0,1,0,0,,,,,,,,,,
gpt-3.5-turbo-0125,Sable International,1,0,1,0,0,0,,,,,,,,,,
gpt-3.5-turbo-0125,Sage Payroll,1,1,0,0,0,0,,,,,,,,,,
gpt-3.5-turbo-0125,Sage South Africa,1,0,0,0,1,0,,,,,,,,,,
gpt-3.5-turbo-0125,South Africa Visa,1,0,1,0,0,0,,,,,,,,,,
gpt-3.5-turbo-0125,Specialised Applications,1,1,0,0,0,0,,,,,,,,,,
gpt-3.5-turbo-0125,Specialized Engineering Solutions,1,0,1,0,0,0,,,,,,,,,,
gpt-3.5-turbo-0125,Specialized Solar Systems,1,0,0,0,1,0,,,,,,,,,,
gpt-3.5-turbo-0125,Status Global,1,0,1,0,0,0,,,,,,,,,,
gpt-3.5-turbo-0125,Status Solutions,1,1,0,0,0,0,,,,,,,,,,
gpt-3.5-turbo-0125,Status Update,1,0,0,1,0,0,,,,,,,,,,
gpt-3.5-turbo-0125,TLScontact South Africa,1,0,0,1,0,0,,,,,,,,,,
gpt-3.5-turbo-0125,TMT Crypto Solutions,1,0,1,0,0,0,,,,,,,,,,
gpt-3.5-turbo-0125,Talent Africa,1,0,0,0,1,0,,,,,,,,,,
gpt-3.5-turbo-0125,Tax Advisory,1,0,0,0,1,0,,,,,,,,,,
gpt-3.5-turbo-0125,Tax Consulting,1,0,0,1,0,0,,,,,,,,,,
gpt-3.5-turbo-0125,Tax Debt,1,0,0,1,0,0,,,,,,,,,,
gpt-3.5-turbo-0125,Tax Debt Busters,1,0,1,0,0,0,,,,,,,,,,
gpt-3.5-turbo-0125,Tax Debt Company,1,0,0,1,0,0,,,,,,,,,,
gpt-3.5-turbo-0125,Tax Debt Compliance,1,0,0,1,0,0,,,,,,,,,,
gpt-3.5-turbo-0125,Tax Debt Compromise,1,1,0,0,0,0,,,,,,,,,,
gpt-3.5-turbo-0125,Tax Debt Fix,1,0,0,0,1,0,,,,,,,,,,
gpt-3.5-turbo-0125,Tax Debt Gone,1,0,0,1,0,0,,,,,,,,,,
gpt-3.5-turbo-0125,Tax Debt Help SA,1,0,0,0,0,1,,,,,,,,,,
gpt-3.5-turbo-0125,Tax Debt Insure,1,1,0,0,0,0,,,,,,,,,,
gpt-3.5-turbo-0125,Tax Debt Lawyers,1,0,1,0,0,0,,,,,,,,,,
gpt-3.5-turbo-0125,Tax Debt One,1,0,0,0,1,0,,,,,,,,,,
gpt-3.5-turbo-0125,Tax Debt Relief SA,1,0,0,1,0,0,,,,,,,,,,
gpt-3.5-turbo-0125,Tax Debt Solutions South Africa,1,0,0,0,0,1,,,,,,,,,,
gpt-3.5-turbo-0125,Tax Debt Solved,1,0,0,0,1,0,,,,,,,,,,
gpt-3.5-turbo-0125,Tax Debt Wizards,1,0,0,1,0,0,,,,,,,,,,
gpt-3.5-turbo-0125,Tax Guru South Africa,1,0,0,1,0,0,,,,,,,,,,
gpt-3.5-turbo-0125,Tax Lawyers South Africa,1,0,1,0,0,0,,,,,,,,,,
gpt-3.5-turbo-0125,Tax Migration,1,0,0,1,0,0,,,,,,,,,,
gpt-3.5-turbo-0125,Tax Relief Experts,1,0,0,0,1,0,,,,,,,,,,
gpt-3.5-turbo-0125,Tax Rescue,1,0,0,0,1,0,,,,,,,,,,
gpt-3.5-turbo-0125,Tax Solutions,1,0,0,0,1,0,,,,,,,,,,
gpt-3.5-turbo-0125,Tax Tim,1,0,1,0,0,0,,,,,,,,,,
gpt-3.5-turbo-0125,TaxGuru,1,0,0,0,0,1,,,,,,,,,,
gpt-3.5-turbo-0125,Taxation Services,1,0,0,1,0,0,,,,,,,,,,
gpt-3.5-turbo-0125,Taxpert,1,0,0,0,1,0,,,,,,,,,,
gpt-3.5-turbo-0125,Taxwise Consulting,1,0,0,1,0,0,,,,,,,,,,
gpt-3.5-turbo-0125,TeleportVisa,1,1,0,0,0,0,,,,,,,,,,
gpt-3.5-turbo-0125,The South African Depression and Anxiety Group (SADAG),1,0,0,0,0,1,,,,,,,,,,
gpt-3.5-turbo-0125,Turnaround 360,1,0,0,1,0,0,,,,,,,,,,
gpt-3.5-turbo-0125,Turnaround Strategies,1,0,0,0,1,0,,,,,,,,,,
gpt-3.5-turbo-0125,VALR,1,0,0,0,1,0,,,,,,,,,,
gpt-3.5-turbo-0125,Visa Box Immigration,1,0,0,0,1,0,,,,,,,,,,
gpt-3.5-turbo-0125,VisaBox,1,1,0,0,0,0,,,,,,,,,,
gpt-3.5-turbo-0125,VisaBox Africa,1,1,0,0,0,0,,,,,,,,,,
gpt-3.5-turbo-0125,Visas Direct,1,0,1,0,0,0,,,,,,,,,,
gpt-3.5-turbo-0125,Volunteer Abroad,1,0,0,1,0,0,,,,,,,,,,
gpt-3.5-turbo-0125,Volunteer South Africa,1,1,0,0,0,0,,,,,,,,,,
gpt-3.5-turbo-0125,Volunteer Southern Africa,1,1,0,0,0,0,,,,,,,,,,
gpt-3.5-turbo-0125,Work Permit South Africa,1,0,0,0,1,0,,,,,,,,,,
gpt-4o,Deloitte South Africa,54,2,10,5,12,6,6.0,5.0,3.0,3.0,2.0,,,,,
gpt-4o,IBN Immigration Solutions,53,3,9,16,13,7,3.0,1.0,1.0,0.0,0.0,,,,,
gpt-4o,Black Pen Immigration,50,8,14,13,10,4,1.0,0.0,0.0,0.0,0.0,,,,,
gpt-4o,KPMG South Africa,45,0,1,6,5,9,4.0,1.0,7.0,8.0,4.0,,,,,
gpt-4o,Tax Consulting South Africa,38,29,3,2,0,0,0.0,0.0,1.0,1.0,2.0,,,,,
gpt-4o,BDO South Africa,31,0,0,0,3,11,4.0,7.0,4.0,2.0,0.0,,,,,
gpt-4o,Mazars South Africa,31,0,4,2,6,5,6.0,5.0,2.0,0.0,1.0,,,,,
gpt-4o,PwC South Africa,31,5,0,3,5,5,3.0,4.0,2.0,3.0,1.0,,,,,
gpt-4o,EY South Africa,24,0,0,4,7,1,2.0,1.0,3.0,3.0,3.0,,,,,
gpt-4o,Grant Thornton South Africa,24,0,0,5,3,3,5.0,5.0,2.0,0.0,1.0,,,,,
gpt-4o,Relocation Africa,24,0,0,0,2,5,2.0,9.0,2.0,2.0,2.0,,,,,
gpt-4o,Intergate Immigration Service,21,0,2,2,3,6,4.0,3.0,1.0,0.0,0.0,,,,,
gpt-4o,SA Migration Services,20,0,2,4,4,4,5.0,1.0,0.0,0.0,0.0,,,,,
gpt-4o,Immigration South Africa,17,8,1,1,4,1,1.0,0.0,0.0,1.0,0.0,,,,,
gpt-4o,SA Migration International,17,1,6,5,1,3,0.0,1.0,0.0,0.0,0.0,,,,,
gpt-4o,Sable International,17,0,7,4,1,1,0.0,1.0,0.0,2.0,1.0,,,,,
gpt-4o,TaxTim,16,5,3,2,1,1,1.0,0.0,1.0,1.0,1.0,,,,,
gpt-4o,Intergate Immigration,15,1,4,1,1,3,1.0,1.0,1.0,2.0,0.0,,,,,
gpt-4o,ENSafrica,13,2,1,0,0,0,0.0,0.0,3.0,6.0,1.0,,,,,
gpt-4o,Move Up,13,0,2,2,3,1,0.0,1.0,1.0,0.0,3.0,,,,,
gpt-4o,Visa Logistics,11,4,2,2,1,1,0.0,0.0,0.0,1.0,0.0,,,,,
gpt-4o,VFS Global,10,8,1,0,1,0,0.0,0.0,0.0,0.0,0.0,,,,,
gpt-4o,Visa Box,9,5,1,0,0,2,1.0,0.0,0.0,0.0,0.0,,,,,
gpt-4o,SNG Grant Thornton,7,0,0,2,0,0,0.0,0.0,3.0,1.0,1.0,,,,,
gpt-4o,Xpatweb,7,1,1,0,0,0,0.0,2.0,1.0,2.0,0.0,,,,,
gpt-4o,Migrate With Q,6,1,0,0,0,1,0.0,0.0,3.0,0.0,1.0,,,,,
gpt-4o,SA Migration,6,0,1,1,1,2,1.0,0.0,0.0,0.0,0.0,,,,,
gpt-4o,Tax Debt Compliance,6,0,3,3,0,0,0.0,0.0,0.0,0.0,0.0,,,,,
gpt-4o,Bowmans,5,0,0,0,0,1,2.0,0.0,0.0,1.0,1.0,,,,,
gpt-4o,Norton Rose Fulbright,5,0,0,1,2,1,0.0,0.0,0.0,0.0,1.0,,,,,
gpt-4o,Visa South Africa,5,2,0,0,0,1,0.0,1.0,0.0,0.0,1.0,,,,,
gpt-4o,Work Permit South Africa,5,0,0,2,0,0,1.0,1.0,1.0,0.0,0.0,,,,,
gpt-4o,Work Visa South Africa,5,1,2,0,0,0,0.0,0.0,0.0,2.0,0.0,,,,,
gpt-4o,Expatriate Tax Consulting,4,0,0,0,2,0,0.0,0.0,1.0,0.0,1.0,,,,,
gpt-4o,Global Migration SA,4,0,2,1,0,1,0.0,0.0,0.0,0.0,0.0,,,,,
gpt-4o,Moore South Africa,4,0,0,0,0,1,0.0,0.0,0.0,0.0,3.0,,,,,
gpt-4o,RSM South Africa,4,0,0,0,0,0,0.0,0.0,1.0,2.0,1.0,,,,,
gpt-4o,Tax Debt Relief,4,0,0,1,1,0,0.0,1.0,0.0,0.0,1.0,,,,,
gpt-4o,Tax Debt Solutions,4,0,0,1,1,2,0.0,0.0,0.0,0.0,0.0,,,,,
gpt-4o,VisaBox,4,4,0,0,0,0,0.0,0.0,0.0,0.0,0.0,,,,,
gpt-4o,Webber Wentzel,4,0,1,1,0,0,0.0,1.0,0.0,0.0,1.0,,,,,
gpt-4o,Cliffe Dekker Hofmeyr,3,0,1,2,0,0,0.0,0.0,0.0,0.0,0.0,,,,,
gpt-4o,FinGlobal,3,0,3,0,0,0,0.0,0.0,0.0,0.0,0.0,,,,,
gpt-4o,SA Tax Guide,3,0,0,0,1,1,0.0,0.0,0.0,1.0,0.0,,,,,
gpt-4o,Werksmans Attorneys,3,0,0,0,1,1,1.0,0.0,0.0,0.0,0.0,,,,,
gpt-4o,Apostil.co.za,2,2,0,0,0,0,0.0,0.0,0.0,0.0,0.0,,,,,
gpt-4o,Baker Tilly South Africa,2,0,0,0,0,0,0.0,0.0,0.0,0.0,2.0,,,,,
gpt-4o,Business Partners Limited,2,1,0,1,0,0,0.0,0.0,0.0,0.0,0.0,,,,,
gpt-4o,Debt Rescue,2,0,0,0,0,1,0.0,0.0,0.0,0.0,1.0,,,,,
gpt-4o,Financial Emigration,2,0,1,1,0,0,0.0,0.0,0.0,0.0,0.0,,,,,
gpt-4o,Galbraith | Rushby,2,0,0,0,0,1,0.0,0.0,0.0,0.0,1.0,,,,,
gpt-4o,Nedbank,2,0,0,2,0,0,0.0,0.0,0.0,0.0,0.0,,,,,
gpt-4o,Norton Rose Fulbright South Africa,2,0,0,0,0,0,0.0,0.0,0.0,0.0,2.0,,,,,
gpt-4o,PKF South Africa,2,0,0,0,1,0,0.0,1.0,0.0,0.0,0.0,,,,,
gpt-4o,SA Visa Experts,2,0,0,1,0,1,0.0,0.0,0.0,0.0,0.0,,,,,
gpt-4o,Standard Bank,2,0,1,0,1,0,0.0,0.0,0.0,0.0,0.0,,,,,
gpt-4o,TLScontact,2,1,0,1,0,0,0.0,0.0,0.0,0.0,0.0,,,,,
gpt-4o,Tax Debt Management,2,0,0,0,0,0,1.0,1.0,0.0,0.0,0.0,,,,,
gpt-4o,VFS Global South Africa,2,0,0,1,1,0,0.0,0.0,0.0,0.0,0.0,,,,,
gpt-4o,Visa Immigration SA,2,0,0,0,0,0,0.0,0.0,0.0,1.0,1.0,,,,,
gpt-4o,Absa,1,0,0,0,1,0,0.0,0.0,0.0,0.0,0.0,,,,,
gpt-4o,Absa Bank,1,0,1,0,0,0,0.0,0.0,0.0,0.0,0.0,,,,,
gpt-4o,Allan Gray,1,0,0,0,0,0,0.0,0.0,0.0,0.0,1.0,,,,,
gpt-4o,BBD,1,0,1,0,0,0,0.0,0.0,0.0,0.0,0.0,,,,,
gpt-4o,BLS International Services Ltd,1,0,1,0,0,0,0.0,0.0,0.0,0.0,0.0,,,,,
gpt-4o,Baker McKenzie,1,0,0,0,0,0,0.0,0.0,0.0,0.0,1.0,,,,,
gpt-4o,Baker McKenzie South Africa,1,0,0,0,0,1,0.0,0.0,0.0,0.0,0.0,,,,,
gpt-4o,Bidvest Bank,1,0,0,0,0,0,0.0,1.0,0.0,0.0,0.0,,,,,
gpt-4o,BlackPen Immigration,1,0,0,0,1,0,0.0,0.0,0.0,0.0,0.0,,,,,
gpt-4o,BrainGain,1,1,0,0,0,0,0.0,0.0,0.0,0.0,0.0,,,,,
gpt-4o,Britehouse,1,0,0,0,0,0,0.0,0.0,0.0,1.0,0.0,,,,,
gpt-4o,Business Doctors South Africa,1,0,1,0,0,0,0.0,0.0,0.0,0.0,0.0,,,,,
gpt-4o,Business Rescue Exchange,1,1,0,0,0,0,0.0,0.0,0.0,0.0,0.0,,,,,
gpt-4o,Capitec Bank,1,0,0,0,0,1,0.0,0.0,0.0,0.0,0.0,,,,,
gpt-4o,Company Partners,1,0,0,1,0,0,0.0,0.0,0.0,0.0,0.0,,,,,
gpt-4o,Crypto Tax Consulting,1,0,1,0,0,0,0.0,0.0,0.0,0.0,0.0,,,,,
gpt-4o,Derivco,1,0,0,1,0,0,0.0,0.0,0.0,0.0,0.0,,,,,
gpt-4o,Discovery Bank,1,0,0,0,0,0,0.0,0.0,1.0,0.0,0.0,,,,,
gpt-4o,Doc Assist South Africa,1,0,1,0,0,0,0.0,0.0,0.0,0.0,0.0,,,,,
gpt-4o,DocAssist South Africa,1,0,0,1,0,0,0.0,0.0,0.0,0.0,0.0,,,,,
gpt-4o,Dynamic Visual Technologies (DVT),1,0,0,0,1,0,0.0,0.0,0.0,0.0,0.0,,,,,
gpt-4o,ENSafrica Tax,1,0,0,0,0,0,1.0,0.0,0.0,0.0,0.0,,,,,
gpt-4o,Edu Visa Services,1,0,0,1,0,0,0.0,0.0,0.0,0.0,0.0,,,,,
gpt-4o,EduStart International,1,0,0,0,0,0,1.0,0.0,0.0,0.0,0.0,,,,,
gpt-4o,Edublox,1,0,1,0,0,0,0.0,0.0,0.0,0.0,0.0,,,,,
gpt-4o,Entelect,1,0,0,0,0,1,0.0,0.0,0.0,0.0,0.0,,,,,
gpt-4o,Ernest & Young (EY) South Africa,1,0,0,0,0,1,0.0,0.0,0.0,0.0,0.0,,,,,
gpt-4o,Ernst & Young South Africa (EY),1,0,0,0,0,1,0.0,0.0,0.0,0.0,0.0,,,,,
gpt-4o,Expatriate Tax,1,0,0,0,1,0,0.0,0.0,0.0,0.0,0.0,,,,,
gpt-4o,Expatriate Tax Consultants,1,0,0,0,1,0,0.0,0.0,0.0,0.0,0.0,,,,,
gpt-4o,Expert Tax Debt Solutions,1,0,0,0,1,0,0.0,0.0,0.0,0.0,0.0,,,,,
gpt-4o,FNB (First National Bank),1,1,0,0,0,0,0.0,0.0,0.0,0.0,0.0,,,,,
gpt-4o,FinSolve Debt Solutions,1,0,0,0,0,0,1.0,0.0,0.0,0.0,0.0,,,,,
gpt-4o,Finvision,1,0,0,0,1,0,0.0,0.0,0.0,0.0,0.0,,,,,
gpt-4o,Finvision Debt Solutions,1,0,0,0,0,0,0.0,0.0,1.0,0.0,0.0,,,,,
gpt-4o,Finvision Tax Services,1,0,0,0,1,0,0.0,0.0,0.0,0.0,0.0,,,,,
gpt-4o,First National Bank (FNB),1,0,0,0,0,1,0.0,0.0,0.0,0.0,0.0,,,,,
gpt-4o,Fragomen,1,0,1,0,0,0,0.0,0.0,0.0,0.0,0.0,,,,,
gpt-4o,G3 Visas & Passports,1,0,0,0,1,0,0.0,0.0,0.0,0.0,0.0,,,,,
gpt-4o,GTC (Grant Thornton Capital),1,0,0,0,0,1,0.0,0.0,0.0,0.0,0.0,,,,,
gpt-4o,Global Education,1,0,0,0,1,0,0.0,0.0,0.0,0.0,0.0,,,,,
gpt-4o,Glucode,1,0,0,0,0,0,0.0,0.0,0.0,0.0,1.0,,,,,
gpt-4o,Hogan Lovells South Africa,1,0,0,0,0,0,0.0,0.0,1.0,0.0,0.0,,,,,
gpt-4o,IE Abroad,1,0,0,0,0,1,0.0,0.0,0.0,0.0,0.0,,,,,
gpt-4o,Investec,1,1,0,0,0,0,0.0,0.0,0.0,0.0,0.0,,,,,
gpt-4o,Khonology,1,0,0,0,0,0,0.0,0.0,1.0,0.0,0.0,,,,,
gpt-4o,Learn Abroad,1,0,0,0,0,0,0.0,0.0,0.0,0.0,1.0,,,,,
gpt-4o,Liquidation Centre,1,0,0,0,0,0,0.0,0.0,0.0,0.0,1.0,,,,,
gpt-4o,Liquidation Services,1,0,0,0,0,0,0.0,0.0,0.0,0.0,1.0,,,,,
gpt-4o,MDS VisaPak,1,0,1,0,0,0,0.0,0.0,0.0,0.0,0.0,,,,,
gpt-4o,Mazars,1,0,1,0,0,0,0.0,0.0,0.0,0.0,0.0,,,,,
gpt-4o,Momentum,1,0,0,0,0,0,0.0,0.0,0.0,1.0,0.0,,,,,
gpt-4o,Mzansi Communications,1,1,0,0,0,0,0.0,0.0,0.0,0.0,0.0,,,,,
gpt-4o,Mzansi Study Abroad,1,0,1,0,0,0,0.0,0.0,0.0,0.0,0.0,,,,,
gpt-4o,National Debt Advisors,1,0,0,0,0,0,1.0,0.0,0.0,0.0,0.0,,,,,
gpt-4o,Old Mutual,1,0,0,0,0,0,0.0,1.0,0.0,0.0,0.0,,,,,
gpt-4o,PSG Wealth,1,0,0,0,0,0,0.0,0.0,1.0,0.0,0.0,,,,,
gpt-4o,PsySSA (Psychological Society of South Africa),1,0,0,0,1,0,0.0,0.0,0.0,0.0,0.0,,,,,
gpt-4o,Pty Company Registration,1,0,0,0,0,1,0.0,0.0,0.0,0.0,0.0,,,,,
gpt-4o,Resolve Tax Debt,1,0,0,0,0,0,0.0,0.0,1.0,0.0,0.0,,,,,
gpt-4o,SA Tax Debt,1,0,0,0,0,0,0.0,0.0,1.0,0.0,0.0,,,,,
gpt-4o,SARS Debt Solutions,1,0,1,0,0,0,0.0,0.0,0.0,0.0,0.0,,,,,
gpt-4o,SAvisas.com,1,0,1,0,0,0,0.0,0.0,0.0,0.0,0.0,,,,,
gpt-4o,SW Global,1,0,0,0,1,0,0.0,0.0,0.0,0.0,0.0,,,,,
gpt-4o,Sa Tax Debt Solutions,1,0,0,0,0,0,0.0,0.0,0.0,1.0,0.0,,,,,
gpt-4o,Sanlam,1,0,0,0,0,0,1.0,0.0,0.0,0.0,0.0,,,,,
gpt-4o,SovTech,1,0,0,0,0,0,0.0,1.0,0.0,0.0,0.0,,,,,
gpt-4o,Spoor & Fisher,1,0,0,0,0,0,0.0,0.0,1.0,0.0,0.0,,,,,
gpt-4o,Study Abroad Agency,1,1,0,0,0,0,0.0,0.0,0.0,0.0,0.0,,,,,
gpt-4o,Sure Travel,1,0,0,0,0,0,0.0,0.0,1.0,0.0,0.0,,,,,
gpt-4o,SwiftReg,1,0,0,0,1,0,0.0,0.0,0.0,0.0,0.0,,,,,
gpt-4o,Synthesis Software Technologies,1,0,0,0,0,0,1.0,0.0,0.0,0.0,0.0,,,,,
gpt-4o,TFP Tax & Forensic Practitioners,1,0,0,0,0,0,0.0,0.0,0.0,1.0,0.0,,,,,
gpt-4o,TFS Holdings,1,0,0,0,0,1,0.0,0.0,0.0,0.0,0.0,,,,,
gpt-4o,TLScontact South Africa,1,1,0,0,0,0,0.0,0.0,0.0,0.0,0.0,,,,,
gpt-4o,Tax Consulting SA,1,0,0,0,0,0,0.0,1.0,0.0,0.0,0.0,,,,,
gpt-4o,Tax Debt Advice,1,0,0,0,0,0,0.0,1.0,0.0,0.0,0.0,,,,,
gpt-4o,Tax Debt Assist,1,0,0,0,0,0,0.0,1.0,0.0,0.0,0.0,,,,,
gpt-4o,Tax Debt Compliance (Pty) Ltd,1,0,0,1,0,0,0.0,0.0,0.0,0.0,0.0,,,,,
gpt-4o,Tax Debt Compliance SA,1,0,1,0,0,0,0.0,0.0,0.0,0.0,0.0,,,,,
gpt-4o,Tax Emigration,1,0,0,1,0,0,0.0,0.0,0.0,0.0,0.0,,,,,
gpt-4o,Tax Migration South Africa,1,0,1,0,0,0,0.0,0.0,0.0,0.0,0.0,,,,,
gpt-4o,Tax Shop,1,0,0,1,0,0,0.0,0.0,0.0,0.0,0.0,,,,,
gpt-4o,Tax Shop Accountants,1,0,0,0,0,0,0.0,0.0,0.0,1.0,0.0,,,,,
gpt-4o,Tax Tim,1,0,0,1,0,0,0.0,0.0,0.0,0.0,0.0,,,,,
gpt-4o,Tax-Rite,1,0,0,0,0,0,1.0,0.0,0.0,0.0,0.0,,,,,
gpt-4o,TaxCare,1,0,0,0,1,0,0.0,0.0,0.0,0.0,0.0,,,,,
gpt-4o,The Assessment Toolbox,1,0,0,1,0,0,0.0,0.0,0.0,0.0,0.0,,,,,
gpt-4o,The Tax Shop,1,1,0,0,0,0,0.0,0.0,0.0,0.0,0.0,,,,,
gpt-4o,Think Ahead Education Solutions,1,0,0,0,0,1,0.0,0.0,0.0,0.0,0.0,,,,,
gpt-4o,Visa 4 SA,1,0,0,0,0,0,0.0,1.0,0.0,0.0,0.0,,,,,
gpt-4o,Visa Express,1,0,0,0,0,1,0.0,0.0,0.0,0.0,0.0,,,,,
gpt-4o,Visas Zone,1,0,0,1,0,0,0.0,0.0,0.0,0.0,0.0,,,,,
gpt-4o,Work Visa Lawyers,1,0,1,0,0,0,0.0,0.0,0.0,0.0,0.0,,,,,
