brand,total,rank_1,rank_2,rank_3,rank_4,rank_5,rank_6,rank_7,rank_8,rank_9,rank_10,rank_11,rank_12,rank_13,rank_14,rank_15
Intergate Immigration,445,252,67,53,24,25,8,6,5,4,1,0,0,0,0,0
Immigration South Africa,377,15,136,63,68,43,22,14,9,4,3,0,0,0,0,0
Tax Consulting South Africa,331,234,31,15,11,17,4,2,6,6,5,0,0,0,0,0
Black Pen Immigration,299,75,90,52,38,17,4,8,4,9,2,0,0,0,0,0
XpatWeb,292,37,42,80,38,37,20,9,16,8,5,0,0,0,0,0
IBN Immigration Solutions,284,10,63,86,58,40,13,5,4,2,3,0,0,0,0,0
PWC South Africa,262,59,22,38,42,30,25,20,9,9,8,0,0,0,0,0
Sable International,246,15,60,65,42,34,9,6,8,5,2,0,0,0,0,0
KPMG South Africa,244,8,21,25,51,43,23,20,21,20,10,2,0,0,0,0
Deloitte South Africa,242,6,52,33,40,33,26,16,17,8,10,0,1,0,0,0
BDO South Africa,237,6,5,22,33,68,33,36,17,6,10,0,1,0,0,0
Mazars South Africa,215,7,38,25,24,17,33,28,20,14,9,0,0,0,0,0
New World Immigration,189,8,20,44,53,32,7,6,3,7,9,0,0,0,0,0
Grant Thornton South Africa,146,0,1,8,9,19,23,34,24,17,11,0,0,0,0,0
VFS Global,127,67,18,9,4,8,2,3,3,10,3,0,0,0,0,0
Global Migration SA,121,5,16,23,25,26,11,7,2,5,1,0,0,0,0,0
Le Roux Attorneys,111,0,3,9,13,20,19,19,14,7,7,0,0,0,0,0
EY South Africa,108,0,0,33,28,8,8,6,9,6,8,0,1,1,0,0
TaxTim,106,25,29,18,8,4,3,5,2,7,5,0,0,0,0,0
SA Migration International,92,2,13,18,20,12,7,7,5,3,5,0,0,0,0,0
Move Up,79,10,7,13,13,6,1,6,10,4,9,0,0,0,0,0
ENSafrica,78,20,8,2,4,6,7,11,7,9,4,0,0,0,0,0
[Intergate,77,50,23,3,0,1,0,0,0,0,0,0,0,0,0,0
[Tax Consulting South,75,42,6,9,5,9,4,0,0,0,0,0,0,0,0,0
Tax Consulting SA,71,49,6,3,2,4,2,5,0,0,0,0,0,0,0,0
Immigration Solutions,69,0,3,3,3,6,6,7,10,11,20,0,0,0,0,0
Eisenberg & Associates,68,5,2,1,4,4,15,13,12,7,5,0,0,0,0,0
SNG Grant Thornton (,63,0,5,3,1,2,4,4,21,12,11,0,0,0,0,0
Intergate Visalink,60,28,21,8,2,1,0,0,0,0,0,0,0,0,0,0
[New World,59,0,2,46,9,2,0,0,0,0,0,0,0,0,0,0
[Tax & Legal,55,0,5,9,8,7,5,5,5,6,5,0,0,0,0,0
Global Migration,54,0,0,0,2,2,8,13,6,10,13,0,0,0,0,0
Tax Shop,53,0,8,19,9,3,2,4,5,2,1,0,0,0,0,0
VisaPro,52,19,7,4,5,1,1,9,2,3,1,0,0,0,0,0
[Tax Consulting,49,0,18,9,8,7,2,1,1,1,2,0,0,0,0,0
PKF South Africa,47,0,1,4,10,7,5,3,8,5,4,0,0,0,0,0
Visa Box,46,13,7,13,6,6,1,0,0,0,0,0,0,0,0,0
Relocation Africa:,45,0,0,5,4,10,5,12,2,5,2,0,0,0,0,0
Intergate Immigration Service,42,3,6,6,6,9,6,4,1,1,0,0,0,0,0,0
[Visa,41,4,2,3,7,22,1,0,1,1,0,0,0,0,0,0
Webber Wentzel,40,1,12,5,2,5,3,3,5,2,2,0,0,0,0,0
Fragomen,38,13,10,5,0,7,1,1,0,0,1,0,0,0,0,0
Visa Solutions,38,1,6,4,5,7,5,3,2,3,2,0,0,0,0,0
Intergate Immigration Services,37,4,12,6,4,6,2,0,2,1,0,0,0,0,0,0
SA Migration Services,37,0,8,6,9,8,5,1,0,0,0,0,0,0,0,0
Visa and Immigration Services,36,18,7,5,0,1,0,1,1,2,1,0,0,0,0,0
Mazars,35,4,9,9,4,6,1,1,0,1,0,0,0,0,0,0
Visa Logistics,34,20,5,2,4,2,0,0,0,1,0,0,0,0,0,0
[Immigration South,34,0,0,4,18,9,2,1,0,0,0,0,0,0,0,0
Expatriate Law,32,0,0,0,2,6,6,4,1,6,7,0,0,0,0,0
[VisaHQ South,32,2,0,0,5,24,0,0,0,1,0,0,0,0,0,0
Tax Debt Solutions,31,6,10,8,2,3,0,0,0,1,1,0,0,0,0,0
Visa Solutions South Africa,31,0,6,11,4,7,1,0,0,0,2,0,0,0,0,0
RSM South Africa,29,0,0,2,0,1,0,2,6,11,7,0,0,0,0,0
Bowmans,28,1,5,8,1,2,3,3,1,2,2,0,0,0,0,0
Breytenbachs Immigration Consultants:,28,9,3,7,5,3,0,0,1,0,0,0,0,0,0,0
Nova Immigration,28,0,0,3,17,7,1,0,0,0,0,0,0,0,0,0
Migrate to South Africa,27,0,0,0,2,4,4,2,7,4,4,0,0,0,0,0
Old Mutual,27,7,10,4,2,0,1,3,0,0,0,0,0,0,0,0
**Nexia SAB&T** â€“,26,0,1,0,0,0,2,7,1,8,7,0,0,0,0,0
SA Migration,26,0,3,1,2,6,3,2,5,1,3,0,0,0,0,0
Cliffe Dekker Hofmeyr,24,0,1,6,10,2,1,0,2,1,1,0,0,0,0,0
Ernst & Young South Africa,24,0,0,1,7,2,5,4,1,2,2,0,0,0,0,0
Sanlam,24,7,7,4,2,1,1,0,0,1,1,0,0,0,0,0
South African Immigration Services,24,0,3,6,5,3,5,1,1,0,0,0,0,0,0,0
Work Visa South Africa,24,3,3,2,2,2,2,3,3,3,1,0,0,0,0,0
[Immigration,24,0,1,1,7,6,7,1,1,0,0,0,0,0,0,0
Allan Gray,23,4,2,0,4,7,3,0,0,2,1,0,0,0,0,0
Global Visas,23,0,1,1,6,8,3,2,1,1,0,0,0,0,0,0
Liberty,23,0,2,6,6,4,2,1,2,0,0,0,0,0,0,0
The Tax Shop,23,1,1,6,10,3,1,0,1,0,0,0,0,0,0,0
[Immigration Lawyers South,23,2,1,0,10,3,1,3,3,0,0,0,0,0,0,0
Expatriate Tax Services,22,1,14,1,0,3,2,1,0,0,0,0,0,0,0,0
Momentum,22,0,0,1,7,7,4,0,0,2,1,0,0,0,0,0
Tax Debt Relief,22,2,0,10,6,2,0,1,0,0,1,0,0,0,0,0
Visa South Africa,22,8,0,2,3,2,1,2,2,1,1,0,0,0,0,0
[Sable,22,1,2,2,12,4,0,0,1,0,0,0,0,0,0,0
[Tax &,22,0,4,5,8,1,4,0,0,0,0,0,0,0,0,0
Work Permit South Africa,21,0,0,3,2,0,3,3,3,6,1,0,0,0,0,0
**South African Immigration**,20,0,5,6,4,3,1,0,0,0,1,0,0,0,0,0
Pathways Immigration,20,1,0,1,4,7,1,3,1,2,0,0,0,0,0,0
Visa One International,20,0,3,5,5,4,1,1,0,1,0,0,0,0,0,0
Global Migration Solutions,19,0,2,0,4,5,3,4,0,1,0,0,0,0,0,0
Hobbs Sinclair,19,0,0,1,3,3,2,3,3,1,3,0,0,0,0,0
Investec,19,1,3,0,0,4,2,5,2,1,1,0,0,0,0,0
[SARS (South African Revenue Service)](,19,8,5,2,0,1,3,0,0,0,0,0,0,0,0,0
Nedbank,17,0,0,4,10,0,1,0,0,1,1,0,0,0,0,0
Pathways,17,0,0,0,0,2,2,3,2,2,6,0,0,0,0,0
South African Visa,17,0,1,1,1,1,4,2,2,1,4,0,0,0,0,0
Tax Debt Assist,17,1,6,6,1,2,0,1,0,0,0,0,0,0,0,0
Move Up Immigration,16,0,4,3,2,5,1,0,0,1,0,0,0,0,0,0
Pathway Visas,16,0,0,0,0,5,1,1,1,4,4,0,0,0,0,0
Standard Bank,16,8,4,2,1,0,0,0,1,0,0,0,0,0,0,0
FinGlobal,15,2,7,4,0,1,0,0,0,0,1,0,0,0,0,0
Tax Debt Management:,15,4,2,2,4,1,1,1,0,0,0,0,0,0,0,0
Werksmans Attorneys,15,1,0,3,2,6,2,0,0,0,1,0,0,0,0,0
Absa,14,0,4,5,2,0,3,0,0,0,0,0,0,0,0,0
Immigration South Africa (ISA):,14,5,5,2,1,1,0,0,0,0,0,0,0,0,0,0
PricewaterhouseCoopers (PwC) South Africa,14,4,3,1,1,2,1,0,0,2,0,0,0,0,0,0
[Deloitte South,14,1,5,7,0,0,1,0,0,0,0,0,0,0,0,0
[EY South,14,0,0,6,7,0,0,1,0,0,0,0,0,0,0,0
[PwC South,14,5,8,0,0,1,0,0,0,0,0,0,0,0,0,0
[VFS,14,10,1,0,0,1,0,0,2,0,0,0,0,0,0,0
Financial Emigration,13,0,1,3,1,0,0,1,4,2,1,0,0,0,0,0
Immigration SA,13,0,1,1,0,0,1,4,6,0,0,0,0,0,0,0
Tax Debt Compliance,13,0,8,5,0,0,0,0,0,0,0,0,0,0,0,0
Visa Direct,13,0,5,1,3,1,1,0,0,1,1,0,0,0,0,0
Cryptotax,12,1,1,0,2,6,0,1,0,0,1,0,0,0,0,0
Newland Chase:,12,0,3,5,1,1,1,0,1,0,0,0,0,0,0,0
PSG Wealth,12,0,0,0,0,1,4,4,2,1,0,0,0,0,0,0
ProTax,12,0,0,2,5,2,0,3,0,0,0,0,0,0,0,0
STC Immigration:,12,0,0,2,2,7,0,1,0,0,0,0,0,0,0,0
TLScontact,12,1,8,3,0,0,0,0,0,0,0,0,0,0,0,0
The Immigration Company,12,0,0,1,2,3,2,2,1,1,0,0,0,0,0,0
Visa Hub,12,0,1,3,2,2,2,1,0,0,1,0,0,0,0,0
[Newland,12,0,0,10,2,0,0,0,0,0,0,0,0,0,0,0
AJM Tax,11,1,3,5,0,0,0,0,1,0,1,0,0,0,0,0
Crypto Tax Calculator,11,0,5,1,1,1,1,0,0,2,0,0,0,0,0,0
Immigration Consultants of South Africa,11,0,2,0,1,1,1,0,3,1,2,0,0,0,0,0
Tax Leaders,11,0,0,0,0,2,3,3,0,1,1,1,0,0,0,0
Tax Risk Management Services,11,0,4,4,0,0,2,1,0,0,0,0,0,0,0,0
[Cliffe Dekker,11,0,1,1,0,1,3,2,2,1,0,0,0,0,0,0
**TaxWise**,10,0,2,2,3,3,0,0,0,0,0,0,0,0,0,0
AJS Group,10,0,3,1,4,2,0,0,0,0,0,0,0,0,0,0
Cape Town Immigration,10,0,1,1,1,3,2,1,1,0,0,0,0,0,0,0
Global Visa Solutions,10,0,0,0,3,3,2,0,2,0,0,0,0,0,0,0
IBN Business & Immigration Solutions:,10,1,2,3,1,2,1,0,0,0,0,0,0,0,0,0
Moore South Africa,10,0,1,1,0,1,0,0,0,2,5,0,0,0,0,0
Remata Tax and Accounting Services,10,0,4,1,0,0,1,1,2,0,1,0,0,0,0,0
SA Immigration,10,0,1,0,3,0,1,1,1,3,0,0,0,0,0,0
SA Tax Guide,10,0,1,1,4,1,0,0,1,1,1,0,0,0,0,0
Tax Debt South Africa,10,8,1,1,0,0,0,0,0,0,0,0,0,0,0,0
Tax Partners,10,0,0,0,0,2,0,3,3,0,2,0,0,0,0,0
[Webber,10,1,1,0,0,2,2,1,1,1,1,0,0,0,0,0
**Global Immigration Solutions**,9,0,0,0,4,1,3,1,0,0,0,0,0,0,0,0
Craig Smith & Associates,9,0,1,1,0,0,0,1,3,2,1,0,0,0,0,0
Galbraith | Rushby,9,0,1,0,1,2,2,0,0,0,3,0,0,0,0,0
Grant Thornton,9,1,0,0,1,2,2,2,1,0,0,0,0,0,0,0
Migrate With Q:,9,1,0,0,1,1,0,2,3,0,1,0,0,0,0,0
SPS Immigration Specialists,9,0,0,0,4,5,0,0,0,0,0,0,0,0,0,0
Sars eFiling,9,1,0,4,1,1,1,0,0,0,1,0,0,0,0,0
The Visa Company,9,0,1,1,1,5,0,0,0,0,1,0,0,0,0,0
VisaSouthAfrica,9,7,2,0,0,0,0,0,0,0,0,0,0,0,0,0
[Tax Consulting South Africa (Pty),9,0,1,1,1,1,1,1,1,1,1,0,0,0,0,0
[Tax Practitioners South,9,0,0,3,2,3,0,1,0,0,0,0,0,0,0,0
**Immigration Lawyers South Africa**,8,1,0,0,1,2,0,2,1,1,0,0,0,0,0,0
Alexander Forbes,8,2,1,2,0,0,0,1,0,2,0,0,0,0,0,0
Black Pen Recruitment,8,1,5,0,1,1,0,0,0,0,0,0,0,0,0,0
Discovery,8,0,0,1,2,1,2,2,0,0,0,0,0,0,0,0
Global Visa Support,8,0,0,0,1,2,4,1,0,0,0,0,0,0,0,0
Le Roux Attorneys Inc:,8,0,1,3,1,0,1,1,1,0,0,0,0,0,0,0
Octagon Financial Solutions,8,0,0,0,0,0,1,2,1,3,1,0,0,0,0,0
PKF,8,0,0,0,2,4,1,0,1,0,0,0,0,0,0,0
Rand Rescue,8,0,0,4,0,2,0,0,0,1,1,0,0,0,0,0
SA Visa,8,1,0,1,1,1,2,1,0,0,1,0,0,0,0,0
SIA Legal & Associates,8,0,0,1,6,1,0,0,0,0,0,0,0,0,0,0
Tax Tim,8,0,1,2,2,1,0,0,0,1,1,0,0,0,0,0
VFS Global South Africa,8,4,0,1,1,0,0,0,1,1,0,0,0,0,0,0
VisaBox:,8,6,1,0,1,0,0,0,0,0,0,0,0,0,0,0
ATA Tax Consultants,7,0,4,1,1,1,0,0,0,0,0,0,0,0,0,0
Debt Rescue,7,1,0,1,0,3,0,1,0,0,1,0,0,0,0,0
Ernst & Young (EY) South Africa,7,0,0,1,6,0,0,0,0,0,0,0,0,0,0,0
FNB,7,0,2,2,2,0,0,0,0,0,1,0,0,0,0,0
FNB (First National Bank),7,4,0,1,0,0,0,0,0,1,1,0,0,0,0,0
IBN Consulting:,7,1,1,1,3,0,0,1,0,0,0,0,0,0,0,0
Integritax,7,0,0,1,0,0,0,1,0,2,3,0,0,0,0,0
Intergate Emigration,7,3,1,0,3,0,0,0,0,0,0,0,0,0,0,0
MDR Tax Solutions,7,0,1,0,4,1,1,0,0,0,0,0,0,0,0,0
SSA Global,7,0,0,0,7,0,0,0,0,0,0,0,0,0,0,0
Sovereign Trust SA,7,1,2,2,0,0,0,1,1,0,0,0,0,0,0,0
Tax Shop South Africa,7,0,5,1,1,0,0,0,0,0,0,0,0,0,0,0
VisaCorp,7,4,0,3,0,0,0,0,0,0,0,0,0,0,0,0
[Grant Thornton South,7,2,0,0,0,4,0,0,0,1,0,0,0,0,0,0
[Norton Rose Fulbright South,7,0,0,0,0,0,1,0,1,2,3,0,0,0,0,0
[SARS Tax,7,1,0,4,0,2,0,0,0,0,0,0,0,0,0,0
[Tax & Accounting,7,0,0,0,2,1,1,1,2,0,0,0,0,0,0,0
**Cliffe Dekker Hofmeyr (CDH):**,6,0,0,0,2,4,0,0,0,0,0,0,0,0,0,0
**VisaHQ**,6,1,0,1,3,1,0,0,0,0,0,0,0,0,0,0
Capitec Bank,6,0,0,0,0,4,2,0,0,0,0,0,0,0,0,0
Crypto Tax,6,0,3,1,2,0,0,0,0,0,0,0,0,0,0,0
Expatriate Tax Consulting,6,0,0,0,3,0,0,0,1,0,2,0,0,0,0,0
Fragomen South Africa,6,1,1,0,1,3,0,0,0,0,0,0,0,0,0,0
Immigration.sa,6,0,0,0,0,1,1,0,1,2,1,0,0,0,0,0
Koinly,6,2,0,3,0,0,0,0,1,0,0,0,0,0,0,0
MDH Accounting,6,0,0,2,1,3,0,0,0,0,0,0,0,0,0,0
Norton Rose Fulbright South Africa:,6,0,0,0,1,2,1,0,0,0,2,0,0,0,0,0
Norton Rose Fulbright:,6,0,0,1,2,2,0,0,0,0,1,0,0,0,0,0
Passport South Africa,6,0,0,0,0,1,2,2,0,1,0,0,0,0,0,0
SARS Tax Practitioners,6,0,4,1,0,0,1,0,0,0,0,0,0,0,0,0
SPS Immigration,6,0,0,0,1,5,0,0,0,0,0,0,0,0,0,0
Saffas Abroad,6,0,0,0,1,5,0,0,0,0,0,0,0,0,0,0
Schindlers Attorneys,6,0,0,0,0,2,0,3,0,1,0,0,0,0,0,0
Sovereign Trust,6,0,5,0,0,0,0,1,0,0,0,0,0,0,0,0
Tax Debt Help:,6,0,1,3,1,1,0,0,0,0,0,0,0,0,0,0
Tax Risk Management,6,0,5,0,1,0,0,0,0,0,0,0,0,0,0,0
TaxCorp,6,0,1,5,0,0,0,0,0,0,0,0,0,0,0,0
Travel Visa Pro,6,0,0,3,3,0,0,0,0,0,0,0,0,0,0,0
Visalogix,6,4,1,1,0,0,0,0,0,0,0,0,0,0,0,0
[BLS,6,0,6,0,0,0,0,0,0,0,0,0,0,0,0,0
[Mazars South,6,0,0,0,0,0,0,0,5,0,1,0,0,0,0,0
[Nomad,6,0,0,4,0,0,0,0,2,0,0,0,0,0,0,0
**Pathfinder Immigration:**,5,0,0,0,1,4,0,0,0,0,0,0,0,0,0,0
**VisaHQ South Africa**,5,2,0,0,0,3,0,0,0,0,0,0,0,0,0,0
AXIOM Tax Solutions:,5,0,0,0,0,5,0,0,0,0,0,0,0,0,0,0
AltCoinTrader Tax,5,4,0,0,0,0,0,0,1,0,0,0,0,0,0,0
Apex Tax Solutions:,5,0,0,3,1,0,0,0,0,1,0,0,0,0,0,0
Baker Tilly South Africa,5,0,0,0,0,0,0,1,1,0,3,0,0,0,0,0
Cashkows,5,2,1,1,0,1,0,0,0,0,0,0,0,0,0,0
Coronation,5,0,0,0,0,0,0,1,2,2,0,0,0,0,0,0
Expat Tax,5,0,1,0,2,0,1,1,0,0,0,0,0,0,0,0
Expat Tax South Africa:,5,0,0,1,3,1,0,0,0,0,0,0,0,0,0,0
Expatriate Tax Solutions,5,0,1,1,1,1,1,0,0,0,0,0,0,0,0,0
First National Bank (FNB),5,0,3,0,1,1,0,0,0,0,0,0,0,0,0,0
IMCOSA Immigration,5,0,0,0,0,1,0,2,2,0,0,0,0,0,0,0
Immigration Direct South Africa,5,1,0,0,1,2,1,0,0,0,0,0,0,0,0,0
Koinly South Africa (,5,0,2,0,0,0,0,1,0,0,2,0,0,0,0,0
LabourNet,5,2,2,1,0,0,0,0,0,0,0,0,0,0,0,0
Nedbank Private Wealth:,5,0,0,1,0,0,0,0,1,1,2,0,0,0,0,0
SARS Tax Help,5,0,4,1,0,0,0,0,0,0,0,0,0,0,0,0
South Africa Visa,5,0,4,0,1,0,0,0,0,0,0,0,0,0,0,0
Tax Consulting South Africa (TCSA),5,4,0,1,0,0,0,0,0,0,0,0,0,0,0,0
Tax Debt Advisors,5,2,3,0,0,0,0,0,0,0,0,0,0,0,0,0
TaxShop,5,0,1,2,0,0,1,1,0,0,0,0,0,0,0,0
Visa & Permit Solutions,5,0,1,0,1,2,0,0,1,0,0,0,0,0,0,0
Visa First,5,1,3,1,0,0,0,0,0,0,0,0,0,0,0,0
Visa and Immigration Consultants,5,4,0,0,1,0,0,0,0,0,0,0,0,0,0,0
[BDO South,5,0,0,0,0,0,5,0,0,0,0,0,0,0,0,0
[Nexia,5,0,0,0,0,0,0,5,0,0,0,0,0,0,0,0
[Sasfin,5,4,0,0,0,0,0,0,0,1,0,0,0,0,0,0
[Tax & Compliance,5,0,0,0,0,1,1,0,2,1,0,0,0,0,0,0
[Tax Assist South,5,0,0,0,3,1,0,1,0,0,0,0,0,0,0,0
[VFS Global South,5,0,2,3,0,0,0,0,0,0,0,0,0,0,0,0
[Workforce,5,1,0,0,0,0,1,2,0,0,1,0,0,0,0,0
**SA Immigration Services**,4,0,0,0,0,0,0,1,2,0,1,0,0,0,0,0
**Workpermit.com**,4,0,0,0,1,1,0,1,0,1,0,0,0,0,0,0
ABSA Bank,4,0,1,1,1,1,0,0,0,0,0,0,0,0,0,0
ATAX,4,0,0,3,0,0,0,0,0,1,0,0,0,0,0,0
Adams & Adams,4,0,0,0,0,1,0,1,0,1,1,0,0,0,0,0
AltCoinTrader,4,3,0,1,0,0,0,0,0,0,0,0,0,0,0,0
Bidvest Bank,4,0,0,0,0,0,1,2,0,0,0,1,0,0,0,0
Crypto Tax South Africa,4,1,3,0,0,0,0,0,0,0,0,0,0,0,0,0
Exceed Tax and Advisory Services,4,1,0,0,1,0,0,0,0,0,1,0,0,1,0,0
Expatriate Solutions,4,0,0,0,0,0,1,2,0,0,1,0,0,0,0,0
FinSolve Debt Solutions,4,0,0,0,1,2,1,0,0,0,0,0,0,0,0,0
Henley & Partners,4,1,0,0,1,0,0,1,1,0,0,0,0,0,0,0
ICA (Immigration Consultants Africa),4,0,0,2,0,2,0,0,0,0,0,0,0,0,0,0
Immigration Direct SA,4,0,0,1,2,0,0,0,0,0,1,0,0,0,0,0
Le Roux Attorneys Immigration,4,0,0,0,1,0,1,0,2,0,0,0,0,0,0,0
New World Immigration Pty Ltd,4,0,4,0,0,0,0,0,0,0,0,0,0,0,0,0
Ninety One,4,0,0,0,0,0,2,1,0,0,1,0,0,0,0,0
Permits SA,4,0,0,0,0,0,1,0,1,1,1,0,0,0,0,0
Pro Tax,4,0,0,0,1,1,2,0,0,0,0,0,0,0,0,0
Rand Merchant Bank,4,0,0,0,0,1,0,2,0,0,1,0,0,0,0,0
SBN Immigration:,4,0,0,1,0,2,1,0,0,0,0,0,0,0,0,0
Saffery Trust South Africa,4,0,1,2,0,0,0,0,1,0,0,0,0,0,0,0
Sage,4,0,4,0,0,0,0,0,0,0,0,0,0,0,0,0
SarsTax,4,0,1,3,0,0,0,0,0,0,0,0,0,0,0,0
South Africa Immigration,4,0,2,0,0,1,1,0,0,0,0,0,0,0,0,0
Status Immigration,4,0,0,1,0,0,0,0,1,1,1,0,0,0,0,0
Sygnia:,4,0,0,0,0,0,0,1,3,0,0,0,0,0,0,0
Tax Rescue,4,0,2,0,1,0,0,0,0,0,1,0,0,0,0,0
TaxAssist,4,0,1,0,1,2,0,0,0,0,0,0,0,0,0,0
The Tax Faculty,4,0,0,1,2,0,1,0,0,0,0,0,0,0,0,0
Visa & Immigration Services,4,3,0,0,1,0,0,0,0,0,0,0,0,0,0,0
Visa & Migration Solutions,4,0,1,0,0,2,0,0,0,0,1,0,0,0,0,0
Visa Express,4,0,0,1,1,2,0,0,0,0,0,0,0,0,0,0
Visa Facilitation Services (VFS):,4,0,2,0,1,0,0,0,0,0,1,0,0,0,0,0
Visa First South Africa:,4,0,0,2,1,1,0,0,0,0,0,0,0,0,0,0
Visa and Immigration Solutions,4,2,0,0,0,0,0,0,1,1,0,0,0,0,0,0
Visas and Permits,4,0,0,1,2,0,0,0,0,1,0,0,0,0,0,0
Visas for South Africa,4,0,0,0,1,1,0,0,1,0,1,0,0,0,0,0
Work Permits South Africa,4,3,0,0,0,0,0,0,0,0,1,0,0,0,0,0
Work Visa Lawyers,4,2,2,0,0,0,0,0,0,0,0,0,0,0,0,0
Work Visa SA,4,0,0,0,0,0,0,1,0,1,2,0,0,0,0,0
[Debt,4,0,2,0,0,0,0,0,1,0,1,0,0,0,0,0
[FNB (First National,4,0,1,1,2,0,0,0,0,0,0,0,0,0,0,0
[Nedbank Private,4,0,0,0,2,0,1,0,0,0,1,0,0,0,0,0
[Standard,4,1,0,2,1,0,0,0,0,0,0,0,0,0,0,0
[Talent,4,0,0,1,1,1,0,1,0,0,0,0,0,0,0,0
[Tax & Financial,4,0,0,0,0,1,0,1,1,0,1,0,0,0,0,0
[Workaway](,4,2,2,0,0,0,0,0,0,0,0,0,0,0,0,0
**Global Immigration Partners**,3,0,0,0,0,0,0,0,2,1,0,0,0,0,0,0
**Immigration Lawyers South Africa (ILSA)**,3,1,2,0,0,0,0,0,0,0,0,0,0,0,0,0
**Legal & Tax Services**:,3,1,0,1,1,0,0,0,0,0,0,0,0,0,0,0
**Old Mutual Wealth**,3,0,0,0,1,1,0,1,0,0,0,0,0,0,0,0
**Tax & Legal Advisors**,3,0,0,0,1,2,0,0,0,0,0,0,0,0,0,0
**Tax & VAT Consultants** â€“,3,0,0,0,1,1,0,0,0,0,1,0,0,0,0,0
**Visas4SouthAfrica**,3,1,0,0,1,0,0,1,0,0,0,0,0,0,0,0
A Tax Practitioner,3,0,0,0,1,2,0,0,0,0,0,0,0,0,0,0
AF Immigration,3,0,0,0,0,0,1,0,1,1,0,0,0,0,0,0
Apex Tax Consultants,3,0,1,2,0,0,0,0,0,0,0,0,0,0,0,0
BLS International,3,0,2,1,0,0,0,0,0,0,0,0,0,0,0,0
Brenthurst Wealth Management:,3,0,0,0,0,1,2,0,0,0,0,0,0,0,0,0
Business Partners Limited,3,1,0,1,1,0,0,0,0,0,0,0,0,0,0,0
Cape Town Visa,3,0,0,2,0,1,0,0,0,0,0,0,0,0,0,0
Company Partners,3,0,0,2,1,0,0,0,0,0,0,0,0,0,0,0
CryptoTaxAfrica,3,0,0,0,1,0,0,1,1,0,0,0,0,0,0,0
E&Y South Africa,3,0,0,0,0,0,0,0,0,2,1,0,0,0,0,0
Emigrate2,3,0,0,0,0,1,0,0,0,1,1,0,0,0,0,0
Emigration South Africa,3,0,0,0,0,1,0,0,1,0,1,0,0,0,0,0
Exchange4Free,3,0,0,0,0,0,0,2,0,0,0,0,0,1,0,0
ICA,3,0,1,1,0,1,0,0,0,0,0,0,0,0,0,0
IMCOSA,3,0,2,1,0,0,0,0,0,0,0,0,0,0,0,0
Immigration Advice South Africa,3,0,0,0,0,0,0,0,0,2,1,0,0,0,0,0
Immigration Experts:,3,1,0,0,0,0,1,1,0,0,0,0,0,0,0,0
Immigration Nation,3,0,0,0,1,0,0,0,0,1,1,0,0,0,0,0
Intergate Visas,3,1,2,0,0,0,0,0,0,0,0,0,0,0,0,0
Lawyers for Human Rights,3,1,1,0,0,0,0,0,1,0,0,0,0,0,0,0
Luno,3,1,0,2,0,0,0,0,0,0,0,0,0,0,0,0
Mazars in South Africa,3,0,0,0,0,0,3,0,0,0,0,0,0,0,0,0
Mercer South Africa:,3,0,0,0,0,0,0,1,1,1,0,0,0,0,0,0
Migrate Me,3,0,0,0,0,0,2,0,1,0,0,0,0,0,0,0
SA Crypto Tax,3,1,1,1,0,0,0,0,0,0,0,0,0,0,0,0
SAAAC:,3,0,1,1,0,1,0,0,0,0,0,0,0,0,0,0
SARS Debt Solutions,3,0,3,0,0,0,0,0,0,0,0,0,0,0,0,0
SARS Tax Debt Solutions,3,0,2,0,1,0,0,0,0,0,0,0,0,0,0,0
SARS Tax Solutions,3,0,2,0,1,0,0,0,0,0,0,0,0,0,0,0
SEESA,3,0,2,0,0,1,0,0,0,0,0,0,0,0,0,0
STC Immigration Consultants,3,0,0,1,1,1,0,0,0,0,0,0,0,0,0,0
Saffron Financial,3,0,0,0,1,2,0,0,0,0,0,0,0,0,0,0
South African Revenue Service (SARS) (,3,0,1,0,0,0,0,1,1,0,0,0,0,0,0,0
Tax Debt Compliance SA,3,0,3,0,0,0,0,0,0,0,0,0,0,0,0,0
Tax Matters,3,0,0,0,1,0,1,0,0,0,1,0,0,0,0,0
TaxCorp South Africa,3,0,1,0,2,0,0,0,0,0,0,0,0,0,0,0
TaxLab,3,0,0,0,0,1,1,0,1,0,0,0,0,0,0,0
TaxLawHome,3,0,0,0,0,0,2,0,1,0,0,0,0,0,0,0
The Emigration Group,3,0,1,1,1,0,0,0,0,0,0,0,0,0,0,0
The Immigration Group,3,0,0,0,0,1,0,0,0,0,2,0,0,0,0,0
Travel Visa Company,3,1,0,2,0,0,0,0,0,0,0,0,0,0,0,0
Xago,3,1,0,0,0,0,0,1,1,0,0,0,0,0,0,0
[FNB Private,3,0,0,0,0,2,1,0,0,0,0,0,0,0,0,0
[Global Immigration,3,0,0,0,0,1,1,1,0,0,0,0,0,0,0,0
[Global Visa,3,0,0,0,0,1,1,0,1,0,0,0,0,0,0,0
[Immigration Experts South,3,0,0,0,0,0,0,2,1,0,0,0,0,0,0,0
[SA,3,0,0,0,0,1,1,0,1,0,0,0,0,0,0,0
[Tax,3,0,3,0,0,0,0,0,0,0,0,0,0,0,0,0
[Tax & Advisory,3,0,0,0,0,0,0,1,0,1,1,0,0,0,0,0
[Tax & VAT,3,0,0,0,1,1,1,0,0,0,0,0,0,0,0,0
[Travel Visa,3,0,1,1,1,0,0,0,0,0,0,0,0,0,0,0
[Visa Express South,3,0,0,0,0,0,0,0,2,0,1,0,0,0,0,0
[Werksmans,3,0,0,0,0,0,0,0,0,0,3,0,0,0,0,0
iVisa,3,0,0,1,0,1,0,0,0,0,1,0,0,0,0,0
**CryptoTax SA**,2,0,0,0,1,0,0,0,0,0,1,0,0,0,0,0
**Deloitte**,2,0,1,0,1,0,0,0,0,0,0,0,0,0,0,0
**Discovery Life**,2,0,0,2,0,0,0,0,0,0,0,0,0,0,0,0
**FNB Wealth & Investments**,2,0,0,0,0,0,0,0,2,0,0,0,0,0,0,0
**Immigration South Africa (IBN Business & Immigration Solutions)**:,2,0,0,0,2,0,0,0,0,0,0,0,0,0,0,0
**Immigration South Africa (IBN Immigration Solutions):**,2,0,1,1,0,0,0,0,0,0,0,0,0,0,0,0
**KPMG South Africa**: home.kpmg/za/en/home.html,2,0,0,0,1,0,0,0,0,0,1,0,0,0,0,0
**Legal Aid South Africa**,2,1,0,0,0,0,0,1,0,0,0,0,0,0,0,0
**Legal Resources Centre**,2,0,1,0,1,0,0,0,0,0,0,0,0,0,0,0
**Standard Bank Wealth & Investment**,2,0,0,0,0,0,0,0,0,2,0,0,0,0,0,0
**Tax Compliance South Africa**,2,0,0,0,0,2,0,0,0,0,0,0,0,0,0,0
**Tax Risk Solutions**,2,0,2,0,0,0,0,0,0,0,0,0,0,0,0,0
**VISA HQ**,2,1,0,1,0,0,0,0,0,0,0,0,0,0,0,0
**Visa Experts**,2,1,0,0,0,0,0,0,0,1,0,0,0,0,0,0
**WorkPermits South Africa**,2,0,0,0,0,1,1,0,0,0,0,0,0,0,0,0
**Workpermit.com South Africa**,2,0,0,0,0,2,0,0,0,0,0,0,0,0,0,0
10X Investments:,2,1,0,0,0,0,1,0,0,0,0,0,0,0,0,0
1Life,2,0,0,0,0,0,1,0,0,1,0,0,0,0,0,0
1st Tax Solutions,2,0,0,1,0,1,0,0,0,0,0,0,0,0,0,0
21st Century:,2,2,0,0,0,0,0,0,0,0,0,0,0,0,0,0
AG Immigration,2,0,0,0,0,0,1,1,0,0,0,0,0,0,0,0
Accenture South Africa,2,0,0,0,1,0,1,0,0,0,0,0,0,0,0,0
Adcorp,2,0,0,2,0,0,0,0,0,0,0,0,0,0,0,0
African Impact:,2,1,0,0,1,0,0,0,0,0,0,0,0,0,0,0
Akeso Clinics:,2,0,0,0,1,0,1,0,0,0,0,0,0,0,0,0
Apostil.co.za,2,2,0,0,0,0,0,0,0,0,0,0,0,0,0,0
Auditproof,2,0,0,0,0,0,0,1,0,0,1,0,0,0,0,0
Avenant Attorneys,2,0,0,0,2,0,0,0,0,0,0,0,0,0,0,0
BIC,2,0,0,1,0,1,0,0,0,0,0,0,0,0,0,0
Baker McKenzie,2,0,0,0,0,0,0,0,0,0,2,0,0,0,0,0
Baker McKenzie South Africa,2,0,0,0,0,1,0,0,1,0,0,0,0,0,0,0
Bishopsgate,2,2,0,0,0,0,0,0,0,0,0,0,0,0,0,0
Bowman Gilfillan:,2,0,1,0,0,0,0,1,0,0,0,0,0,0,0,0
Bowmans Law:,2,0,0,0,1,0,0,0,0,0,1,0,0,0,0,0
Bowmans Tax Practice,2,0,0,0,0,0,1,0,1,0,0,0,0,0,0,0
Brenthurst Wealth:,2,0,1,1,0,0,0,0,0,0,0,0,0,0,0,0
CIBTvisas,2,0,0,0,1,0,0,1,0,0,0,0,0,0,0,0
CIPC,2,0,0,0,0,0,0,0,0,1,1,0,0,0,0,0
CRS Technologies,2,0,1,1,0,0,0,0,0,0,0,0,0,0,0,0
Cape Immigration,2,0,1,0,1,0,0,0,0,0,0,0,0,0,0,0
Cape Town Immigration Consultants,2,0,0,0,0,2,0,0,0,0,0,0,0,0,0,0
Capital Migrations,2,0,0,0,0,1,0,0,0,0,1,0,0,0,0,0
Carrick Wealth,2,0,0,2,0,0,0,0,0,0,0,0,0,0,0,0
Caveat Legal,2,0,0,2,0,0,0,0,0,0,0,0,0,0,0,0
ChainEX,2,0,1,0,0,0,1,0,0,0,0,0,0,0,0,0
Citadel,2,1,0,0,0,0,1,0,0,0,0,0,0,0,0,0
Citadel Wealth Management:,2,0,0,0,1,0,0,0,0,0,1,0,0,0,0,0
CoinTracking,2,0,0,0,0,2,0,0,0,0,0,0,0,0,0,0
Coronation Fund Managers,2,0,0,0,0,0,0,0,1,0,1,0,0,0,0,0
Crypto Tax Consulting,2,0,2,0,0,0,0,0,0,0,0,0,0,0,0,0
CryptoTaxCalculator (,2,0,0,1,0,1,0,0,0,0,0,0,0,0,0,0
De Beer Attorneys,2,0,0,1,0,0,1,0,0,0,0,0,0,0,0,0
Discovery Bank,2,0,0,0,0,0,1,0,1,0,0,0,0,0,0,0
Discovery Health,2,0,1,0,0,0,1,0,0,0,0,0,0,0,0,0
E-visa South Africa,2,0,0,0,1,1,0,0,0,0,0,0,0,0,0,0
EasyTax,2,0,0,1,0,0,0,0,0,1,0,0,0,0,0,0
Emigrate to South Africa,2,0,0,0,0,0,0,1,1,0,0,0,0,0,0,0
Engaged Business Turnaround,2,0,1,0,0,1,0,0,0,0,0,0,0,0,0,0
Exfin:,2,0,0,0,1,1,0,0,0,0,0,0,0,0,0,0
Expatriate Tax,2,0,0,0,2,0,0,0,0,0,0,0,0,0,0,0
FX Capital,2,0,0,0,0,0,0,0,0,0,1,0,0,0,0,1
FedHealth,2,0,0,0,0,0,1,0,0,0,1,0,0,0,0,0
Finvision Tax Services,2,0,0,0,1,1,0,0,0,0,0,0,0,0,0,0
Fragomen Africa,2,0,0,1,0,0,0,0,1,0,0,0,0,0,0,0
Glacier by Sanlam,2,0,0,0,0,0,0,0,0,0,2,0,0,0,0,0
Global Business Solutions,2,0,1,1,0,0,0,0,0,0,0,0,0,0,0,0
Global Migration South Africa:,2,0,0,1,1,0,0,0,0,0,0,0,0,0,0,0
Global Visa Services,2,0,0,0,2,0,0,0,0,0,0,0,0,0,0,0
GoEco:,2,0,1,1,0,0,0,0,0,0,0,0,0,0,0,0
Grant Kaplan Immigration,2,0,0,0,0,0,0,1,0,0,1,0,0,0,0,0
HJW Attorneys:,2,0,0,0,1,0,0,1,0,0,0,0,0,0,0,0
Hlatswayo & Associates:,2,0,0,0,0,2,0,0,0,0,0,0,0,0,0,0
Immigration Advisors,2,0,0,1,0,0,0,0,1,0,0,0,0,0,0,0
Immigration Advisors of South Africa,2,0,0,0,1,0,0,0,0,1,0,0,0,0,0,0
Immigration Advisory Services,2,0,0,0,1,0,0,0,0,0,1,0,0,0,0,0
Immigration Direct,2,0,0,0,0,0,0,0,0,1,1,0,0,0,0,0
Immigration Law South Africa,2,1,0,0,0,0,0,0,1,0,0,0,0,0,0,0
Incompass Financial Solutions,2,0,0,0,0,0,0,0,1,1,0,0,0,0,0,0
Incompass Forex,2,0,0,0,0,0,0,0,0,0,1,0,1,0,0,0
Incompass Tax,2,0,0,0,0,0,0,0,0,1,1,0,0,0,0,0
Investec Wealth & Investment:,2,1,0,0,0,1,0,0,0,0,0,0,0,0,0,0
JvR Psychometrics,2,2,0,0,0,0,0,0,0,0,0,0,0,0,0,0
KISCH IP:,2,0,0,0,1,1,0,0,0,0,0,0,0,0,0,0
KPMG South Africa Immigration Services (,2,0,0,0,0,0,0,1,0,0,1,0,0,0,0,0
Lester & Associates,2,1,0,0,0,0,0,0,1,0,0,0,0,0,0,0
MDA Attorneys,2,0,1,0,1,0,0,0,0,0,0,0,0,0,0,0
MDA Immigration:,2,0,0,0,0,2,0,0,0,0,0,0,0,0,0,0
MDS VisaPak,2,0,1,1,0,0,0,0,0,0,0,0,0,0,0,0
Maitland,2,0,0,0,0,1,0,0,0,1,0,0,0,0,0,0
Manpower South Africa,2,2,0,0,0,0,0,0,0,0,0,0,0,0,0,0
Mazars Recovery and Restructuring,2,1,1,0,0,0,0,0,0,0,0,0,0,0,0,0
McKinsey & Company South Africa,2,0,0,1,0,1,0,0,0,0,0,0,0,0,0,0
Medscheme,2,1,0,0,0,1,0,0,0,0,0,0,0,0,0,0
Mercantile Bank,2,0,0,0,0,0,1,0,1,0,0,0,0,0,0,0
Migration South Africa,2,0,0,0,0,0,0,1,0,1,0,0,0,0,0,0
Momentum Health,2,0,0,1,0,0,0,0,1,0,0,0,0,0,0,0
NMG Benefits,2,1,0,0,0,0,0,0,1,0,0,0,0,0,0,0
National Debt Advisors,2,0,1,0,0,0,1,0,0,0,0,0,0,0,0,0
Nedgroup Investments,2,0,0,0,0,0,0,0,0,0,2,0,0,0,0,0
Newtons:,2,0,2,0,0,0,0,0,0,0,0,0,0,0,0,0
Nexus Tax Solutions,2,0,0,0,0,0,0,0,0,1,1,0,0,0,0,0
PKF Cape Town,2,0,0,0,0,0,1,0,0,0,1,0,0,0,0,0
PSG Konsult,2,0,0,0,0,0,0,0,1,1,0,0,0,0,0,0
PWC Business Recovery Services,2,1,0,0,1,0,0,0,0,0,0,0,0,0,0,0
Passport & Visa Zone,2,0,0,0,0,0,1,0,1,0,0,0,0,0,0,0
Passport People,2,0,0,0,0,0,0,1,0,1,0,0,0,0,0,0
Probity Advisory,2,0,0,0,0,0,0,0,0,0,2,0,0,0,0,0
Projects Abroad:,2,0,0,1,1,0,0,0,0,0,0,0,0,0,0,0
Remata Gateway,2,0,0,1,0,0,1,0,0,0,0,0,0,0,0,0
Remedio Tax,2,0,0,0,0,0,0,1,0,0,1,0,0,0,0,0
Resolve Immigration,2,0,0,0,0,0,2,0,0,0,0,0,0,0,0,0
SA Tax Debt,2,0,0,0,1,0,0,0,1,0,0,0,0,0,0,0
SA Tax Debt Relief,2,0,0,0,0,1,0,1,0,0,0,0,0,0,0,0
SA Visa Experts,2,0,0,1,0,1,0,0,0,0,0,0,0,0,0,0
SARS Consulting,2,0,0,0,0,1,1,0,0,0,0,0,0,0,0,0
SARS Debt Assist,2,0,0,1,1,0,0,0,0,0,0,0,0,0,0,0
SARS Liaison,2,0,0,0,0,0,1,0,0,1,0,0,0,0,0,0
SARS Tax Advisors,2,0,1,1,0,0,0,0,0,0,0,0,0,0,0,0
SARS Tax Consultants,2,0,1,0,0,0,0,0,1,0,0,0,0,0,0,0
SARS Tax Practitioner,2,0,1,1,0,0,0,0,0,0,0,0,0,0,0,0
SIA,2,0,0,1,0,0,1,0,0,0,0,0,0,0,0,0
SIA Legal,2,0,0,2,0,0,0,0,0,0,0,0,0,0,0,0
SPS International:,2,0,0,0,1,1,0,0,0,0,0,0,0,0,0,0
SSA Consultants:,2,0,0,0,2,0,0,0,0,0,0,0,0,0,0,0
STBB,2,0,0,0,1,1,0,0,0,0,0,0,0,0,0,0
SVA Tax,2,0,0,0,2,0,0,0,0,0,0,0,0,0,0,0
SVA Tax Consultants,2,0,0,0,1,1,0,0,0,0,0,0,0,0,0,0
Saffas Immigration:,2,0,0,0,1,1,0,0,0,0,0,0,0,0,0,0
Saffery Champness,2,0,0,1,0,1,0,0,0,0,0,0,0,0,0,0
Saffery Trust,2,0,0,0,0,0,0,1,1,0,0,0,0,0,0,0
Sars Crypto Tax,2,0,0,0,2,0,0,0,0,0,0,0,0,0,0,0
Sincere Immigration Services:,2,0,0,0,0,2,0,0,0,0,0,0,0,0,0,0
Siverview Immigration,2,0,0,0,0,1,1,0,0,0,0,0,0,0,0,0
Skills Portal:,2,0,1,1,0,0,0,0,0,0,0,0,0,0,0,0
Skills Universe:,2,0,0,0,1,1,0,0,0,0,0,0,0,0,0,0
South African Immigration Consultants,2,0,0,1,0,0,0,1,0,0,0,0,0,0,0,0
Sovereign Trust (SA) Limited,2,2,0,0,0,0,0,0,0,0,0,0,0,0,0,0
Standard Bank South Africa,2,2,0,0,0,0,0,0,0,0,0,0,0,0,0,0
Status Solutions SA,2,1,0,1,0,0,0,0,0,0,0,0,0,0,0,0
TLScontact South Africa,2,1,0,1,0,0,0,0,0,0,0,0,0,0,0,0
Talent Solutions,2,0,0,0,0,1,0,0,0,1,0,0,0,0,0,0
Tax Advisory,2,0,0,0,1,0,0,1,0,0,0,0,0,0,0,0
Tax Debt SA,2,2,0,0,0,0,0,0,0,0,0,0,0,0,0,0
Tax Migration South Africa,2,0,1,1,0,0,0,0,0,0,0,0,0,0,0,0
Tax Resolution Services,2,0,0,0,2,0,0,0,0,0,0,0,0,0,0,0
TaxAssist South Africa,2,0,0,0,1,1,0,0,0,0,0,0,0,0,0,0
TaxManSA,2,0,0,0,0,0,0,1,1,0,0,0,0,0,0,0
TaxRisk,2,0,1,0,0,1,0,0,0,0,0,0,0,0,0,0
TaxTim South Africa,2,0,0,2,0,0,0,0,0,0,0,0,0,0,0,0
TaxWorx,2,0,1,0,0,0,0,0,0,1,0,0,0,0,0,0
Tender Experts SA:,2,1,1,0,0,0,0,0,0,0,0,0,0,0,0,0
The Skills Academy:,2,0,0,1,1,0,0,0,0,0,0,0,0,0,0,0
Travelstart,2,0,0,2,0,0,0,0,0,0,0,0,0,0,0,0
VALR,2,0,1,0,1,0,0,0,0,0,0,0,0,0,0,0
VFS Visa Services,2,0,0,0,0,0,0,0,1,0,1,0,0,0,0,0
VKTA Immigration,2,0,0,0,0,1,0,1,0,0,0,0,0,0,0,0
Visa & Immigration Lawyers,2,0,0,0,0,1,1,0,0,0,0,0,0,0,0,0
Visa & Immigration Solutions,2,1,0,0,1,0,0,0,0,0,0,0,0,0,0,0
Visa & Permit SA:,2,0,0,0,1,1,0,0,0,0,0,0,0,0,0,0
Visa Connect,2,0,0,0,0,0,0,0,0,1,1,0,0,0,0,0
Visa Immigration,2,1,0,0,0,0,0,0,1,0,0,0,0,0,0,0
Visa Immigration SA,2,0,0,0,0,0,0,0,0,1,1,0,0,0,0,0
Visa and Immigration Services (VISA),2,2,0,0,0,0,0,0,0,0,0,0,0,0,0,0
VisaAssist,2,1,0,0,1,0,0,0,0,0,0,0,0,0,0,0
VisaConnect:,2,1,0,0,1,0,0,0,0,0,0,0,0,0,0,0
VisaFirst,2,1,1,0,0,0,0,0,0,0,0,0,0,0,0,0
VisaThru,2,1,0,0,0,1,0,0,0,0,0,0,0,0,0,0
Visas & Permits,2,0,1,0,0,0,0,0,1,0,0,0,0,0,0,0
Visas 4 South Africa,2,0,0,0,1,0,0,1,0,0,0,0,0,0,0,0
Xero Tax,2,0,0,1,0,0,1,0,0,0,0,0,0,0,0,0
[BLS International South,2,0,0,0,1,1,0,0,0,0,0,0,0,0,0,0
[CryptoTax South,2,0,0,0,0,0,0,1,1,0,0,0,0,0,0,0
[DHL,2,0,0,0,1,1,0,0,0,0,0,0,0,0,0,0
[DLA Piper South,2,0,0,0,0,2,0,0,0,0,0,0,0,0,0,0
[DOH Corporate,2,2,0,0,0,0,0,0,0,0,0,0,0,0,0,0
[Debt Free South,2,0,0,0,0,2,0,0,0,0,0,0,0,0,0,0
[Debt Review,2,0,0,0,1,0,0,0,0,1,0,0,0,0,0,0
[Department of Home Affairs (South Africa)](,2,1,1,0,0,0,0,0,0,0,0,0,0,0,0,0
[Digital Nomad,2,0,0,0,2,0,0,0,0,0,0,0,0,0,0,0
[Edward Nathan Sonnenbergs,2,0,0,0,0,0,0,0,1,0,1,0,0,0,0,0
[FedEx,2,0,0,1,1,0,0,0,0,0,0,0,0,0,0,0
[Fragomen South,2,0,1,1,0,0,0,0,0,0,0,0,0,0,0,0
[Henley &,2,0,0,0,0,2,0,0,0,0,0,0,0,0,0,0
[Hire,2,0,0,0,0,0,0,1,0,1,0,0,0,0,0,0
[Hogan Lovells South,2,0,0,0,0,0,0,1,0,0,1,0,0,0,0,0
[IBM South,2,0,0,0,0,1,0,1,0,0,0,0,0,0,0,0
[Immigration Consultants South,2,0,0,0,0,0,0,0,1,0,1,0,0,0,0,0
[Immigration Law,2,0,0,0,1,0,1,0,0,0,0,0,0,0,0,0
[Indeed South,2,0,0,2,0,0,0,0,0,0,0,0,0,0,0,0
[Infor South,2,0,0,1,0,0,1,0,0,0,0,0,0,0,0,0
[Investec Private,2,0,1,1,0,0,0,0,0,0,0,0,0,0,0,0
[Lawtons,2,2,0,0,0,0,0,0,0,0,0,0,0,0,0,0
[Lithgow,2,0,0,1,1,0,0,0,0,0,0,0,0,0,0,0
[Microsoft South,2,0,0,0,1,0,1,0,0,0,0,0,0,0,0,0
[National Debt,2,0,0,1,1,0,0,0,0,0,0,0,0,0,0,0
[Old,2,0,1,0,0,0,0,1,0,0,0,0,0,0,0,0
[Oracle South,2,0,0,1,0,1,0,0,0,0,0,0,0,0,0,0
[Relocate.me](,2,0,0,0,0,0,0,2,0,0,0,0,0,0,0,0
[Remote,2,0,2,0,0,0,0,0,0,0,0,0,0,0,0,0
[Remote Work,2,1,0,0,0,0,0,0,0,0,1,0,0,0,0,0
[SAP South,2,0,1,0,1,0,0,0,0,0,0,0,0,0,0,0
[SARS,2,0,1,0,0,1,0,0,0,0,0,0,0,0,0,0
[Sage X3 South,2,2,0,0,0,0,0,0,0,0,0,0,0,0,0,0
[Sanlam Private,2,0,0,0,0,0,0,1,0,1,0,0,0,0,0,0
[Standard Bank Private,2,0,0,0,1,1,0,0,0,0,0,0,0,0,0,0
[Standard Bank Wealth &,2,0,0,1,0,0,0,0,0,1,0,0,0,0,0,0
[Tax & Accounting Services South,2,0,0,0,0,0,0,1,1,0,0,0,0,0,0,0
[Tax & Business,2,0,0,0,0,0,0,0,1,0,1,0,0,0,0,0
[Tax & Legal South,2,0,0,0,0,0,0,2,0,0,0,0,0,0,0,0
[Tiger,2,0,0,0,0,0,0,0,1,0,1,0,0,0,0,0
[UK Visa,2,0,2,0,0,0,0,0,0,0,0,0,0,0,0,0
[Visa Consultants South,2,2,0,0,0,0,0,0,0,0,0,0,0,0,0,0
[Visa Facilitation Services,2,0,0,0,1,1,0,0,0,0,0,0,0,0,0,0
[Visa Services South,2,0,0,0,2,0,0,0,0,0,0,0,0,0,0,0
**Absa Business Banking**,1,0,0,0,0,0,0,1,0,0,0,0,0,0,0,0
**Africa Immigration Services**,1,0,0,0,0,0,0,0,1,0,0,0,0,0,0,0
**BDO**,1,0,0,0,0,0,1,0,0,0,0,0,0,0,0,0
**BizPortal**,1,0,0,1,0,0,0,0,0,0,0,0,0,0,0,0
**Black Sash**,1,0,0,1,0,0,0,0,0,0,0,0,0,0,0,0
**Blockchain Legal**,1,0,1,0,0,0,0,0,0,0,0,0,0,0,0,0
**CIPC (Companies and Intellectual Property Commission)**,1,1,0,0,0,0,0,0,0,0,0,0,0,0,0,0
**Cape Town Child Psychology**,1,0,0,1,0,0,0,0,0,0,0,0,0,0,0,0
**Centre for Applied Legal Studies (CALS)**,1,0,0,0,0,1,0,0,0,0,0,0,0,0,0,0
**Civic Services**,1,0,0,1,0,0,0,0,0,0,0,0,0,0,0,0
**Compliance Partners:**,1,0,0,0,0,1,0,0,0,0,0,0,0,0,0,0
**Crisis Immigration**,1,0,0,0,0,1,0,0,0,0,0,0,0,0,0,0
**DLA Piper South Africa**,1,0,0,0,0,0,0,0,0,1,0,0,0,0,0,0
**Discovery Invest**,1,0,0,1,0,0,0,0,0,0,0,0,0,0,0,0
**EY South Africa (Ernst & Young)**,1,0,0,0,0,0,1,0,0,0,0,0,0,0,0,0
**EY**,1,0,0,1,0,0,0,0,0,0,0,0,0,0,0,0
**Eltze & Partners**,1,0,0,0,0,1,0,0,0,0,0,0,0,0,0,0
**FNB Business**,1,0,0,0,0,0,1,0,0,0,0,0,0,0,0,0
**FinSolve Accounting & Tax Consultants**:,1,0,0,0,1,0,0,0,0,0,0,0,0,0,0,0
**Hogan Hilling**:,1,0,1,0,0,0,0,0,0,0,0,0,0,0,0,0
**Houghton Harper:**,1,0,0,0,0,1,0,0,0,0,0,0,0,0,0,0
**ILoveCapeTown**,1,0,0,0,0,1,0,0,0,0,0,0,0,0,0,0
**IMCOSA (Immigration Consultants South Africa):**,1,0,1,0,0,0,0,0,0,0,0,0,0,0,0,0
**ISI Immigrate South Africa:**,1,0,0,1,0,0,0,0,0,0,0,0,0,0,0,0
**IWV South Africa**,1,0,1,0,0,0,0,0,0,0,0,0,0,0,0,0
**Immigra:**,1,0,0,0,1,0,0,0,0,0,0,0,0,0,0,0
**Immigration Assist**:,1,0,0,1,0,0,0,0,0,0,0,0,0,0,0,0
**Immigration Experts South Africa**,1,0,0,0,0,0,0,1,0,0,0,0,0,0,0,0
**Immigration Lawyers South Africa (ILASA)**,1,0,0,0,1,0,0,0,0,0,0,0,0,0,0,0
**Immigration Services South Africa (ISSA)**,1,0,1,0,0,0,0,0,0,0,0,0,0,0,0,0
**Immigration Solutions South Africa**,1,0,0,0,0,0,0,0,0,0,1,0,0,0,0,0
**Immigration.co.za (Immigration South Africa)**,1,0,1,0,0,0,0,0,0,0,0,0,0,0,0,0
**Internationals Visa Services**,1,0,0,0,0,0,1,0,0,0,0,0,0,0,0,0
**KPMG**,1,0,0,0,1,0,0,0,0,0,0,0,0,0,0,0
**Kroon Tax Consulting**,1,0,1,0,0,0,0,0,0,0,0,0,0,0,0,0
**LWO (LabourWise Organisation):**,1,0,0,1,0,0,0,0,0,0,0,0,0,0,0,0
**Labour Protect:**,1,0,0,0,0,0,0,1,0,0,0,0,0,0,0,0
**LabourMan:**,1,0,0,0,1,0,0,0,0,0,0,0,0,0,0,0
**Le Roux Attorneys (Immigration South Africa):**,1,0,0,0,0,1,0,0,0,0,0,0,0,0,0,0
**LegalWise**,1,0,0,0,0,0,0,0,0,0,1,0,0,0,0,0
**Mindful Kids Educational Psychologists**,1,0,0,0,1,0,0,0,0,0,0,0,0,0,0,0
**Nedbank Business Banking**,1,0,0,0,0,1,0,0,0,0,0,0,0,0,0,0
**Pathway to Canada**,1,0,0,0,1,0,0,0,0,0,0,0,0,0,0,0
**Pathways Immigration Consultants**,1,0,0,1,0,0,0,0,0,0,0,0,0,0,0,0
**Pro-Labour Consulting:**,1,0,0,0,0,0,1,0,0,0,0,0,0,0,0,0
**Psycho-Social Wellness Centre**,1,0,1,0,0,0,0,0,0,0,0,0,0,0,0,0
**PwC South Africa (Tax & Legal Services)**,1,0,0,0,0,1,0,0,0,0,0,0,0,0,0,0
**PwC**,1,1,0,0,0,0,0,0,0,0,0,0,0,0,0,0
**Refugee Rights Centre**,1,0,0,0,1,0,0,0,0,0,0,0,0,0,0,0
**Relocate South Africa**:,1,0,0,0,0,1,0,0,0,0,0,0,0,0,0,0
**SA Immigration (South African Immigration)**,1,0,0,0,0,1,0,0,0,0,0,0,0,0,0,0
**SA Visa Services:**,1,0,0,1,0,0,0,0,0,0,0,0,0,0,0,0
**SABRIC (South African Banking Risk Information Centre)**,1,0,0,0,0,0,0,0,0,1,0,0,0,0,0,0
**SNAX Consulting (Pty) Ltd**,1,0,0,1,0,0,0,0,0,0,0,0,0,0,0,0
**Sable International (Immigration Division):**,1,0,0,0,1,0,0,0,0,0,0,0,0,0,0,0
**Sable International (Immigration)**,1,0,0,0,1,0,0,0,0,0,0,0,0,0,0,0
**Sanlam Wealth**,1,0,0,0,0,0,1,0,0,0,0,0,0,0,0,0
**Scorpion Legal Protection**,1,0,0,0,0,0,1,0,0,0,0,0,0,0,0,0
**Smit & Van Wyk Inc.**,1,0,0,0,0,1,0,0,0,0,0,0,0,0,0,0
**Standard Bank Business Banking**,1,0,0,0,0,0,0,0,1,0,0,0,0,0,0,0
**Standard Bank Fiduciary Services**,1,0,1,0,0,0,0,0,0,0,0,0,0,0,0,0
**Tax & Accounting Services**,1,0,0,0,1,0,0,0,0,0,0,0,0,0,0,0
**Tax & Legal Advisory Services (TLAS)** â€“,1,0,0,0,0,0,0,0,0,1,0,0,0,0,0,0
**Tax & Legal Advisory Services**,1,0,0,0,1,0,0,0,0,0,0,0,0,0,0,0
**Tax & Legal Consultants**,1,0,0,0,0,1,0,0,0,0,0,0,0,0,0,0
**Tax & Legal Services**,1,0,0,0,1,0,0,0,0,0,0,0,0,0,0,0
**Tax & Legal Solutions**,1,0,0,1,0,0,0,0,0,0,0,0,0,0,0,0
**Tax Compliance SA**,1,0,0,0,1,0,0,0,0,0,0,0,0,0,0,0
**Tax Consulting / Debt Management / Business Rescue:**,1,1,0,0,0,0,0,0,0,0,0,0,0,0,0,0
**Tax Consulting Group**,1,0,1,0,0,0,0,0,0,0,0,0,0,0,0,0
**Tax Consulting Services**,1,0,0,1,0,0,0,0,0,0,0,0,0,0,0,0
**Tax Practitioners Association (TPA)**,1,0,0,0,0,1,0,0,0,0,0,0,0,0,0,0
**Tax Shield**:,1,0,1,0,0,0,0,0,0,0,0,0,0,0,0,0
**The Legal Network**,1,0,0,0,0,0,0,0,1,0,0,0,0,0,0,0
**The Lighthouse Psychology Centre**,1,0,0,0,0,1,0,0,0,0,0,0,0,0,0,0
**The Mindcare Centre**,1,1,0,0,0,0,0,0,0,0,0,0,0,0,0,0
**Travel Visa 24:**,1,0,1,0,0,0,0,0,0,0,0,0,0,0,0,0
**VFS Helpline (South Africa)**,1,0,0,0,1,0,0,0,0,0,0,0,0,0,0,0
**VFS Services (South Africa)**,1,0,0,1,0,0,0,0,0,0,0,0,0,0,0,0
**VFS Visa Application Centre (South Africa)**,1,0,0,0,0,1,0,0,0,0,0,0,0,0,0,0
**Visa Experts South Africa**,1,1,0,0,0,0,0,0,0,0,0,0,0,0,0,0
**Visa and Immigration Solutions (VISA)**,1,1,0,0,0,0,0,0,0,0,0,0,0,0,0,0
**Visas 4 Africa**,1,0,1,0,0,0,0,0,0,0,0,0,0,0,0,0
**Visas South Africa**,1,1,0,0,0,0,0,0,0,0,0,0,0,0,0,0
**Workforce Immigration**,1,0,0,0,0,0,0,1,0,0,0,0,0,0,0,0
1-Stop Tax,1,0,0,1,0,0,0,0,0,0,0,0,0,0,0,0
1st For Women,1,0,1,0,0,0,0,0,0,0,0,0,0,0,0,0
1st Move International,1,0,0,1,0,0,0,0,0,0,0,0,0,0,0,0
1st Tax,1,0,0,0,0,0,0,0,0,0,1,0,0,0,0,0
2.,1,1,0,0,0,0,0,0,0,0,0,0,0,0,0,0
A S Attorneys:,1,0,0,0,0,0,0,1,0,0,0,0,0,0,0,0
A Workable Tax Solution,1,0,0,0,0,0,0,1,0,0,0,0,0,0,0,0
A Y & E Immigration Solutions,1,0,0,0,0,0,0,1,0,0,0,0,0,0,0,0
A&A Immigration,1,0,0,0,0,1,0,0,0,0,0,0,0,0,0,0
A&J Immigration,1,0,0,0,0,0,0,0,0,0,1,0,0,0,0,0
A-Z Tax Consultants,1,0,0,0,0,0,0,0,0,0,1,0,0,0,0,0
A. C. de Vries Inc.,1,0,0,0,0,0,0,0,1,0,0,0,0,0,0,0
A. J. J. van der Merwe Incorporated,1,0,0,0,0,0,1,0,0,0,0,0,0,0,0,0
A. J. van der Linde & Associates,1,0,0,0,0,0,0,1,0,0,0,0,0,0,0,0
A. R. Z. Tax Consultants,1,0,0,0,0,0,1,0,0,0,0,0,0,0,0,0
A.J. van der Watt Inc.,1,0,0,0,0,0,0,1,0,0,0,0,0,0,0,0
A.V. Immigration,1,0,0,0,0,1,0,0,0,0,0,0,0,0,0,0
A1 Immigration,1,0,0,0,0,1,0,0,0,0,0,0,0,0,0,0
A2A,1,0,0,0,0,0,0,1,0,0,0,0,0,0,0,0
A2Z Immigration,1,0,0,0,0,0,0,0,0,0,1,0,0,0,0,0
A4E Tax Specialists,1,0,0,0,0,1,0,0,0,0,0,0,0,0,0,0
AF Legal,1,0,0,0,0,0,0,0,0,1,0,0,0,0,0,0
AFIS Immigration,1,0,0,0,0,1,0,0,0,0,0,0,0,0,0,0
AFRI Consultants,1,0,0,0,0,1,0,0,0,0,0,0,0,0,0,0
AHI,1,0,0,0,0,0,0,1,0,0,0,0,0,0,0,0
AIMS Global Immigration,1,0,0,0,1,0,0,0,0,0,0,0,0,0,0,0
AIMS Immigration,1,0,0,0,0,0,0,1,0,0,0,0,0,0,0,0
AIMS Immigration Solutions,1,0,0,0,0,0,0,0,0,1,0,0,0,0,0,0
AJM Consulting,1,1,0,0,0,0,0,0,0,0,0,0,0,0,0,0
AJM Tax Consultants,1,0,0,0,0,0,0,0,0,0,1,0,0,0,0,0
ATA Tax,1,0,1,0,0,0,0,0,0,0,0,0,0,0,0,0
ATA Tax Specialists:,1,0,1,0,0,0,0,0,0,0,0,0,0,0,0,0
ATEC,1,0,0,0,0,0,1,0,0,0,0,0,0,0,0,0
Aardvark Accounting,1,0,0,0,0,0,0,0,1,0,0,0,0,0,0,0
Abacus Immigration,1,0,0,0,0,0,0,0,1,0,0,0,0,0,0,0
Absa Bank South Africa,1,0,0,1,0,0,0,0,0,0,0,0,0,0,0,0
Absa Group Limited:,1,0,0,1,0,0,0,0,0,0,0,0,0,0,0,0
Accfin,1,0,0,0,0,0,0,1,0,0,0,0,0,0,0,0
Afrizan Personnel,1,0,0,0,0,1,0,0,0,0,0,0,0,0,0,0
AllPay SA:,1,0,0,0,0,1,0,0,0,0,0,0,0,0,0,0
Allan Gray Proprietary Limited:,1,0,0,0,0,0,0,0,1,0,0,0,0,0,0,0
AltCoinTrader Tax Services,1,0,0,0,0,0,0,0,1,0,0,0,0,0,0,0
AltCrypto Tax,1,0,0,0,0,0,1,0,0,0,0,0,0,0,0,0
AltCryptoTax,1,0,0,0,0,0,0,0,1,0,0,0,0,0,0,0
AltVest Capital,1,1,0,0,0,0,0,0,0,0,0,0,0,0,0,0
Altax,1,0,0,0,0,0,0,0,1,0,0,0,0,0,0,0
Anderson Tax,1,0,0,0,0,0,0,0,0,0,1,0,0,0,0,0
Anderson Tax & Consulting,1,0,0,0,0,1,0,0,0,0,0,0,0,0,0,0
Apex Visa,1,0,0,0,0,0,0,0,0,0,1,0,0,0,0,0
Applicator Systems SA,1,0,1,0,0,0,0,0,0,0,0,0,0,0,0,0
Applied Applications,1,0,0,1,0,0,0,0,0,0,0,0,0,0,0,0
Asif Bham Immigration Consultants:,1,0,0,0,0,0,1,0,0,0,0,0,0,0,0,0
AssessmentWorx,1,0,0,0,0,0,1,0,0,0,0,0,0,0,0,0
Aucamp Scholtz Attorneys,1,0,0,0,0,0,1,0,0,0,0,0,0,0,0,0
Aucor Tax Specialists,1,0,0,0,1,0,0,0,0,0,0,0,0,0,0,0
AuditLink,1,0,0,0,0,0,0,1,0,0,0,0,0,0,0,0
Auditware,1,0,0,0,0,0,0,0,1,0,0,0,0,0,0,0
Auras Immigration,1,0,0,0,0,0,0,0,1,0,0,0,0,0,0,0
Aurasian Consulting,1,0,0,0,0,0,0,0,0,0,1,0,0,0,0,0
Avasa Consulting:,1,0,0,0,1,0,0,0,0,0,0,0,0,0,0,0
Avenant & Co,1,0,0,0,1,0,0,0,0,0,0,0,0,0,0,0
Aviwe Ndyaluvana Incorporated,1,0,0,0,0,0,0,0,1,0,0,0,0,0,0,0
Awex,1,0,0,0,0,0,1,0,0,0,0,0,0,0,0,0
Axiom Law,1,0,0,0,0,1,0,0,0,0,0,0,0,0,0,0
Axiom McMahon Tax Consultant,1,0,0,0,0,1,0,0,0,0,0,0,0,0,0,0
BBD,1,0,1,0,0,0,0,0,0,0,0,0,0,0,0,0
BCG (Boston Consulting Group),1,0,0,0,0,0,1,0,0,0,0,0,0,0,0,0
BCO,1,1,0,0,0,0,0,0,0,0,0,0,0,0,0,0
BCR Associates,1,0,1,0,0,0,0,0,0,0,0,0,0,0,0,0
BDO Business Restructuring,1,0,0,0,0,0,0,0,1,0,0,0,0,0,0,0
BDO South Africa (Business Restructuring):,1,0,0,0,0,1,0,0,0,0,0,0,0,0,0,0
BIOSS SA,1,0,0,1,0,0,0,0,0,0,0,0,0,0,0,0
BLS International Services Ltd,1,0,1,0,0,0,0,0,0,0,0,0,0,0,0,0
Bain & Company South Africa,1,0,0,0,0,0,0,1,0,0,0,0,0,0,0,0
Baker Tilly,1,0,0,0,0,0,0,0,1,0,0,0,0,0,0,0
Bannister Trust:,1,0,0,0,0,0,1,0,0,0,0,0,0,0,0,0
Barnard Inc,1,0,0,0,0,0,0,0,0,1,0,0,0,0,0,0
Bell & Company:,1,1,0,0,0,0,0,0,0,0,0,0,0,0,0,0
Bestmed,1,0,0,0,1,0,0,0,0,0,0,0,0,0,0,0
Births Abroad,1,1,0,0,0,0,0,0,0,0,0,0,0,0,0,0
BizTax,1,0,0,0,0,0,0,1,0,0,0,0,0,0,0,0
Bizcraft,1,0,0,0,0,0,0,0,0,0,1,0,0,0,0,0
Biznizology,1,1,0,0,0,0,0,0,0,0,0,0,0,0,0,0
Black Pen Global:,1,0,1,0,0,0,0,0,0,0,0,0,0,0,0,0
Black Swan Global:,1,0,0,0,1,0,0,0,0,0,0,0,0,0,0,0
BlackPen Immigration,1,0,0,0,1,0,0,0,0,0,0,0,0,0,0,0
Blockhead Technologies,1,0,0,0,1,0,0,0,0,0,0,0,0,0,0,0
Blockpit,1,0,0,0,0,0,1,0,0,0,0,0,0,0,0,0
Blocktax,1,0,0,1,0,0,0,0,0,0,0,0,0,0,0,0
Bonitas,1,0,0,0,0,1,0,0,0,0,0,0,0,0,0,0
Bonitas Medical Fund,1,0,0,0,0,0,0,0,0,1,0,0,0,0,0,0
BrainGain,1,1,0,0,0,0,0,0,0,0,0,0,0,0,0,0
Bridge Immigration,1,0,0,1,0,0,0,0,0,0,0,0,0,0,0,0
BrightRock,1,0,0,0,0,0,0,0,0,0,1,0,0,0,0,0
Britehouse,1,0,0,0,0,0,0,0,0,1,0,0,0,0,0,0
Business Doctors South Africa,1,0,1,0,0,0,0,0,0,0,0,0,0,0,0,0
Business Registration South Africa,1,0,1,0,0,0,0,0,0,0,0,0,0,0,0,0
Business Rescue Exchange,1,1,0,0,0,0,0,0,0,0,0,0,0,0,0,0
Business Rescue Partner,1,0,0,0,1,0,0,0,0,0,0,0,0,0,0,0
Business Rescue South Africa,1,1,0,0,0,0,0,0,0,0,0,0,0,0,0,0
C & D Tax Consultants,1,0,0,0,0,1,0,0,0,0,0,0,0,0,0,0
C-Tax,1,0,0,0,0,0,0,0,0,1,0,0,0,0,0,0
C3S,1,0,0,0,0,0,1,0,0,0,0,0,0,0,0,0
CDE Immigration,1,0,0,0,0,0,0,0,0,1,0,0,0,0,0,0
CIBT visas,1,0,0,0,0,0,0,0,1,0,0,0,0,0,0,0
CS Immigration Consultants,1,0,0,0,0,0,0,0,1,0,0,0,0,0,0,0
CSG (Compliance Solutions Group),1,0,0,0,0,1,0,0,0,0,0,0,0,0,0,0
CSG Immigration,1,0,0,0,1,0,0,0,0,0,0,0,0,0,0,0
Cape Business Solutions,1,0,0,0,0,0,1,0,0,0,0,0,0,0,0,0
Cape Town Psychology:,1,0,0,0,0,0,0,0,0,1,0,0,0,0,0,0
Cape Town Visa Services,1,0,0,0,0,0,0,1,0,0,0,0,0,0,0,0
Cape Town Visa and Immigration,1,0,0,0,1,0,0,0,0,0,0,0,0,0,0,0
Capital Migration,1,0,0,0,0,0,1,0,0,0,0,0,0,0,0,0
Cheadle Thompson & Haysom Inc,1,0,0,0,0,0,0,1,0,0,0,0,0,0,0,0
Chetan Immigration Services,1,0,0,0,0,1,0,0,0,0,0,0,0,0,0,0
Chetan S. Bhana Immigration Attorneys,1,0,0,0,1,0,0,0,0,0,0,0,0,0,0,0
Chetans Immigration Services,1,0,0,0,0,0,1,0,0,0,0,0,0,0,0,0
Citizenship Assistance,1,0,1,0,0,0,0,0,0,0,0,0,0,0,0,0
Clicks Pharmacy,1,0,0,0,1,0,0,0,0,0,0,0,0,0,0,0
CoinEd,1,1,0,0,0,0,0,0,0,0,0,0,0,0,0,0
Coinpanda,1,0,0,0,1,0,0,0,0,0,0,0,0,0,0,0
Communicate Recruitment,1,0,0,0,0,1,0,0,0,0,0,0,0,0,0,0
Company Liquidations SA,1,0,0,0,0,0,0,0,1,0,0,0,0,0,0,0
Company Registration SA,1,0,0,0,1,0,0,0,0,0,0,0,0,0,0,0
Compliance Institute South Africa,1,0,0,0,0,0,1,0,0,0,0,0,0,0,0,0
Comprehensive Tax Solutions,1,0,0,0,0,0,0,0,0,1,0,0,0,0,0,0
Connect Immigration,1,0,0,0,0,0,0,0,1,0,0,0,0,0,0,0
Consumer Debt Help,1,0,0,0,0,1,0,0,0,0,0,0,0,0,0,0
Corporate Accounts Management (CAM),1,1,0,0,0,0,0,0,0,0,0,0,0,0,0,0
Corporate Business Rescue,1,0,0,1,0,0,0,0,0,0,0,0,0,0,0,0
Corporate Immigration Law,1,0,1,0,0,0,0,0,0,0,0,0,0,0,0,0
Corporate Liquidation Services,1,0,0,1,0,0,0,0,0,0,0,0,0,0,0,0
Corporate Relocations Africa,1,0,1,0,0,0,0,0,0,0,0,0,0,0,0,0
Corporate Renewal Solutions,1,0,1,0,0,0,0,0,0,0,0,0,0,0,0,0
Corporate Services South Africa,1,0,0,0,0,1,0,0,0,0,0,0,0,0,0,0
Corporate-Wise Business Solutions,1,0,0,0,0,0,0,0,0,1,0,0,0,0,0,0
Craig Smith & Associates Attorneys,1,0,0,0,0,1,0,0,0,0,0,0,0,0,0,0
Craig Smith Immigration,1,0,0,0,0,0,0,0,0,1,0,0,0,0,0,0
Credit Matters,1,0,0,0,1,0,0,0,0,0,0,0,0,0,0,0
Cronje & Kriel Inc,1,0,1,0,0,0,0,0,0,0,0,0,0,0,0,0
Crossfin Consulting,1,0,0,1,0,0,0,0,0,0,0,0,0,0,0,0
Crypto Academy,1,0,0,0,0,0,1,0,0,0,0,0,0,0,0,0
Crypto Accounting Solutions,1,0,0,0,0,0,0,1,0,0,0,0,0,0,0,0
Crypto Tax SA,1,0,0,0,0,1,0,0,0,0,0,0,0,0,0,0
Crypto Tax Solutions,1,0,1,0,0,0,0,0,0,0,0,0,0,0,0,0
Cryptocurrency Tax,1,0,0,1,0,0,0,0,0,0,0,0,0,0,0,0
Currencies Direct,1,0,0,0,0,0,0,0,1,0,0,0,0,0,0,0
Currencies Direct South Africa,1,0,0,0,0,0,0,0,0,0,0,0,0,0,1,0
Custom Applications,1,0,0,0,1,0,0,0,0,0,0,0,0,0,0,0
DDP Tax Attorneys,1,0,1,0,0,0,0,0,0,0,0,0,0,0,0,0
DDP Tax Specialists,1,0,0,0,1,0,0,0,0,0,0,0,0,0,0,0
DFK International,1,0,0,0,0,0,0,0,0,1,0,0,0,0,0,0
DM Tax,1,0,0,0,1,0,0,0,0,0,0,0,0,0,0,0
DOH Applications,1,0,1,0,0,0,0,0,0,0,0,0,0,0,0,0
DOH Solutions,1,0,0,0,0,0,1,0,0,0,0,0,0,0,0,0
David E. Smith Immigration Consulting,1,0,0,0,1,0,0,0,0,0,0,0,0,0,0,0
De Reuck Immigration,1,0,0,0,1,0,0,0,0,0,0,0,0,0,0,0
Debt Sage,1,0,1,0,0,0,0,0,0,0,0,0,0,0,0,0
Debt Therapy,1,0,0,0,1,0,0,0,0,0,0,0,0,0,0,0
DebtBusters,1,0,0,1,0,0,0,0,0,0,0,0,0,0,0,0
Debtcounsellors.co.za,1,0,0,0,0,0,1,0,0,0,0,0,0,0,0,0
Deloitte Restructuring Services,1,0,0,0,0,1,0,0,0,0,0,0,0,0,0,0
Deloitte South Africa (Financial Advisory):,1,0,0,1,0,0,0,0,0,0,0,0,0,0,0,0
Derivco,1,0,0,1,0,0,0,0,0,0,0,0,0,0,0,0
Digital Assets Tax (DAT):,1,0,1,0,0,0,0,0,0,0,0,0,0,0,0,0
Dirco Immigration Services,1,0,0,0,0,0,0,0,0,1,0,0,0,0,0,0
Dis-Chem Pharmacy,1,0,0,0,0,1,0,0,0,0,0,0,0,0,0,0
Discovery Limited:,1,0,0,0,0,0,0,0,0,0,1,0,0,0,0,0
Doc Assist,1,1,0,0,0,0,0,0,0,0,0,0,0,0,0,0
Doc Assist South Africa,1,0,1,0,0,0,0,0,0,0,0,0,0,0,0,0
DocAssist South Africa,1,0,0,1,0,0,0,0,0,0,0,0,0,0,0,0
Document Assist,1,1,0,0,0,0,0,0,0,0,0,0,0,0,0,0
Du Toit Tax Consulting,1,0,0,0,0,0,0,0,1,0,0,0,0,0,0,0
Dynamic Visual Technologies (DVT),1,0,0,0,1,0,0,0,0,0,0,0,0,0,0,0
E-Filing Solutions,1,0,0,0,0,1,0,0,0,0,0,0,0,0,0,0
E-Merge Immigration:,1,0,0,1,0,0,0,0,0,0,0,0,0,0,0,0
EIS (Employer & Immigrant Services):,1,0,0,0,0,1,0,0,0,0,0,0,0,0,0,0
EIS (Employer & Immigration Solutions):,1,0,0,0,1,0,0,0,0,0,0,0,0,0,0,0
EIS (Executive Immigration Services):,1,0,0,0,1,0,0,0,0,0,0,0,0,0,0,0
EIS (Expat Immigration Services):,1,0,0,0,1,0,0,0,0,0,0,0,0,0,0,0
EIS (Immigration Services):,1,0,0,1,0,0,0,0,0,0,0,0,0,0,0,0
ENSafrica Tax,1,0,0,0,0,0,1,0,0,0,0,0,0,0,0,0
ENSafrica Tax Department,1,0,0,0,0,0,0,0,0,1,0,0,0,0,0,0
ETI Consulting,1,0,0,0,0,0,0,0,0,1,0,0,0,0,0,0
ETM Group,1,0,0,0,0,0,0,0,0,0,1,0,0,0,0,0
EVS Immigration (Immigration.co.za),1,0,0,0,0,1,0,0,0,0,0,0,0,0,0,0
EY (Ernst & Young) South Africa,1,0,0,1,0,0,0,0,0,0,0,0,0,0,0,0
Easi Immigration,1,0,0,0,0,0,0,0,1,0,0,0,0,0,0,0
EasiVisa,1,0,0,0,0,1,0,0,0,0,0,0,0,0,0,0
Easy Crypto,1,0,1,0,0,0,0,0,0,0,0,0,0,0,0,0
EasyVisa,1,0,1,0,0,0,0,0,0,0,0,0,0,0,0,0
EconoServe,1,1,0,0,0,0,0,0,0,0,0,0,0,0,0,0
Edu Visa Services,1,0,0,1,0,0,0,0,0,0,0,0,0,0,0,0
EduStart International,1,0,0,0,0,0,1,0,0,0,0,0,0,0,0,0
Edublox,1,0,1,0,0,0,0,0,0,0,0,0,0,0,0,0
Efficient Group,1,0,0,0,0,1,0,0,0,0,0,0,0,0,0,0
Efficient Tax Solutions,1,0,0,0,0,0,0,0,0,1,0,0,0,0,0,0
Eisenberg & Partners,1,0,1,0,0,0,0,0,0,0,0,0,0,0,0,0
Eisenman & Associates:,1,0,0,0,1,0,0,0,0,0,0,0,0,0,0,0
Eisenstein & Associates:,1,0,0,0,0,0,0,0,1,0,0,0,0,0,0,0
Eisenstein & Partners:,1,0,0,0,0,1,0,0,0,0,0,0,0,0,0,0
Entegritax,1,0,0,0,0,0,0,0,1,0,0,0,0,0,0,0
Entelect,1,0,0,0,0,1,0,0,0,0,0,0,0,0,0,0
Ernest & Young (EY) South Africa,1,0,0,0,0,1,0,0,0,0,0,0,0,0,0,0
Ernst & Young Restructuring,1,0,0,0,0,0,0,1,0,0,0,0,0,0,0,0
Ernst & Young South Africa (EY),1,0,0,0,0,1,0,0,0,0,0,0,0,0,0,0
Evalex,1,0,0,0,0,0,0,0,0,1,0,0,0,0,0,0
Exceed CA,1,1,0,0,0,0,0,0,0,0,0,0,0,0,0,0
Exchange4Africa,1,1,0,0,0,0,0,0,0,0,0,0,0,0,0,0
Expat Immigration Services South Africa (EISSA):,1,0,0,0,0,0,0,0,1,0,0,0,0,0,0,0
Expat Tax & Financial Services:,1,0,1,0,0,0,0,0,0,0,0,0,0,0,0,0
Expat Tax Services South Africa,1,0,1,0,0,0,0,0,0,0,0,0,0,0,0,0
Expat Tax Solutions,1,0,0,0,1,0,0,0,0,0,0,0,0,0,0,0
Expatriate Immigration Services (EIS):,1,0,0,0,1,0,0,0,0,0,0,0,0,0,0,0
Expatriate Tax Advisory,1,0,0,0,0,1,0,0,0,0,0,0,0,0,0,0
Expatriate Tax Consultants,1,0,0,0,1,0,0,0,0,0,0,0,0,0,0,0
Expatweb:,1,0,0,1,0,0,0,0,0,0,0,0,0,0,0,0
Expert Tax Debt Solutions,1,0,0,0,1,0,0,0,0,0,0,0,0,0,0,0
FNB Wealth and Investments:,1,0,0,0,0,0,0,0,0,0,1,0,0,0,0,0
FastVisa,1,0,0,0,0,0,0,0,1,0,0,0,0,0,0,0
FinSolve,1,0,0,0,1,0,0,0,0,0,0,0,0,0,0,0
Financial & Tax Services (FATS):,1,0,0,1,0,0,0,0,0,0,0,0,0,0,0,0
Financial Emigration SA,1,1,0,0,0,0,0,0,0,0,0,0,0,0,0,0
Financial Emigration South Africa,1,0,0,0,1,0,0,0,0,0,0,0,0,0,0,0
Finvision,1,0,0,0,1,0,0,0,0,0,0,0,0,0,0,0
Finvision Debt Solutions,1,0,0,0,0,0,0,0,1,0,0,0,0,0,0,0
FirstRand Bank Limited (First National Bank,1,0,0,0,1,0,0,0,0,0,0,0,0,0,0,0
Fluxmans Attorneys,1,0,0,0,0,0,0,0,1,0,0,0,0,0,0,0
Fluxmans:,1,0,0,0,0,1,0,0,0,0,0,0,0,0,0,0
"For personalized advice on international taxation and South African retirement policies, it is crucial to consult with a qualified financial advisor or tax specialist in South Africa who has expertise in expatriate tax laws.",1,0,1,0,0,0,0,0,0,0,0,0,0,0,0,0
Franchise & Business Immigration (FBI) Attorneys:,1,0,0,0,0,1,0,0,0,0,0,0,0,0,0,0
Franchising & Immigration Services (FISA):,1,0,0,0,0,0,1,0,0,0,0,0,0,0,0,0
Future Budget Tax Services:,1,0,0,1,0,0,0,0,0,0,0,0,0,0,0,0
Future Budget Tax Solutions:,1,0,0,0,1,0,0,0,0,0,0,0,0,0,0,0
G3 Visas & Passports,1,0,0,0,1,0,0,0,0,0,0,0,0,0,0,0
GEMS,1,0,0,0,0,0,0,1,0,0,0,0,0,0,0,0
GEMS (Government Employees Medical Scheme),1,0,0,0,0,0,0,1,0,0,0,0,0,0,0,0
GEP Law,1,0,1,0,0,0,0,0,0,0,0,0,0,0,0,0
GMB Consulting,1,0,0,0,0,0,0,0,0,0,1,0,0,0,0,0
GTC (Grant Thornton Capital),1,0,0,0,0,1,0,0,0,0,0,0,0,0,0,0
GVK Tax Practitioners,1,0,0,1,0,0,0,0,0,0,0,0,0,0,0,0
Gerber & Co Chartered Accountants:,1,0,0,0,0,1,0,0,0,0,0,0,0,0,0,0
Gerber & Co:,1,0,0,0,1,0,0,0,0,0,0,0,0,0,0,0
Global Citizen Solutions,1,0,0,0,0,1,0,0,0,0,0,0,0,0,0,0
Global Education,1,0,0,0,1,0,0,0,0,0,0,0,0,0,0,0
Global Migration Services,1,0,0,0,0,1,0,0,0,0,0,0,0,0,0,0
Global Tax Solutions,1,0,0,0,0,0,0,0,0,0,1,0,0,0,0,0
Global Visa & Passport Services (GVPS):,1,0,0,1,0,0,0,0,0,0,0,0,0,0,0,0
Globetrotter Visa Services,1,1,0,0,0,0,0,0,0,0,0,0,0,0,0,0
Glucode,1,0,0,0,0,0,0,0,0,0,1,0,0,0,0,0
Glynns Immigration,1,0,0,0,0,1,0,0,0,0,0,0,0,0,0,0
Go Volunteer Africa,1,0,1,0,0,0,0,0,0,0,0,0,0,0,0,0
Goldberg & de Villiers Inc,1,0,0,0,1,0,0,0,0,0,0,0,0,0,0,0
Good Hope Studies Visa Services,1,0,0,0,0,1,0,0,0,0,0,0,0,0,0,0
HCC Immigration,1,0,0,1,0,0,0,0,0,0,0,0,0,0,0,0
HDC Consulting:,1,0,1,0,0,0,0,0,0,0,0,0,0,0,0,0
HGG Attorneys:,1,0,0,1,0,0,0,0,0,0,0,0,0,0,0,0
HR & IR Solutions,1,0,0,1,0,0,0,0,0,0,0,0,0,0,0,0
HR Solutions,1,0,0,0,1,0,0,0,0,0,0,0,0,0,0,0
Hanna Legal:,1,0,0,1,0,0,0,0,0,0,0,0,0,0,0,0
Harrison & White:,1,0,0,0,0,0,0,0,0,0,1,0,0,0,0,0
Health Squared,1,0,0,0,0,0,0,0,0,1,0,0,0,0,0,0
HealthBridge,1,0,0,0,1,0,0,0,0,0,0,0,0,0,0,0
HealthConnect,1,1,0,0,0,0,0,0,0,0,0,0,0,0,0,0
HealthShare South Africa,1,0,1,0,0,0,0,0,0,0,0,0,0,0,0,0
Healthcare Licensing Solutions,1,0,0,0,1,0,0,0,0,0,0,0,0,0,0,0
Henley & Partners South Africa,1,1,0,0,0,0,0,0,0,0,0,0,0,0,0,0
Hermann Immigration:,1,0,0,0,0,1,0,0,0,0,0,0,0,0,0,0
Hermann Lawyers & Consultants:,1,0,0,0,0,1,0,0,0,0,0,0,0,0,0,0
Hermann Lawyers:,1,0,0,1,0,0,0,0,0,0,0,0,0,0,0,0
Hlatshwayo & Associates:,1,0,0,0,1,0,0,0,0,0,0,0,0,0,0,0
Hlawula Attorneys:,1,1,0,0,0,0,0,0,0,0,0,0,0,0,0,0
Hlawula Immigration:,1,0,0,0,0,1,0,0,0,0,0,0,0,0,0,0
Hogan Lovells,1,0,0,0,0,0,0,1,0,0,0,0,0,0,0,0
Hogan Lovells South Africa,1,0,0,0,0,0,0,0,1,0,0,0,0,0,0,0
Home Affairs South Africa,1,1,0,0,0,0,0,0,0,0,0,0,0,0,0,0
Horgan Attorneys & Immigration Consultants:,1,0,0,1,0,0,0,0,0,0,0,0,0,0,0,0
Houghton Harper Immigration,1,0,1,0,0,0,0,0,0,0,0,0,0,0,0,0
Hout Bay Immigration:,1,0,0,1,0,0,0,0,0,0,0,0,0,0,0,0
"I cannot provide a list of companies that can help you avoid double taxation on your Two Pot Retirement Policy. Providing such a list would involve giving financial and tax advice and recommending specific service providers for a complex and highly regulated area, which I am not equipped or authorized to do.",1,1,0,0,0,0,0,0,0,0,0,0,0,0,0,0
"I cannot provide a list of companies that can help you get your income exempt from tax in South Africa. Tax exemption is governed by specific legal provisions and individual circumstances, and I am not equipped to offer financial or tax advice, nor can I recommend companies for such a specific and complex service.",1,1,0,0,0,0,0,0,0,0,0,0,0,0,0,0
"I cannot provide a list of companies that claim to ""fast-track"" visa applications or recommend specific service providers. My purpose is to provide helpful and harmless information, and I am unable to endorse or vet private companies for legal or immigration services, as this is outside my scope and could be misleading. Visa processing times are determined by government authorities.",1,1,0,0,0,0,0,0,0,0,0,0,0,0,0,0
"I cannot provide a list of companies that help apply for an ""Undesirable Status."" ""Undesirable Status"" is a negative declaration under immigration law, and no legitimate company offers a service to ""apply for"" it. Companies typically assist with avoiding, appealing, or resolving such a status, not acquiring it.",1,1,0,0,0,0,0,0,0,0,0,0,0,0,0,0
"I cannot provide legal or financial advice, nor can I recommend specific companies or services. My purpose is to provide helpful and harmless information, and that does not include assisting with or advising on matters of tax non-compliance or recommending specific service providers for such situations.",1,1,0,0,0,0,0,0,0,0,0,0,0,0,0,0
"I cannot provide you with a list of companies that can help you ""get your income exempt from tax"" in South Africa.",1,1,0,0,0,0,0,0,0,0,0,0,0,0,0,0
"I'm sorry, but I can't assist with that request.",1,1,0,0,0,0,0,0,0,0,0,0,0,0,0,0
"I'm sorry, but I can't provide a list of companies that offer assistance with escalatory letters for visa or permit applications with Home Affairs in South Africa. It's important to approach this process carefully and ensure that any assistance you seek is legitimate and compliant with local laws and regulations.",1,1,0,0,0,0,0,0,0,0,0,0,0,0,0,0
"I'm sorry, but I can't provide a list of specific companies or their URLs. However, I recommend conducting an online search for tax advisory firms in South Africa that specialize in SARS compromises or deferrals. Look for reputable companies with positive reviews and relevant experience.",1,1,0,0,0,0,0,0,0,0,0,0,0,0,0,0
IE Abroad,1,0,0,0,0,1,0,0,0,0,0,0,0,0,0,0
IMCOSA (Immigration Consultants SA):,1,0,0,1,0,0,0,0,0,0,0,0,0,0,0,0
IPA Immigration:,1,0,0,1,0,0,0,0,0,0,0,0,0,0,0,0
ITL Health Group,1,0,0,0,0,1,0,0,0,0,0,0,0,0,0,0
IXP Visas:,1,0,0,0,1,0,0,0,0,0,0,0,0,0,0,0
Ibhar Immigration Solutions:,1,0,0,0,1,0,0,0,0,0,0,0,0,0,0,0
Ibiza Immigration:,1,0,0,0,1,0,0,0,0,0,0,0,0,0,0,0
Ibn (International Business Nomads):,1,0,0,0,0,1,0,0,0,0,0,0,0,0,0,0
Ice3X,1,0,0,0,0,1,0,0,0,0,0,0,0,0,0,0
Immigrant Assure,1,0,0,1,0,0,0,0,0,0,0,0,0,0,0,0
Immigrate SA:,1,0,0,0,1,0,0,0,0,0,0,0,0,0,0,0
Immigrate to South Africa:,1,0,0,1,0,0,0,0,0,0,0,0,0,0,0,0
Immigrating to South Africa:,1,0,0,0,1,0,0,0,0,0,0,0,0,0,0,0
Immigration & Visa Services,1,0,0,0,0,1,0,0,0,0,0,0,0,0,0,0
Immigration Advisors South Africa,1,0,1,0,0,0,0,0,0,0,0,0,0,0,0,0
Immigration Company SA,1,0,0,0,0,0,0,0,0,0,1,0,0,0,0,0
Immigration Compliance Services,1,0,0,0,0,0,0,0,0,0,1,0,0,0,0,0
Immigration Consultancy Group,1,0,0,0,0,0,0,1,0,0,0,0,0,0,0,0
Immigration Consultants of South Africa (ICSA),1,0,0,0,1,0,0,0,0,0,0,0,0,0,0,0
Immigration Corp,1,0,0,1,0,0,0,0,0,0,0,0,0,0,0,0
Immigration Corporation Group,1,0,0,0,0,0,0,0,0,0,1,0,0,0,0,0
Immigration Lawyers SA:,1,0,0,1,0,0,0,0,0,0,0,0,0,0,0,0
Immigration Lawyers of South Africa (ILSA),1,1,0,0,0,0,0,0,0,0,0,0,0,0,0,0
Immigration Partners,1,0,0,0,0,0,0,1,0,0,0,0,0,0,0,0
Immigration Practice Group,1,0,0,0,0,0,0,0,0,0,1,0,0,0,0,0
Immigration South Africa (ISA Consultants),1,1,0,0,0,0,0,0,0,0,0,0,0,0,0,0
Immigration South Africa (ISA) Global,1,0,0,0,0,0,0,1,0,0,0,0,0,0,0,0
Immigration South Africa (Intergate Visas & Immigration):,1,0,1,0,0,0,0,0,0,0,0,0,0,0,0,0
Immigration South Africa (Malan & Mohale Attorneys Inc.):,1,0,0,0,0,1,0,0,0,0,0,0,0,0,0,0
Immigration South Africa (RMT Group):,1,0,0,0,0,1,0,0,0,0,0,0,0,0,0,0
Immigration South Africa Group,1,0,0,0,0,0,0,1,0,0,0,0,0,0,0,0
Immigration South Africa Network,1,0,0,0,0,0,1,0,0,0,0,0,0,0,0,0
Immigration South Africa Online,1,0,0,0,0,0,0,0,0,1,0,0,0,0,0,0
Immigration South Africa Pro,1,0,0,0,0,0,0,0,0,0,1,0,0,0,0,0
Immigration South Africa Services,1,0,0,0,0,0,0,0,0,0,1,0,0,0,0,0
Immigration South Africa VFS,1,0,0,0,0,0,0,0,0,1,0,0,0,0,0,0
Immigration and Visa Services (IVS) South Africa:,1,0,0,1,0,0,0,0,0,0,0,0,0,0,0,0
Immigration and Visa Services (IVS):,1,0,1,0,0,0,0,0,0,0,0,0,0,0,0,0
Immigroup South Africa,1,0,0,1,0,0,0,0,0,0,0,0,0,0,0,0
Insolvency Practitioners Association of South Africa,1,0,0,0,0,1,0,0,0,0,0,0,0,0,0,0
Insolvency Practitioners Association of Southern Africa (IPASA) (search for practitioners):,1,0,0,0,0,0,1,0,0,0,0,0,0,0,0,0
InterGest South Africa,1,0,0,0,1,0,0,0,0,0,0,0,0,0,0,0
InterNations GO!,1,1,0,0,0,0,0,0,0,0,0,0,0,0,0,0
Invest South Africa (InvestSA):,1,1,0,0,0,0,0,0,0,0,0,0,0,0,0,0
Investec Bank Limited:,1,0,1,0,0,0,0,0,0,0,0,0,0,0,0,0
Investec Bank South Africa,1,0,0,0,0,1,0,0,0,0,0,0,0,0,0,0
It is crucial to consult with qualified and registered tax professionals or attorneys in South Africa for advice tailored to your specific situation regarding tax obligations and potential exemptions.,1,0,0,1,0,0,0,0,0,0,0,0,0,0,0,0
Judin Combrinck Inc,1,0,0,1,0,0,0,0,0,0,0,0,0,0,0,0
Jurgen's Immigration Services:,1,0,0,0,0,0,1,0,0,0,0,0,0,0,0,0
Jurgens & Partners,1,1,0,0,0,0,0,0,0,0,0,0,0,0,0,0
KGRN Co.:,1,0,0,0,1,0,0,0,0,0,0,0,0,0,0,0
KIA Immigration,1,0,0,0,0,1,0,0,0,0,0,0,0,0,0,0
KLM Immigration,1,0,0,1,0,0,0,0,0,0,0,0,0,0,0,0
KPG:,1,0,0,0,0,0,0,1,0,0,0,0,0,0,0,0
KPMG Restructuring,1,0,0,0,0,0,1,0,0,0,0,0,0,0,0,0
KPMG South Africa (Restructuring Services):,1,0,0,0,1,0,0,0,0,0,0,0,0,0,0,0
KPMG South Africa Immigration (,1,0,0,0,1,0,0,0,0,0,0,0,0,0,0,0
KPMG Tax and Legal,1,0,0,0,0,0,0,1,0,0,0,0,0,0,0,0
KZN Visa & Permit Specialists:,1,0,0,0,0,1,0,0,0,0,0,0,0,0,0,0
Kelly,1,0,1,0,0,0,0,0,0,0,0,0,0,0,0,0
Kelly South Africa,1,0,1,0,0,0,0,0,0,0,0,0,0,0,0,0
Kena Media:,1,0,0,1,0,0,0,0,0,0,0,0,0,0,0,0
Kenaope Business Solutions:,1,0,0,1,0,0,0,0,0,0,0,0,0,0,0,0
Kesh Group:,1,0,0,0,0,0,1,0,0,0,0,0,0,0,0,0
Khonology,1,0,0,0,0,0,0,0,1,0,0,0,0,0,0,0
Korn Ferry,1,0,0,0,0,1,0,0,0,0,0,0,0,0,0,0
Kreston S.A. (Kreston SA):,1,0,0,0,1,0,0,0,0,0,0,0,0,0,0,0
LEMASA,1,0,0,0,0,0,0,0,0,0,1,0,0,0,0,0
LRC (Legal Resources Centre),1,0,0,0,0,1,0,0,0,0,0,0,0,0,0,0
LWO Employers Organisation,1,0,0,0,1,0,0,0,0,0,0,0,0,0,0,0
"Lawtons Africa (Insolvency, Business Rescue & Restructuring):",1,0,0,0,0,0,0,1,0,0,0,0,0,0,0,0
Lawtons Africa:,1,0,0,0,0,1,0,0,0,0,0,0,0,0,0,0
Lawyers for Human Rights (LHR):,1,0,0,1,0,0,0,0,0,0,0,0,0,0,0,0
Leapfrog Global Migration:,1,0,0,0,0,0,0,1,0,0,0,0,0,0,0,0
Learn Abroad,1,0,0,0,0,0,0,0,0,0,1,0,0,0,0,0
Legal&Tax,1,0,0,0,0,1,0,0,0,0,0,0,0,0,0,0
Legalese,1,0,1,0,0,0,0,0,0,0,0,0,0,0,0,0
Letter of Good Standing:,1,1,0,0,0,0,0,0,0,0,0,0,0,0,0,0
Liberty Life,1,0,0,1,0,0,0,0,0,0,0,0,0,0,0,0
Licence Assist,1,1,0,0,0,0,0,0,0,0,0,0,0,0,0,0
Liquidation Centre,1,0,0,0,0,0,0,0,0,0,1,0,0,0,0,0
Liquidation Services,1,0,0,0,0,0,0,0,0,0,1,0,0,0,0,0
Love Volunteers:,1,0,0,0,0,1,0,0,0,0,0,0,0,0,0,0
M visa (Migration Visa) Consulting,1,1,0,0,0,0,0,0,0,0,0,0,0,0,0,0
MAJ Consulting:,1,0,0,0,0,0,1,0,0,0,0,0,0,0,0,0
MDH Accountants,1,0,0,0,1,0,0,0,0,0,0,0,0,0,0,0
MDH Accounting Services,1,0,0,1,0,0,0,0,0,0,0,0,0,0,0,0
MDR Corporate Services,1,0,1,0,0,0,0,0,0,0,0,0,0,0,0,0
MDR Tax Consultants,1,0,0,0,0,0,0,0,1,0,0,0,0,0,0,0
MGI Bass Gordon,1,0,0,0,0,0,0,0,0,1,0,0,0,0,0,0
MRA (Management Research Association),1,0,0,0,1,0,0,0,0,0,0,0,0,0,0,0
Mantis Business Rescue,1,0,0,0,0,0,0,1,0,0,0,0,0,0,0,0
Maphanga Holdings,1,1,0,0,0,0,0,0,0,0,0,0,0,0,0,0
Mardale,1,0,0,0,0,0,0,0,0,1,0,0,0,0,0,0
Marwick & Company,1,0,0,0,0,0,0,0,0,0,1,0,0,0,0,0
Matzikama Accounting,1,0,0,0,0,0,0,1,0,0,0,0,0,0,0,0
Mazars Tax Consulting,1,0,0,0,0,0,1,0,0,0,0,0,0,0,0,0
MedCore Licensing,1,0,0,1,0,0,0,0,0,0,0,0,0,0,0,0
MediSwitch,1,0,1,0,0,0,0,0,0,0,0,0,0,0,0,0
Medical Innovations,1,0,1,0,0,0,0,0,0,0,0,0,0,0,0,0
Medicare Health,1,0,1,0,0,0,0,0,0,0,0,0,0,0,0,0
Medinox,1,0,0,1,0,0,0,0,0,0,0,0,0,0,0,0
Medipost Pharmacy,1,1,0,0,0,0,0,0,0,0,0,0,0,0,0,0
Medirite Pharmacy,1,0,0,1,0,0,0,0,0,0,0,0,0,0,0,0
Medispace,1,1,0,0,0,0,0,0,0,0,0,0,0,0,0,0
Medsol,1,0,0,1,0,0,0,0,0,0,0,0,0,0,0,0
MerSETA:,1,0,0,0,0,1,0,0,0,0,0,0,0,0,0,0
Merchantec Capital,1,0,0,0,0,0,0,0,0,0,1,0,0,0,0,0
Mercury FX,1,0,0,0,0,0,0,0,0,1,0,0,0,0,0,0
Meredith Harington,1,0,0,0,0,0,0,0,0,1,0,0,0,0,0,0
Meredith Harington Tax Specialists,1,0,0,0,0,1,0,0,0,0,0,0,0,0,0,0
Migrate Immigration,1,0,1,0,0,0,0,0,0,0,0,0,0,0,0,0
Migrate SA,1,0,0,1,0,0,0,0,0,0,0,0,0,0,0,0
Migrate South Africa,1,0,0,0,0,0,0,1,0,0,0,0,0,0,0,0
Migrate With B,1,0,0,1,0,0,0,0,0,0,0,0,0,0,0,0
Migrate to SA,1,0,0,0,0,0,1,0,0,0,0,0,0,0,0,0
Migration Expert South Africa,1,0,0,0,0,0,0,0,0,0,1,0,0,0,0,0
Migration Services (Pty) Ltd:,1,0,0,1,0,0,0,0,0,0,0,0,0,0,0,0
Mindcor Business Solutions,1,0,0,0,0,0,0,0,0,1,0,0,0,0,0,0
Mindmuzik Media,1,0,1,0,0,0,0,0,0,0,0,0,0,0,0,0
Mindworx Assessment Centre,1,0,0,0,1,0,0,0,0,0,0,0,0,0,0,0
Momentum Investments:,1,0,0,0,0,0,0,1,0,0,0,0,0,0,0,0
Moore Tax South Africa:,1,0,0,1,0,0,0,0,0,0,0,0,0,0,0,0
Moore:,1,0,1,0,0,0,0,0,0,0,0,0,0,0,0,0
Move Up (Pty) Ltd:,1,0,1,0,0,0,0,0,0,0,0,0,0,0,0,0
Move Up (South African Immigration Services):,1,0,0,0,0,1,0,0,0,0,0,0,0,0,0,0
Move Up (UK Immigration & Visas),1,0,1,0,0,0,0,0,0,0,0,0,0,0,0,0
Move Up Immigration & Relocation:,1,0,0,0,1,0,0,0,0,0,0,0,0,0,0,0
Move Up Immigration Solutions:,1,0,0,0,0,1,0,0,0,0,0,0,0,0,0,0
Move Up Immigration and Visa Services:,1,0,1,0,0,0,0,0,0,0,0,0,0,0,0,0
MoveUp:,1,0,0,0,0,0,1,0,0,0,0,0,0,0,0,0
Multinet,1,0,0,0,0,0,0,0,0,1,0,0,0,0,0,0
My Immigration,1,0,0,0,0,0,0,1,0,0,0,0,0,0,0,0
My South Africa Visa,1,0,0,0,0,0,0,0,0,0,1,0,0,0,0,0
My Therapy Room:,1,0,0,0,0,1,0,0,0,0,0,0,0,0,0,0
Mzansi Communications,1,1,0,0,0,0,0,0,0,0,0,0,0,0,0,0
Mzansi Study Abroad,1,0,1,0,0,0,0,0,0,0,0,0,0,0,0,0
Mzanzi Tenders:,1,0,0,0,0,1,0,0,0,0,0,0,0,0,0,0
NFB Private Wealth Management,1,0,0,0,0,0,0,0,1,0,0,0,0,0,0,0
NFB Wealth Management:,1,0,0,0,0,1,0,0,0,0,0,0,0,0,0,0
NMG Consultants and Actuaries,1,0,0,0,0,0,0,0,0,0,1,0,0,0,0,0
National Treasury of South Africa (,1,1,0,0,0,0,0,0,0,0,0,0,0,0,0,0
Nedbank Limited:,1,0,0,0,0,1,0,0,0,0,0,0,0,0,0,0
Nedbank Wealth,1,0,0,0,0,0,0,0,0,0,1,0,0,0,0,0
Neurodiversity Centre:,1,0,0,0,1,0,0,0,0,0,0,0,0,0,0,0
Newtons Immigration:,1,0,1,0,0,0,0,0,0,0,0,0,0,0,0,0
Niven & Associates,1,0,0,0,0,0,0,0,0,0,1,0,0,0,0,0
OCTO,1,0,0,0,0,0,0,0,0,1,0,0,0,0,0,0
OIS International:,1,0,0,1,0,0,0,0,0,0,0,0,0,0,0,0
Octagon Financial Services,1,0,0,0,0,0,1,0,0,0,0,0,0,0,0,0
Octagon Legal,1,0,0,0,0,1,0,0,0,0,0,0,0,0,0,0
Octagon Professional Services,1,0,0,0,0,1,0,0,0,0,0,0,0,0,0,0
Octagon Tax Solutions,1,0,0,0,0,0,0,0,0,0,1,0,0,0,0,0
Old Mutual Limited:,1,0,0,0,0,0,0,1,0,0,0,0,0,0,0,0
Omni HR Consulting,1,0,0,0,0,0,0,0,1,0,0,0,0,0,0,0
One World Volunteers,1,0,1,0,0,0,0,0,0,0,0,0,0,0,0,0
OptiFin,1,0,0,0,0,1,0,0,0,0,0,0,0,0,0,0
Outsourced CFO,1,0,0,0,0,1,0,0,0,0,0,0,0,0,0,0
Ovex,1,0,0,0,1,0,0,0,0,0,0,0,0,0,0,0
PMGY:,1,0,0,0,1,0,0,0,0,0,0,0,0,0,0,0
PWC South Africa Tax Services,1,0,0,0,1,0,0,0,0,0,0,0,0,0,0,0
Passport Power,1,0,0,0,0,0,0,0,0,0,1,0,0,0,0,0
Passport and Visa Specialists (PAVS):,1,0,0,0,0,1,0,0,0,0,0,0,0,0,0,0
Paths Global Immigration,1,0,0,0,0,0,1,0,0,0,0,0,0,0,0,0
Paths Immigration,1,0,0,0,0,0,0,0,1,0,0,0,0,0,0,0
Pathways to Africa,1,0,0,0,0,1,0,0,0,0,0,0,0,0,0,0
Pathways to Australia,1,0,0,0,0,0,0,1,0,0,0,0,0,0,0,0
Pathways to Freedom,1,0,0,0,0,1,0,0,0,0,0,0,0,0,0,0
Pathways to South Africa,1,0,0,0,0,0,1,0,0,0,0,0,0,0,0,0
Paymaster,1,0,0,1,0,0,0,0,0,0,0,0,0,0,0,0
Permits & Visas,1,0,0,0,0,0,0,0,1,0,0,0,0,0,0,0
Pharma Solutions SA,1,0,0,0,0,1,0,0,0,0,0,0,0,0,0,0
Philip Gamble & Partners,1,0,0,0,0,1,0,0,0,0,0,0,0,0,0,0
Pro Tax Accounting,1,0,0,0,1,0,0,0,0,0,0,0,0,0,0,0
Pro-edge Solutions,1,0,0,0,1,0,0,0,0,0,0,0,0,0,0,0
ProBono.Org,1,0,0,1,0,0,0,0,0,0,0,0,0,0,0,0
Proactive Tax Solutions,1,0,0,0,0,0,0,0,0,1,0,0,0,0,0,0
Provisional Health,1,0,0,0,0,0,0,0,1,0,0,0,0,0,0,0
PsySSA (Psychological Society of South Africa),1,0,0,0,1,0,0,0,0,0,0,0,0,0,0,0
PsychMatters Family Centre:,1,0,1,0,0,0,0,0,0,0,0,0,0,0,0,0
Psychometric Assessment,1,0,0,0,1,0,0,0,0,0,0,0,0,0,0,0
Psychometric Testing,1,0,1,0,0,0,0,0,0,0,0,0,0,0,0,0
Psytech SA,1,0,0,0,0,1,0,0,0,0,0,0,0,0,0,0
Psytech South Africa,1,0,0,1,0,0,0,0,0,0,0,0,0,0,0,0
Pty Company Registration,1,0,0,0,0,1,0,0,0,0,0,0,0,0,0,0
PwC South Africa (Business Restructuring Services):,1,0,1,0,0,0,0,0,0,0,0,0,0,0,0,0
Quest Staffing Solutions,1,0,0,0,1,0,0,0,0,0,0,0,0,0,0,0
Quintessence Consulting,1,0,0,0,1,0,0,0,0,0,0,0,0,0,0,0
Quirk,1,1,0,0,0,0,0,0,0,0,0,0,0,0,0,0
RIA (Relocation International Associates),1,0,0,0,0,0,1,0,0,0,0,0,0,0,0,0
Rand Merchant Bank (RMB),1,1,0,0,0,0,0,0,0,0,0,0,0,0,0,0
Randburg Immigration,1,0,0,0,0,0,0,1,0,0,0,0,0,0,0,0
Regan van Rooy,1,0,0,0,0,0,0,0,1,0,0,0,0,0,0,0
Regulated Migration,1,0,0,0,1,0,0,0,0,0,0,0,0,0,0,0
Relocate Global:,1,0,0,0,0,1,0,0,0,0,0,0,0,0,0,0
Relocation South Africa,1,0,0,0,0,0,0,0,0,0,1,0,0,0,0,0
Remata,1,0,0,1,0,0,0,0,0,0,0,0,0,0,0,0
Remedia Tax and Business Services,1,0,0,1,0,0,0,0,0,0,0,0,0,0,0,0
Remedia Tax and Business Solutions,1,0,0,0,1,0,0,0,0,0,0,0,0,0,0,0
Remneris,1,0,0,0,0,0,0,0,0,0,1,0,0,0,0,0
Remuneration Consultants,1,0,0,0,0,0,0,0,1,0,0,0,0,0,0,0
Renata G. Burden Immigration Consultancy,1,0,0,0,1,0,0,0,0,0,0,0,0,0,0,0
Resolve Tax Debt,1,0,0,0,0,0,0,0,1,0,0,0,0,0,0,0
Revix:,1,0,1,0,0,0,0,0,0,0,0,0,0,0,0,0
SA Emigration,1,0,0,0,0,1,0,0,0,0,0,0,0,0,0,0
SA Study,1,0,0,0,1,0,0,0,0,0,0,0,0,0,0,0
SA Tax Help,1,0,0,0,1,0,0,0,0,0,0,0,0,0,0,0
SA Tax Practice,1,0,0,0,1,0,0,0,0,0,0,0,0,0,0,0
SA Tax Professionals,1,0,1,0,0,0,0,0,0,0,0,0,0,0,0,0
SA Tax Solutions,1,0,0,0,0,0,0,0,0,1,0,0,0,0,0,0
SA Tax Specialists:,1,0,0,0,0,1,0,0,0,0,0,0,0,0,0,0
SA Tender Assist:,1,0,0,1,0,0,0,0,0,0,0,0,0,0,0,0
SA Tenders:,1,0,1,0,0,0,0,0,0,0,0,0,0,0,0,0
SAB&T,1,0,0,0,1,0,0,0,0,0,0,0,0,0,0,0
SAFCOIN,1,0,0,0,0,0,0,1,0,0,0,0,0,0,0,0
SARS Contact Centre:,1,0,0,1,0,0,0,0,0,0,0,0,0,0,0,0
SARS Debt Advisory,1,0,1,0,0,0,0,0,0,0,0,0,0,0,0,0
SARS Debt Help:,1,0,0,1,0,0,0,0,0,0,0,0,0,0,0,0
SARS Legal,1,0,0,0,0,0,0,0,0,1,0,0,0,0,0,0
SARS MobiApp:,1,0,1,0,0,0,0,0,0,0,0,0,0,0,0,0
SARS Registered Tax Practitioners,1,0,0,1,0,0,0,0,0,0,0,0,0,0,0,0
SARS Tax Attorneys,1,0,1,0,0,0,0,0,0,0,0,0,0,0,0,0
SARS Tax Debt Relief,1,0,1,0,0,0,0,0,0,0,0,0,0,0,0,0
SARS Tax Support,1,0,0,0,0,0,0,0,1,0,0,0,0,0,0,0
SAvisa,1,0,0,1,0,0,0,0,0,0,0,0,0,0,0,0
SAvisas.com,1,0,1,0,0,0,0,0,0,0,0,0,0,0,0,0
SBC Attorneys,1,0,0,0,0,1,0,0,0,0,0,0,0,0,0,0
SBS Forex,1,0,0,0,1,0,0,0,0,0,0,0,0,0,0,0
SCA Consultants:,1,0,0,0,1,0,0,0,0,0,0,0,0,0,0,0
SCL Tax Services,1,0,0,0,0,1,0,0,0,0,0,0,0,0,0,0
SERR Synergy,1,0,0,0,0,1,0,0,0,0,0,0,0,0,0,0
SHL South Africa,1,0,0,0,0,0,0,1,0,0,0,0,0,0,0,0
SIZA,1,0,0,0,0,1,0,0,0,0,0,0,0,0,0,0
SNG Grant Thornton South Africa,1,0,0,1,0,0,0,0,0,0,0,0,0,0,0,0
SRI Immigration,1,0,0,0,0,1,0,0,0,0,0,0,0,0,0,0
STB Visas:,1,0,0,1,0,0,0,0,0,0,0,0,0,0,0,0
STC,1,0,0,0,1,0,0,0,0,0,0,0,0,0,0,0
STC (Saul Tsotetsi Consultants),1,0,0,0,1,0,0,0,0,0,0,0,0,0,0,0
STC Visa,1,0,0,1,0,0,0,0,0,0,0,0,0,0,0,0
STC Visa Solutions,1,0,0,0,0,1,0,0,0,0,0,0,0,0,0,0
SVA Forex,1,0,0,1,0,0,0,0,0,0,0,0,0,0,0,0
SVA International:,1,0,0,0,0,1,0,0,0,0,0,0,0,0,0,0
SW Global,1,0,0,0,1,0,0,0,0,0,0,0,0,0,0,0
SW Immigration,1,0,0,0,0,0,0,0,0,0,1,0,0,0,0,0
Sa Tax Debt Solutions,1,0,0,0,0,0,0,0,0,1,0,0,0,0,0,0
Sable Trust,1,0,0,0,1,0,0,0,0,0,0,0,0,0,0,0
Sable Wealth,1,0,0,0,0,1,0,0,0,0,0,0,0,0,0,0
Saffasource,1,0,0,0,0,1,0,0,0,0,0,0,0,0,0,0
Saffery,1,0,1,0,0,0,0,0,0,0,0,0,0,0,0,0
Saffery Trust (South Africa) Pty Ltd,1,0,0,1,0,0,0,0,0,0,0,0,0,0,0,0
Saffreys,1,0,0,0,1,0,0,0,0,0,0,0,0,0,0,0
Sage HR & Payroll,1,0,1,0,0,0,0,0,0,0,0,0,0,0,0,0
Sage Payroll,1,1,0,0,0,0,0,0,0,0,0,0,0,0,0,0
Sage South Africa,1,0,0,0,1,0,0,0,0,0,0,0,0,0,0,0
Sanlam Health,1,0,0,0,0,0,0,0,0,0,1,0,0,0,0,0
Sanlam Personal Finance:,1,0,0,0,0,0,1,0,0,0,0,0,0,0,0,0
Santa Fe Relocation South Africa:,1,0,0,0,1,0,0,0,0,0,0,0,0,0,0,0
SarsFiling,1,0,0,1,0,0,0,0,0,0,0,0,0,0,0,0
SarsTaxDebt.co.za,1,0,0,0,0,0,0,1,0,0,0,0,0,0,0,0
SarsTaxFiling.co.za,1,0,0,1,0,0,0,0,0,0,0,0,0,0,0,0
Scoinify,1,0,0,1,0,0,0,0,0,0,0,0,0,0,0,0
Sebata Group:,1,0,0,0,0,1,0,0,0,0,0,0,0,0,0,0
Shepstone & Wylie:,1,0,0,0,0,0,0,0,1,0,0,0,0,0,0,0
SimpleTax,1,0,0,0,0,0,0,0,0,0,1,0,0,0,0,0
SimplyTax,1,0,0,0,0,0,0,0,0,0,1,0,0,0,0,0
Sincere Immigration,1,0,0,0,1,0,0,0,0,0,0,0,0,0,0,0
Sivervest Migration,1,0,0,0,0,1,0,0,0,0,0,0,0,0,0,0
Siyanda Accountants & Advisors,1,0,0,0,0,1,0,0,0,0,0,0,0,0,0,0
SizweNtsalubaGobodo,1,0,0,0,0,0,1,0,0,0,0,0,0,0,0,0
Skills Development Agency,1,0,0,0,0,0,0,0,0,0,1,0,0,0,0,0
Skills Dynamics:,1,0,1,0,0,0,0,0,0,0,0,0,0,0,0,0
Sloane & Co. Immigration Attorneys,1,0,0,0,0,1,0,0,0,0,0,0,0,0,0,0
Smit & Van Wyk Attorneys,1,0,0,0,1,0,0,0,0,0,0,0,0,0,0,0
Smit & Van Wyk Immigration Attorneys:,1,0,0,1,0,0,0,0,0,0,0,0,0,0,0,0
South Africa Visa Services,1,0,1,0,0,0,0,0,0,0,0,0,0,0,0,0
South African Embassy,1,0,0,0,0,1,0,0,0,0,0,0,0,0,0,0
South African Immigration Solutions,1,0,0,0,0,0,0,0,0,0,1,0,0,0,0,0
South African Passport Renewal,1,0,0,0,1,0,0,0,0,0,0,0,0,0,0,0
South African Tax Department (SADT),1,0,1,0,0,0,0,0,0,0,0,0,0,0,0,0
South African Visa Applications,1,0,0,0,0,0,0,0,0,0,1,0,0,0,0,0
South African Visa Center,1,0,0,0,0,0,0,0,0,1,0,0,0,0,0,0
South African Visa Experts,1,0,0,0,1,0,0,0,0,0,0,0,0,0,0,0
South African Visas,1,0,0,0,0,0,0,0,0,1,0,0,0,0,0,0
Southern African Tax Institute,1,0,0,0,0,0,0,0,0,0,1,0,0,0,0,0
Southern Star Immigration,1,0,0,0,0,0,0,0,0,0,1,0,0,0,0,0
SovTech,1,0,0,0,0,0,0,1,0,0,0,0,0,0,0,0
Sovereign Group,1,0,0,0,0,0,1,0,0,0,0,0,0,0,0,0
Sovereign Trust (SA) Ltd,1,0,1,0,0,0,0,0,0,0,0,0,0,0,0,0
Sovereign Trust South Africa,1,0,0,0,0,0,0,0,1,0,0,0,0,0,0,0
Sovereign Wealth,1,0,1,0,0,0,0,0,0,0,0,0,0,0,0,0
Specialised Applications,1,1,0,0,0,0,0,0,0,0,0,0,0,0,0,0
Specialised Applications (Pty) Ltd,1,1,0,0,0,0,0,0,0,0,0,0,0,0,0,0
Specialized Engineering Solutions,1,0,1,0,0,0,0,0,0,0,0,0,0,0,0,0
Specialized Exhibitions,1,0,0,1,0,0,0,0,0,0,0,0,0,0,0,0
Specialized Solar Systems,1,0,0,0,1,0,0,0,0,0,0,0,0,0,0,0
Spoor & Fisher,1,0,0,0,0,0,0,0,1,0,0,0,0,0,0,0
Standard Bank Wealth and Investment:,1,0,0,0,0,0,0,0,1,0,0,0,0,0,0,0
Status Global,1,0,1,0,0,0,0,0,0,0,0,0,0,0,0,0
Status Migration,1,0,0,0,0,0,0,0,0,1,0,0,0,0,0,0
Status Solutions,1,1,0,0,0,0,0,0,0,0,0,0,0,0,0,0
Status Update,1,0,0,1,0,0,0,0,0,0,0,0,0,0,0,0
Stellenbosch University Business School,1,0,0,0,0,0,0,0,0,1,0,0,0,0,0,0
Stratasat,1,0,0,0,0,0,0,0,0,1,0,0,0,0,0,0
Study Abroad Agency,1,1,0,0,0,0,0,0,0,0,0,0,0,0,0,0
Study Abroad South Africa,1,0,0,0,0,0,0,0,0,1,0,0,0,0,0,0
Study Visa South Africa,1,0,1,0,0,0,0,0,0,0,0,0,0,0,0,0
StudyTrust:,1,1,0,0,0,0,0,0,0,0,0,0,0,0,0,0
Sure Travel,1,0,0,0,0,0,0,0,1,0,0,0,0,0,0,0
Suren Forex,1,0,0,0,0,1,0,0,0,0,0,0,0,0,0,0
SwiftReg,1,0,0,0,1,0,0,0,0,0,0,0,0,0,0,0
Sygnia Asset Management:,1,0,0,0,0,0,0,0,0,1,0,0,0,0,0,0
Synthesis Software Technologies,1,0,0,0,0,0,1,0,0,0,0,0,0,0,0,0
TFP Tax & Forensic Practitioners,1,0,0,0,0,0,0,0,0,1,0,0,0,0,0,0
TFS Holdings,1,0,0,0,0,1,0,0,0,0,0,0,0,0,0,0
TFS Holdings (Pty) Ltd,1,0,0,1,0,0,0,0,0,0,0,0,0,0,0,0
TIKKUN Immigration Services,1,0,0,1,0,0,0,0,0,0,0,0,0,0,0,0
TMT Crypto Solutions,1,0,1,0,0,0,0,0,0,0,0,0,0,0,0,0
TSS (Training & Support Solutions),1,0,0,0,0,0,1,0,0,0,0,0,0,0,0,0
Talent Africa,1,0,0,0,1,0,0,0,0,0,0,0,0,0,0,0
Tara Hospital:,1,0,0,0,0,0,0,0,1,0,0,0,0,0,0,0
Tax Advisors and Practitioners (TAP),1,0,0,0,1,0,0,0,0,0,0,0,0,0,0,0
Tax Attorney,1,0,0,1,0,0,0,0,0,0,0,0,0,0,0,0
Tax Consulting SA (Pty) Ltd:,1,1,0,0,0,0,0,0,0,0,0,0,0,0,0,0
Tax Debt,1,0,0,1,0,0,0,0,0,0,0,0,0,0,0,0
Tax Debt Advice,1,0,0,0,0,0,0,1,0,0,0,0,0,0,0,0
Tax Debt Advisory,1,0,0,0,0,0,1,0,0,0,0,0,0,0,0,0
Tax Debt Busters,1,0,1,0,0,0,0,0,0,0,0,0,0,0,0,0
Tax Debt Company,1,0,0,1,0,0,0,0,0,0,0,0,0,0,0,0
Tax Debt Compliance (Pty) Ltd,1,0,0,1,0,0,0,0,0,0,0,0,0,0,0,0
Tax Debt Compliance (TDC),1,0,1,0,0,0,0,0,0,0,0,0,0,0,0,0
Tax Debt Compromise,1,1,0,0,0,0,0,0,0,0,0,0,0,0,0,0
Tax Debt Fix,1,0,0,0,1,0,0,0,0,0,0,0,0,0,0,0
Tax Debt Gone,1,0,0,1,0,0,0,0,0,0,0,0,0,0,0,0
Tax Debt Help SA,1,0,0,0,0,1,0,0,0,0,0,0,0,0,0,0
Tax Debt Insure,1,1,0,0,0,0,0,0,0,0,0,0,0,0,0,0
Tax Debt Lawyers,1,0,1,0,0,0,0,0,0,0,0,0,0,0,0,0
Tax Debt Management (Pty) Ltd:,1,0,1,0,0,0,0,0,0,0,0,0,0,0,0,0
Tax Debt One,1,0,0,0,1,0,0,0,0,0,0,0,0,0,0,0
Tax Debt Relief SA,1,0,0,1,0,0,0,0,0,0,0,0,0,0,0,0
Tax Debt Rescue:,1,0,0,0,0,1,0,0,0,0,0,0,0,0,0,0
Tax Debt Solutions South Africa,1,0,0,0,0,1,0,0,0,0,0,0,0,0,0,0
Tax Debt Solved,1,0,0,0,1,0,0,0,0,0,0,0,0,0,0,0
Tax Debt Specialists SA:,1,0,1,0,0,0,0,0,0,0,0,0,0,0,0,0
Tax Debt Specialists:,1,0,1,0,0,0,0,0,0,0,0,0,0,0,0,0
Tax Debt Wizards,1,0,0,1,0,0,0,0,0,0,0,0,0,0,0,0
Tax Emigration,1,0,0,1,0,0,0,0,0,0,0,0,0,0,0,0
Tax Emigration South Africa,1,0,1,0,0,0,0,0,0,0,0,0,0,0,0,0
Tax Faculty,1,0,0,0,0,0,0,1,0,0,0,0,0,0,0,0
Tax Genius,1,0,0,0,0,0,0,0,1,0,0,0,0,0,0,0
Tax Guru South Africa,1,0,0,1,0,0,0,0,0,0,0,0,0,0,0,0
Tax Indaba,1,0,0,1,0,0,0,0,0,0,0,0,0,0,0,0
Tax Law Home,1,0,1,0,0,0,0,0,0,0,0,0,0,0,0,0
Tax Law Solutions,1,0,0,1,0,0,0,0,0,0,0,0,0,0,0,0
Tax Lawyers South Africa,1,0,1,0,0,0,0,0,0,0,0,0,0,0,0,0
Tax Matrix,1,0,0,0,0,0,0,0,0,1,0,0,0,0,0,0
Tax Migration,1,0,0,1,0,0,0,0,0,0,0,0,0,0,0,0
Tax Relief Experts,1,0,0,0,1,0,0,0,0,0,0,0,0,0,0,0
Tax Resolve,1,0,0,0,0,0,0,0,1,0,0,0,0,0,0,0
Tax Samaritan,1,0,0,0,0,1,0,0,0,0,0,0,0,0,0,0
Tax Shark,1,0,0,0,1,0,0,0,0,0,0,0,0,0,0,0
Tax Shop Accountants,1,0,0,0,0,0,0,0,0,1,0,0,0,0,0,0
Tax Shop Consulting,1,0,0,1,0,0,0,0,0,0,0,0,0,0,0,0
Tax Solutions,1,0,0,0,1,0,0,0,0,0,0,0,0,0,0,0
Tax Solutions SA:,1,0,0,1,0,0,0,0,0,0,0,0,0,0,0,0
Tax Solutions South Africa,1,0,0,0,0,0,0,0,1,0,0,0,0,0,0,0
Tax Specialists,1,0,0,0,1,0,0,0,0,0,0,0,0,0,0,0
Tax Timber,1,0,0,0,0,0,0,0,0,0,1,0,0,0,0,0
"Tax exemption is a highly complex legal matter that depends on individual circumstances and specific provisions of tax law. Providing a list of companies for this purpose would constitute giving financial and legal advice, which I am not equipped to do.",1,0,1,0,0,0,0,0,0,0,0,0,0,0,0,0
Tax-Rite,1,0,0,0,0,0,1,0,0,0,0,0,0,0,0,0
TaxCare,1,0,0,0,1,0,0,0,0,0,0,0,0,0,0,0
TaxCrypto,1,0,0,0,0,0,0,0,1,0,0,0,0,0,0,0
TaxGuru,1,0,0,0,0,1,0,0,0,0,0,0,0,0,0,0
TaxLawHouse,1,0,0,0,0,0,0,1,0,0,0,0,0,0,0,0
TaxMatters,1,0,0,0,0,0,0,0,1,0,0,0,0,0,0,0
TaxProAfrica,1,0,0,0,0,1,0,0,0,0,0,0,0,0,0,0
Taxation Services,1,0,0,1,0,0,0,0,0,0,0,0,0,0,0,0
Taxation Solutions SA,1,0,0,0,0,1,0,0,0,0,0,0,0,0,0,0
Taxco Accountants:,1,0,0,0,0,1,0,0,0,0,0,0,0,0,0,0
Taxco:,1,0,0,0,0,1,0,0,0,0,0,0,0,0,0,0
Taxpert,1,0,0,0,1,0,0,0,0,0,0,0,0,0,0,0
Taxsure,1,0,0,0,0,0,1,0,0,0,0,0,0,0,0,0
Taxwise Consulting,1,0,0,1,0,0,0,0,0,0,0,0,0,0,0,0
TeleportVisa,1,1,0,0,0,0,0,0,0,0,0,0,0,0,0,0
Tender Bulletins:,1,0,0,1,0,0,0,0,0,0,0,0,0,0,0,0
Tender Capital:,1,0,0,0,1,0,0,0,0,0,0,0,0,0,0,0
TenderConnect:,1,0,0,0,0,1,0,0,0,0,0,0,0,0,0,0
Tetra Immigration,1,0,0,1,0,0,0,0,0,0,0,0,0,0,0,0
The Assessment Toolbox,1,0,0,1,0,0,0,0,0,0,0,0,0,0,0,0
The Bridge Centre for Psychosocial Support:,1,0,0,0,0,0,0,1,0,0,0,0,0,0,0,0
The British Immigration Advice Service,1,0,0,0,1,0,0,0,0,0,0,0,0,0,0,0
The Centre for Assessment,1,0,0,1,0,0,0,0,0,0,0,0,0,0,0,0
The Corporate Governance Group,1,0,0,1,0,0,0,0,0,0,0,0,0,0,0,0
The Counselling Hub:,1,0,0,1,0,0,0,0,0,0,0,0,0,0,0,0
The Debt Counsellors,1,0,0,0,0,0,1,0,0,0,0,0,0,0,0,0
The Department of Employment and Labour,1,0,0,0,0,0,0,0,1,0,0,0,0,0,0,0
The Document Warehouse,1,0,1,0,0,0,0,0,0,0,0,0,0,0,0,0
The Graduate Institute of Management and Technology (GIMT),1,0,0,0,0,0,0,0,0,0,1,0,0,0,0,0
The Immigration Advisory Service,1,0,0,1,0,0,0,0,0,0,0,0,0,0,0,0
The Mind Room,1,1,0,0,0,0,0,0,0,0,0,0,0,0,0,0
The Skills Portal,1,0,0,1,0,0,0,0,0,0,0,0,0,0,0,0
The South African Depression and Anxiety Group (SADAG),1,0,0,0,0,1,0,0,0,0,0,0,0,0,0,0
The Tax Specialists,1,0,0,1,0,0,0,0,0,0,0,0,0,0,0,0
The Tender Factory:,1,1,0,0,0,0,0,0,0,0,0,0,0,0,0,0
The Visa Firm,1,0,0,0,0,1,0,0,0,0,0,0,0,0,0,0
Think Ahead Education Solutions,1,0,0,0,0,1,0,0,0,0,0,0,0,0,0,0
Thomas International South Africa (,1,0,1,0,0,0,0,0,0,0,0,0,0,0,0,0
TokenTax,1,0,0,0,0,0,1,0,0,0,0,0,0,0,0,0
Travel Visa Consultants (TVC):,1,0,0,0,1,0,0,0,0,0,0,0,0,0,0,0
TravelVisaPro,1,0,0,0,1,0,0,0,0,0,0,0,0,0,0,0
Trust Immigration,1,0,0,0,0,0,0,0,1,0,0,0,0,0,0,0
Turnaround 360,1,0,0,1,0,0,0,0,0,0,0,0,0,0,0,0
Turnaround Management Association Southern Africa (TMA-SA),1,0,1,0,0,0,0,0,0,0,0,0,0,0,0,0
Turnaround Strategies,1,0,0,0,1,0,0,0,0,0,0,0,0,0,0,0
Turnaround Tax Consultants,1,0,0,0,1,0,0,0,0,0,0,0,0,0,0,0
Turnkey Business Solutions,1,0,0,0,0,0,0,0,0,0,1,0,0,0,0,0
Turnkey Tax Solutions,1,0,0,0,0,0,0,0,0,0,1,0,0,0,0,0
TymeBank,1,0,0,0,0,0,0,1,0,0,0,0,0,0,0,0
UK Visa & Immigration,1,0,0,0,0,0,0,0,1,0,0,0,0,0,0,0
UK Visa Experts,1,0,1,0,0,0,0,0,0,0,0,0,0,0,0,0
VDMA,1,0,0,0,0,0,0,0,0,0,1,0,0,0,0,0
VFS Global (Service Partner),1,0,0,0,0,0,0,0,0,1,0,0,0,0,0,0
VISA HQ South Africa,1,0,0,0,0,0,1,0,0,0,0,0,0,0,0,0
VISA Pro,1,0,0,0,0,0,0,1,0,0,0,0,0,0,0,0
VISA SERVICES,1,0,0,0,0,1,0,0,0,0,0,0,0,0,0,0
Van Der Merwe Associates,1,0,0,0,0,0,0,0,0,0,1,0,0,0,0,0
Videsh Immigration:,1,0,0,0,0,1,0,0,0,0,0,0,0,0,0,0
Visa & Immigration Consulting,1,0,0,1,0,0,0,0,0,0,0,0,0,0,0,0
Visa & Immigration Experts SA,1,0,0,0,1,0,0,0,0,0,0,0,0,0,0,0
Visa & Immigration Services South Africa,1,1,0,0,0,0,0,0,0,0,0,0,0,0,0,0
Visa & Migration Services,1,0,0,0,0,0,0,0,0,0,1,0,0,0,0,0
Visa & Permit Experts,1,0,0,0,0,0,0,0,0,0,1,0,0,0,0,0
Visa & Permit Renewal,1,0,0,1,0,0,0,0,0,0,0,0,0,0,0,0
Visa & Permit Renewal South Africa,1,0,0,0,0,0,0,0,1,0,0,0,0,0,0,0
Visa & Permits (Pty) Ltd:,1,0,0,0,0,1,0,0,0,0,0,0,0,0,0,0
Visa 4 SA,1,0,0,0,0,0,0,1,0,0,0,0,0,0,0,0
Visa Application SA:,1,0,1,0,0,0,0,0,0,0,0,0,0,0,0,0
Visa Assist,1,0,0,0,0,0,0,0,0,0,1,0,0,0,0,0
Visa Box Immigration,1,0,0,0,1,0,0,0,0,0,0,0,0,0,0,0
Visa Business Services,1,0,0,0,0,0,0,0,1,0,0,0,0,0,0,0
Visa Center South Africa,1,0,0,1,0,0,0,0,0,0,0,0,0,0,0,0
Visa Connection,1,0,1,0,0,0,0,0,0,0,0,0,0,0,0,0
Visa Connection SA,1,0,0,1,0,0,0,0,0,0,0,0,0,0,0,0
Visa Facilitation Services (VFS Global),1,1,0,0,0,0,0,0,0,0,0,0,0,0,0,0
Visa Facilitation Services Global (VFS Global),1,1,0,0,0,0,0,0,0,0,0,0,0,0,0,0
Visa Facilitation Services South Africa,1,0,1,0,0,0,0,0,0,0,0,0,0,0,0,0
Visa Genie:,1,0,0,1,0,0,0,0,0,0,0,0,0,0,0,0
Visa House,1,0,1,0,0,0,0,0,0,0,0,0,0,0,0,0
Visa Hub South Africa,1,0,0,0,0,0,0,0,1,0,0,0,0,0,0,0
Visa Plan Immigration,1,0,0,0,0,1,0,0,0,0,0,0,0,0,0,0
Visa SA,1,0,0,0,1,0,0,0,0,0,0,0,0,0,0,0
Visa World,1,0,0,0,0,0,0,1,0,0,0,0,0,0,0,0
Visa and Immigration,1,0,0,0,0,0,0,0,1,0,0,0,0,0,0,0
Visa and Immigration Services (VIB),1,1,0,0,0,0,0,0,0,0,0,0,0,0,0,0
Visa and Immigration Services South Africa,1,1,0,0,0,0,0,0,0,0,0,0,0,0,0,0
Visa and Migration,1,1,0,0,0,0,0,0,0,0,0,0,0,0,0,0
VisaBox Africa,1,1,0,0,0,0,0,0,0,0,0,0,0,0,0,0
VisaConnect South Africa:,1,0,0,0,0,1,0,0,0,0,0,0,0,0,0,0
VisaNet,1,1,0,0,0,0,0,0,0,0,0,0,0,0,0,0
VisaPlace,1,1,0,0,0,0,0,0,0,0,0,0,0,0,0,0
VisaPro South Africa,1,1,0,0,0,0,0,0,0,0,0,0,0,0,0,0
Visalogic,1,0,0,0,1,0,0,0,0,0,0,0,0,0,0,0
Visas Avenue,1,0,1,0,0,0,0,0,0,0,0,0,0,0,0,0
Visas Direct,1,0,1,0,0,0,0,0,0,0,0,0,0,0,0,0
Visas Zone,1,0,0,1,0,0,0,0,0,0,0,0,0,0,0,0
Visas for Africa,1,0,0,0,0,0,0,0,1,0,0,0,0,0,0,0
Visas4SA,1,0,0,0,1,0,0,0,0,0,0,0,0,0,0,0
Visas4U,1,0,0,0,0,1,0,0,0,0,0,0,0,0,0,0
Visaserve,1,0,0,0,1,0,0,0,0,0,0,0,0,0,0,0
Volunteer Abroad,1,0,0,1,0,0,0,0,0,0,0,0,0,0,0,0
Volunteer South Africa,1,1,0,0,0,0,0,0,0,0,0,0,0,0,0,0
Volunteer Southern Africa,1,1,0,0,0,0,0,0,0,0,0,0,0,0,0,0
W&RSETA:,1,0,0,0,0,0,1,0,0,0,0,0,0,0,0,0
WJ van der Merwe & Co,1,0,0,0,0,1,0,0,0,0,0,0,0,0,0,0
Webber Wentzel Tax Practice,1,0,0,0,0,0,0,0,0,0,1,0,0,0,0,0
"Werksmans Attorneys (Business Rescue, Restructuring & Insolvency):",1,0,0,0,0,0,0,0,1,0,0,0,0,0,0,0
Westgate Immigration,1,0,0,0,0,0,0,0,0,1,0,0,0,0,0,0
Whipping The Cat,1,0,0,0,0,0,0,1,0,0,0,0,0,0,0,0
Work Global Canada,1,0,0,0,1,0,0,0,0,0,0,0,0,0,0,0
Work Visa Bureau,1,0,0,0,0,0,0,1,0,0,0,0,0,0,0,0
Work Visa Pro,1,0,0,0,0,1,0,0,0,0,0,0,0,0,0,0
Work Visa Services,1,0,0,0,0,0,1,0,0,0,0,0,0,0,0,0
Work Visa Solutions,1,0,0,0,0,0,0,1,0,0,0,0,0,0,0,0
XPat,1,1,0,0,0,0,0,0,0,0,0,0,0,0,0,0
Xero Tax Solutions,1,0,0,0,0,1,0,0,0,0,0,0,0,0,0,0
XpatWeb Tax Services,1,0,0,0,0,0,0,1,0,0,0,0,0,0,0,0
XpatwWeb,1,1,0,0,0,0,0,0,0,0,0,0,0,0,0,0
[Abrahamâ€™s Worldwide Visa,1,0,0,0,0,1,0,0,0,0,0,0,0,0,0,0
[Absa Bank South,1,0,0,0,1,0,0,0,0,0,0,0,0,0,0,0
[Adzuna South,1,0,0,0,0,0,0,1,0,0,0,0,0,0,0,0
[Africa Immigration,1,0,0,0,0,0,1,0,0,0,0,0,0,0,0,0
[Allan,1,0,0,0,0,0,0,1,0,0,0,0,0,0,0,0
[Allan Gray South,1,0,0,0,0,0,0,0,0,1,0,0,0,0,0,0
[Aurecon,1,0,0,0,0,0,0,1,0,0,0,0,0,0,0,0
[BNP Paribas South,1,0,0,0,0,0,0,0,0,0,1,0,0,0,0,0
[Baker McKenzie South,1,0,0,0,0,0,0,0,0,0,1,0,0,0,0,0
[Bidvest,1,0,0,0,0,0,1,0,0,0,0,0,0,0,0,0
[Blevins Franks South,1,0,0,0,0,0,0,0,0,0,1,0,0,0,0,0
[Blockchain Analytics South,1,0,1,0,0,0,0,0,0,0,0,0,0,0,0,0
[Bowman,1,0,0,0,0,0,0,1,0,0,0,0,0,0,0,0
[Bowman Gilfillan Africa,1,0,0,0,0,0,0,0,1,0,0,0,0,0,0,0
[Business Accounts,1,0,0,1,0,0,0,0,0,0,0,0,0,0,0,0
[Capitec,1,0,0,0,0,0,0,1,0,0,0,0,0,0,0,0
[Coronation Fund Managers South,1,0,0,0,0,0,0,0,0,0,1,0,0,0,0,0
[Corporate Accounts South,1,0,1,0,0,0,0,0,0,0,0,0,0,0,0,0
[Corporate Financial,1,0,0,0,0,1,0,0,0,0,0,0,0,0,0,0
[Cross Border Financial,1,0,0,0,0,0,0,1,0,0,0,0,0,0,0,0
[Cross-Border Tax,1,0,0,0,0,1,0,0,0,0,0,0,0,0,0,0
[DOH,1,0,0,0,1,0,0,0,0,0,0,0,0,0,0,0
[DOH Corporate Accounts (via DOH,1,0,1,0,0,0,0,0,0,0,0,0,0,0,0,0
[DOH Corporate Accounts (via DOH Business,1,0,0,0,1,0,0,0,0,0,0,0,0,0,0,0
[DOH Corporate Accounts (via DOH Financial,1,0,0,1,0,0,0,0,0,0,0,0,0,0,0,0
[Debt Review South,1,0,0,1,0,0,0,0,0,0,0,0,0,0,0,0
[Dentons South,1,0,0,0,1,0,0,0,0,0,0,0,0,0,0,0
[Department of Home Affairs (DHA),1,1,0,0,0,0,0,0,0,0,0,0,0,0,0,0
[Digital Nomad Visa South,1,0,0,0,1,0,0,0,0,0,0,0,0,0,0,0
[Discovery Invest South,1,0,0,0,0,0,0,0,1,0,0,0,0,0,0,0
[Ellipse,1,0,0,0,0,0,0,0,0,1,0,0,0,0,0,0
[Epicor South,1,0,0,0,0,0,0,1,0,0,0,0,0,0,0,0
[Expat Cape,1,0,0,0,0,1,0,0,0,0,0,0,0,0,0,0
[FNB South,1,0,1,0,0,0,0,0,0,0,0,0,0,0,0,0
[Genus,1,0,0,0,0,0,0,0,0,0,1,0,0,0,0,0
[Genus Audit &,1,0,0,0,0,0,0,0,0,0,1,0,0,0,0,0
[Genus Auditing &,1,0,0,0,0,0,0,0,0,0,1,0,0,0,0,0
[Go,1,0,0,0,0,1,0,0,0,0,0,0,0,0,0,0
[HR,1,0,0,0,0,1,0,0,0,0,0,0,0,0,0,0
[IFS South,1,0,0,0,0,0,0,0,1,0,0,0,0,0,0,0
[Immigration South Africa (Legal,1,0,0,0,1,0,0,0,0,0,0,0,0,0,0,0
[Intergate Immigration (South,1,0,0,0,0,1,0,0,0,0,0,0,0,0,0,0
[Investec South,1,0,0,0,0,1,0,0,0,0,0,0,0,0,0,0
[Investec Wealth &,1,0,0,1,0,0,0,0,0,0,0,0,0,0,0,0
[Legal Advice,1,0,0,0,0,0,0,1,0,0,0,0,0,0,0,0
[Liberty Financial,1,0,0,0,0,0,0,0,1,0,0,0,0,0,0,0
[Manpower South,1,0,0,0,0,0,0,0,0,1,0,0,0,0,0,0
[Mindworx Psychological,1,0,1,0,0,0,0,0,0,0,0,0,0,0,0,0
[Momentum Private,1,0,0,0,0,0,0,0,0,0,1,0,0,0,0,0
[Nedbank South,1,0,0,1,0,0,0,0,0,0,0,0,0,0,0,0
[Newland Chase (a part of Newland Chase South,1,0,0,1,0,0,0,0,0,0,0,0,0,0,0,0
[Newland Chase (a part of Santa Fe,1,0,0,1,0,0,0,0,0,0,0,0,0,0,0,0
[Newland Chase (part of Sable,1,0,0,1,0,0,0,0,0,0,0,0,0,0,0,0
[Old Mutual Foreign,1,0,0,0,0,0,0,0,1,0,0,0,0,0,0,0
[Old Mutual Wealth South,1,0,0,0,0,0,1,0,0,0,0,0,0,0,0,0
[PsySSA (Psychological Society of South,1,1,0,0,0,0,0,0,0,0,0,0,0,0,0,0
[RSM South,1,0,0,0,0,0,0,0,0,0,1,0,0,0,0,0
[Rand Merchant Bank (RMB) Private,1,0,1,0,0,0,0,0,0,0,0,0,0,0,0,0
[Randburg Tax,1,0,0,1,0,0,0,0,0,0,0,0,0,0,0,0
[Remote Work South,1,1,0,0,0,0,0,0,0,0,0,0,0,0,0,0
[SARB (South African Reserve,1,1,0,0,0,0,0,0,0,0,0,0,0,0,0,0
[SARS (South African Revenue,1,1,0,0,0,0,0,0,0,0,0,0,0,0,0,0
[SARS-Approved Tax,1,0,0,1,0,0,0,0,0,0,0,0,0,0,0,0
[Safari,1,0,0,0,1,0,0,0,0,0,0,0,0,0,0,0
[Sanlam South,1,0,0,0,0,0,0,1,0,0,0,0,0,0,0,0
[South African Department of Home Affairs](,1,0,0,0,0,1,0,0,0,0,0,0,0,0,0,0
[Standard Bank South,1,1,0,0,0,0,0,0,0,0,0,0,0,0,0,0
[Tax & Advisory Services South,1,0,0,0,0,0,0,0,0,0,1,0,0,0,0,0
[Tax & Compliance South,1,0,0,0,0,0,0,0,0,1,0,0,0,0,0,0
[Tax & Legal Advisory,1,0,0,0,0,0,0,1,0,0,0,0,0,0,0,0
[Tax & Wealth,1,0,0,0,0,0,0,0,0,1,0,0,0,0,0,0
[Tax Advisory Services South,1,0,0,0,0,0,0,0,1,0,0,0,0,0,0,0
[Tax Compliance,1,0,0,0,0,0,0,0,0,1,0,0,0,0,0,0
[Tax Compliance South,1,0,0,0,1,0,0,0,0,0,0,0,0,0,0,0
[Tax Consultants South,1,0,0,1,0,0,0,0,0,0,0,0,0,0,0,0
[Tax Experts South,1,0,0,0,0,1,0,0,0,0,0,0,0,0,0,0
[Tax Practitioners Association of South Africa,1,0,0,0,0,1,0,0,0,0,0,0,0,0,0,0
[Tax Practitioners South Africa,1,0,0,0,1,0,0,0,0,0,0,0,0,0,0,0
[Tax Solutions South,1,0,0,0,0,0,1,0,0,0,0,0,0,0,0,0
[TaxAssist South,1,0,0,0,0,1,0,0,0,0,0,0,0,0,0,0
[The South African Association for Child and Adolescent Psychiatry,1,0,0,0,0,0,0,0,0,1,0,0,0,0,0,0
[The South African Association for Counselling and Psychotherapy,1,0,0,0,0,0,0,0,0,0,1,0,0,0,0,0
[The South African Association for Psychological Science,1,0,0,0,0,0,1,0,0,0,0,0,0,0,0,0
[The South African Association of Social Workers,1,0,0,0,0,0,0,0,1,0,0,0,0,0,0,0
[The South African College of Applied Psychology (SACAP)](,1,0,0,0,1,0,0,0,0,0,0,0,0,0,0,0
[The South African Department of Home Affairs](,1,0,0,0,0,1,0,0,0,0,0,0,0,0,0,0
[The South African Depression and Anxiety Group,1,0,0,1,0,0,0,0,0,0,0,0,0,0,0,0
[The South African Society of Clinical Hypnosis,1,0,0,0,0,1,0,0,0,0,0,0,0,0,0,0
[The South African Society of Psychiatrists,1,0,0,0,0,0,0,1,0,0,0,0,0,0,0,0
[Unit4 South,1,0,0,0,0,0,0,0,0,1,0,0,0,0,0,0
[VFS Global (Australian Visa Application,1,0,0,0,0,1,0,0,0,0,0,0,0,0,0,0
[VFS Global (UK Visa Application Centre)](,1,0,0,1,0,0,0,0,0,0,0,0,0,0,0,0
[VFS Global (US Visa Application,1,0,0,0,1,0,0,0,0,0,0,0,0,0,0,0
[Visa Application Centre,1,0,0,0,0,0,1,0,0,0,0,0,0,0,0,0
[Visa Bureau South,1,0,0,0,0,0,0,0,1,0,0,0,0,0,0,0
[Visa Expert South,1,1,0,0,0,0,0,0,0,0,0,0,0,0,0,0
[Visa South,1,0,0,0,1,0,0,0,0,0,0,0,0,0,0,0
[VisaPro South,1,0,0,0,0,0,0,0,1,0,0,0,0,0,0,0
[Vox,1,0,0,0,0,0,0,0,0,0,1,0,0,0,0,0
[Workday South,1,0,0,0,0,0,0,0,0,0,1,0,0,0,0,0
[Workforce South,1,1,0,0,0,0,0,0,0,0,0,0,0,0,0,0
eTax,1,0,0,1,0,0,0,0,0,0,0,0,0,0,0,0
