domain,total,rank_1,rank_2,rank_3,rank_4,rank_5,rank_6,rank_7,rank_8,rank_9,rank_10,rank_11,rank_12,rank_13,rank_14,rank_15
za](https,475,59,51,69,62,67,47,41,25,26,28,0,0,0,0,0
intergate-immigration.com,448,235,77,48,28,29,13,7,7,4,0,0,0,0,0,0
https,418,65,62,58,56,58,28,30,26,17,18,0,0,0,0,0
com](https,386,61,71,53,52,46,15,18,29,20,21,0,0,0,0,0
africa](https,335,65,25,40,61,65,18,19,20,8,14,0,0,0,0,0
taxconsulting.co.za,291,202,34,15,7,14,5,5,3,2,4,0,0,0,0,0
immigrationsouthafrica.org,275,18,120,44,42,28,12,7,3,1,0,0,0,0,0,0
xpatweb.com,247,31,28,70,33,30,20,8,15,8,4,0,0,0,0,0
deloitte.com,235,6,50,31,40,32,25,15,17,8,10,0,1,0,0,0
za](http,215,45,30,22,21,25,18,14,15,11,14,0,0,0,0,0
ibn.co.za,201,8,47,62,38,21,12,5,4,2,2,0,0,0,0,0
pwc.co.za,201,47,17,23,33,23,21,15,6,10,6,0,0,0,0,0
kpmg,200,5,19,19,36,32,21,18,19,18,11,2,0,0,0,0
sableinternational.com,193,12,47,53,33,28,7,6,4,2,1,0,0,0,0,0
mazars.co.za,189,12,30,23,23,17,33,19,15,10,7,0,0,0,0,0
bdo.co.za,174,6,5,19,22,52,19,25,15,4,6,0,1,0,0,0
immigration](https,142,50,25,49,9,4,1,3,1,0,0,0,0,0,0,0
ey.com,140,0,0,35,38,12,12,11,9,10,11,0,1,1,0,0
blackpen-immigration.com,127,9,36,25,23,8,4,7,4,9,2,0,0,0,0,0
vfsglobal.com,109,49,17,10,3,9,0,3,4,10,4,0,0,0,0,0
blackpen.co.za,107,49,40,13,5,0,0,0,0,0,0,0,0,0,0,0
`https,105,21,21,20,20,19,4,0,0,0,0,0,0,0,0,0
grantthornton.co.za,96,1,2,10,6,14,15,15,15,10,8,0,0,0,0,0
moveup.co.za,82,7,12,14,11,12,2,5,7,5,7,0,0,0,0,0
taxtim.com,82,20,19,14,7,4,3,5,2,5,3,0,0,0,0,0
com](http,81,2,6,11,13,11,8,10,6,9,5,0,0,0,0,0
lerouxattorneys.co.za,75,0,4,11,9,12,11,10,8,6,4,0,0,0,0,0
taxshop.co.za,74,1,12,26,13,4,3,5,6,3,1,0,0,0,0,0
nwivisas.com,70,6,8,26,10,6,2,2,2,6,2,0,0,0,0,0
solutions](https,67,0,2,2,19,27,7,1,5,2,2,0,0,0,0,0
ensafrica.com,63,20,4,2,3,6,5,9,4,7,3,0,0,0,0,0
samigration.com,63,1,9,15,15,12,7,2,1,0,1,0,0,0,0,0
immigrationsolutions.co.za,56,0,3,2,2,3,5,7,9,7,18,0,0,0,0,0
visasolutions.co.za,55,0,11,13,7,9,5,3,2,2,3,0,0,0,0,0
globalmigration.co.za,52,0,2,3,5,7,7,13,4,5,6,0,0,0,0,0
visabox.co.za,49,19,7,9,8,5,1,0,0,0,0,0,0,0,0,0
pkf.co.za,45,0,1,2,12,9,6,3,6,4,2,0,0,0,0,0
kpmg.com,44,3,2,6,15,9,3,2,2,2,0,0,0,0,0,0
eisenberg.co.za,43,1,1,1,2,3,10,7,9,5,4,0,0,0,0,0
sami.co.za,40,1,2,3,2,4,6,7,6,4,5,0,0,0,0,0
globalimsa.com,39,1,4,5,8,10,5,5,0,0,1,0,0,0,0,0
services](https,39,0,9,7,3,5,3,5,5,1,1,0,0,0,0,0
org.za,34,4,3,4,4,6,2,4,4,3,0,0,0,0,0,0
taxdebtsolutions.co.za,33,6,11,8,3,3,0,0,0,1,1,0,0,0,0,0
webberwentzel.com,32,0,11,4,2,4,2,3,4,0,2,0,0,0,0,0
visapro.co.za,31,14,2,4,1,0,1,6,1,1,1,0,0,0,0,0
fragomen.com,29,6,8,3,1,9,1,0,1,0,0,0,0,0,0,0
international](https,28,1,8,2,12,4,0,0,1,0,0,0,0,0,0,0
io,28,3,8,4,2,1,2,2,2,2,2,0,0,0,0,0
rsm.global,28,0,0,2,0,1,0,2,6,10,7,0,0,0,0,0
visalogistics.co.za,27,13,4,3,3,3,0,0,0,1,0,0,0,0,0,0
globalmigration.com,25,1,0,0,2,1,4,3,4,4,6,0,0,0,0,0
immigrationsouthafrica.co.za,25,0,2,5,8,5,1,1,0,2,1,0,0,0,0,0
expatriatelaw.com,24,0,0,0,2,3,6,4,0,4,5,0,0,0,0,0
relocationafrica.com,24,0,0,0,2,5,2,9,2,2,2,0,0,0,0,0
saimmigration.co.za,24,0,2,4,6,3,3,2,1,1,2,0,0,0,0,0
bowmanslaw.com,23,0,6,7,1,1,3,1,1,2,1,0,0,0,0,0
globalmigrationsa.com,23,1,2,8,5,5,1,0,0,1,0,0,0,0,0,0
ibnimmigration.com,23,0,0,1,10,12,0,0,0,0,0,0,0,0,0,0
gt.co.za,21,0,0,0,2,3,1,12,1,2,0,0,0,0,0,0
newworldimmigration.com,21,1,3,0,8,9,0,0,0,0,0,0,0,0,0,0
consultants](https,20,0,2,7,2,7,2,0,0,0,0,0,0,0,0,0
gov.za,20,4,5,3,0,1,3,2,2,0,0,0,0,0,0,0
legal](https,20,0,4,4,8,1,3,0,0,0,0,0,0,0,0,0
novaimmigration.co.za,20,0,0,1,11,7,1,0,0,0,0,0,0,0,0,0
nwisouthafrica.co.za,20,0,4,3,10,2,0,0,1,0,0,0,0,0,0,0
oldmutual.co.za,20,5,4,3,3,1,0,4,0,0,0,0,0,0,0,0
savisas.com,20,0,3,2,1,1,4,3,3,1,2,0,0,0,0,0
bank](https,18,5,2,3,2,0,4,1,0,1,0,0,0,0,0,0
hobbssinclair.co.za,18,0,0,1,2,3,2,3,3,1,3,0,0,0,0,0
taxdebtrelief.co.za,18,2,0,8,5,1,0,1,0,0,1,0,0,0,0,0
cliffedekkerhofmeyr.com,17,0,1,5,7,0,1,0,2,1,0,0,0,0,0,0
experts](https,17,1,0,0,0,5,7,1,1,1,1,0,0,0,0,0
group](https,17,0,9,0,2,0,1,0,1,0,4,0,0,0,0,0
sanlam.co.za,17,3,4,3,2,1,2,0,0,1,1,0,0,0,0,0
allangray.co.za,16,2,2,0,2,6,0,0,1,2,1,0,0,0,0,0
fnb.co.za,16,3,5,2,3,1,0,0,0,0,2,0,0,0,0,0
gt.com,16,0,4,1,1,0,0,2,4,2,2,0,0,0,0,0
pathwaysimmigration.com,16,1,0,1,4,7,0,1,1,1,0,0,0,0,0,0
sa](https,16,0,2,2,5,6,0,1,0,0,0,0,0,0,0,0
standardbank.co.za,16,9,4,1,1,0,0,0,1,0,0,0,0,0,0,0
taxdebtassist.co.za,16,1,6,6,1,1,0,1,0,0,0,0,0,0,0,0
visaandimmigration.co.za,16,10,1,3,0,0,0,0,2,0,0,0,0,0,0,0
visaone.co.za,16,0,1,4,5,4,0,1,0,1,0,0,0,0,0,0
global](https,15,11,1,0,0,1,0,0,2,0,0,0,0,0,0,0
immigration-sa.com,15,1,0,1,5,3,2,1,1,1,0,0,0,0,0,0
liberty.co.za,15,0,2,5,4,0,2,1,1,0,0,0,0,0,0,0
migrate2sa.com,15,0,0,0,2,1,3,1,4,2,2,0,0,0,0,0
momentum.co.za,15,0,0,1,3,4,3,1,1,1,1,0,0,0,0,0
nedbank.co.za,15,0,0,4,9,1,0,0,0,1,0,0,0,0,0,0
pathways.co.za,15,0,0,0,0,2,3,2,1,2,5,0,0,0,0,0
pathwayvisas.com,15,0,0,0,0,4,1,1,1,4,4,0,0,0,0,0
visalink.co.za,15,3,8,3,1,0,0,0,0,0,0,0,0,0,0,0
eisenbergassociates.co.za,14,2,1,0,2,1,1,4,0,2,1,0,0,0,0,0
expattax.co.za,14,0,5,1,5,1,1,1,0,0,0,0,0,0,0,0
financialemigration.co.za,14,0,1,3,2,0,0,1,4,2,1,0,0,0,0,0
investec.com,14,2,2,0,0,5,2,1,1,0,1,0,0,0,0,0
nwivisa.com,14,0,3,3,2,3,0,1,0,0,2,0,0,0,0,0
org](http,14,2,6,4,1,0,0,1,0,0,0,0,0,0,0,0
org](https,14,1,2,4,1,3,1,0,2,0,0,0,0,0,0,0
protax.co.za,14,0,0,2,6,3,0,3,0,0,0,0,0,0,0,0
tlscontact.com,14,2,8,4,0,0,0,0,0,0,0,0,0,0,0,0
wealth](https,14,0,1,0,2,2,2,2,1,2,2,0,0,0,0,0
workpermitsouthafrica.co.za,14,0,0,3,1,0,1,1,3,4,1,0,0,0,0,0
ajmtax.co.za,13,2,3,5,0,0,0,0,1,0,2,0,0,0,0,0
remata.co.za,13,0,4,3,0,0,2,1,2,0,1,0,0,0,0,0
visadirect.co.za,13,0,5,1,3,1,1,0,0,1,1,0,0,0,0,0
werksmans.com,13,1,0,3,1,5,2,0,1,0,0,0,0,0,0,0
chase](https,12,0,0,10,2,0,0,0,0,0,0,0,0,0,0,0
globalvisas.com,12,0,0,0,4,5,2,1,0,0,0,0,0,0,0,0
visahub.co.za,12,0,1,3,2,2,2,1,0,0,1,0,0,0,0,0
absa.co.za,11,0,4,6,1,0,0,0,0,0,0,0,0,0,0,0
advisors](https,11,0,0,1,5,1,1,1,1,1,0,0,0,0,0,0
hofmeyr](https,11,0,1,1,0,1,3,2,2,1,0,0,0,0,0,0
ibn-immigration.com,11,0,0,6,4,1,0,0,0,0,0,0,0,0,0,0
nortonrosefulbright.com,11,0,0,1,2,4,1,0,0,0,3,0,0,0,0,0
nwimmigration.com,11,0,2,1,6,2,0,0,0,0,0,0,0,0,0,0
southafricanvisa.com,11,0,1,0,1,0,2,1,2,1,3,0,0,0,0,0
taxleaders.co.za,11,0,0,0,0,2,3,3,0,1,1,1,0,0,0,0
ajsgroup.co.za,10,0,3,1,4,2,0,0,0,0,0,0,0,0,0,0
bic-immigration.com,10,3,0,2,1,3,0,0,1,0,0,0,0,0,0,0
cryptotax.co.za,10,2,5,1,1,0,0,0,0,0,1,0,0,0,0,0
expatriatetax.co.za,10,0,0,0,5,1,2,0,1,0,1,0,0,0,0,0
express](https,10,3,0,2,2,2,0,0,1,0,0,0,0,0,0,0
immigration.co.za,10,3,3,0,0,2,0,0,0,1,1,0,0,0,0,0
nwisouthafrica.com,10,0,1,1,6,1,0,0,0,1,0,0,0,0,0,0
pwc.com,10,4,1,1,2,1,0,1,0,0,0,0,0,0,0,0
service)](https,10,9,1,0,0,0,0,0,0,0,0,0,0,0,0,0
taxdebtmanagement.co.za,10,2,2,0,3,1,1,1,0,0,0,0,0,0,0,0
taxpartners.co.za,10,0,0,0,0,2,0,3,3,0,2,0,0,0,0,0
tcsa)](https,10,0,0,1,2,2,1,1,1,1,1,0,0,0,0,0
wentzel](https,10,1,1,0,0,2,2,1,1,1,1,0,0,0,0,0
expattaxservices.co.za,9,1,7,0,0,1,0,0,0,0,0,0,0,0,0,0
finglobal.com,9,1,6,1,0,1,0,0,0,0,0,0,0,0,0,0
ltd](https,9,0,1,1,1,1,1,1,1,1,1,0,0,0,0,0
partners](https,9,0,0,0,0,5,0,0,0,2,2,0,0,0,0,0
psg.co.za,9,0,0,0,0,1,2,3,3,0,0,0,0,0,0,0
saffery.com,9,0,2,4,0,0,0,1,2,0,0,0,0,0,0,0
sng-grantthornton.co.za,9,0,0,0,0,0,2,0,2,3,2,0,0,0,0,0
visafirst.com,9,1,3,3,1,1,0,0,0,0,0,0,0,0,0,0
breytenbachs.com,8,2,2,2,2,0,0,0,0,0,0,0,0,0,0,0
discovery.co.za,8,0,0,0,1,1,2,2,1,0,1,0,0,0,0,0
immigrationdirect.co.za,8,1,0,0,2,2,1,0,0,1,1,0,0,0,0,0
mdrtax.co.za,8,0,1,0,4,1,1,0,1,0,0,0,0,0,0,0
moore-southafrica.com,8,0,2,0,0,1,0,0,0,2,3,0,0,0,0,0
novaimmigration.com,8,0,0,2,6,0,0,0,0,0,0,0,0,0,0,0
stcimmigration.co.za,8,0,0,0,4,3,0,1,0,0,0,0,0,0,0,0
taxcorp.co.za,8,0,1,5,2,0,0,0,0,0,0,0,0,0,0,0
taxdebtsouthafrica.co.za,8,7,1,0,0,0,0,0,0,0,0,0,0,0,0,0
taxrisk.co.za,8,0,2,4,0,1,1,0,0,0,0,0,0,0,0,0
workpermit.com,8,0,0,0,2,2,0,2,0,2,0,0,0,0,0,0
africa)](https,7,2,2,2,0,1,0,0,0,0,0,0,0,0,0,0
altcointrader.co.za,7,4,0,1,0,0,0,0,2,0,0,0,0,0,0,0
blackpenrecruitment.com,7,0,4,0,2,1,0,0,0,0,0,0,0,0,0,0
cdhlegal.com,7,0,0,0,3,4,0,0,0,0,0,0,0,0,0,0
consulting](https,7,0,3,1,2,1,0,0,0,0,0,0,0,0,0,0
globalvisasupport.com,7,0,0,0,0,2,4,1,0,0,0,0,0,0,0,0
immigrationsa.com,7,0,0,0,0,0,1,2,4,0,0,0,0,0,0,0
integritax.co.za,7,0,0,1,0,0,0,1,0,2,3,0,0,0,0,0
mdhaccounting.co.za,7,0,0,3,1,3,0,0,0,0,0,0,0,0,0,0
sage.com,7,1,5,0,1,0,0,0,0,0,0,0,0,0,0,0
savisa.co.za,7,1,0,0,1,1,2,1,0,0,1,0,0,0,0,0
sialegal.co.za,7,0,0,2,4,1,0,0,0,0,0,0,0,0,0,0
sovereigntrust.co.za,7,0,3,2,0,0,0,1,1,0,0,0,0,0,0,0
spsimmigration.com,7,0,0,0,1,6,0,0,0,0,0,0,0,0,0,0
taxdebtcompliance.co.za,7,0,3,4,0,0,0,0,0,0,0,0,0,0,0,0
visaimmigration.co.za,7,3,0,2,1,0,0,0,1,0,0,0,0,0,0,0
visasouthafrica.com,7,5,2,0,0,0,0,0,0,0,0,0,0,0,0,0
visasouthafrica.org,7,2,0,1,2,1,0,0,0,0,1,0,0,0,0,0
africa,6,0,1,3,0,0,0,1,0,1,0,0,0,0,0,0
alexanderforbes.co.za,6,2,1,2,0,0,0,0,0,1,0,0,0,0,0,0
ata-tax.com,6,0,4,0,1,1,0,0,0,0,0,0,0,0,0,0
bakertilly.co.za,6,0,0,0,0,0,0,1,2,0,3,0,0,0,0,0
immigrationsouthafrica.com,6,0,0,1,0,0,0,2,1,0,2,0,0,0,0,0
incompass.co.za,6,0,0,0,0,0,0,0,1,2,2,0,1,0,0,0
info,6,2,2,0,0,2,0,0,0,0,0,0,0,0,0,0
intergate-emigration.com,6,4,0,0,2,0,0,0,0,0,0,0,0,0,0,0
intergate-visalink.com,6,2,1,2,1,0,0,0,0,0,0,0,0,0,0,0
migratetosouthafrica.com,6,0,0,0,0,1,0,0,3,2,0,0,0,0,0,0
migratewithq.co.za,6,1,0,0,0,1,0,0,3,0,1,0,0,0,0,0
nexia-sabt.co.za,6,0,1,0,0,0,1,1,0,1,2,0,0,0,0,0
professionals](https,6,0,0,0,0,0,0,4,1,1,0,0,0,0,0,0
randrescue.com,6,0,0,3,0,1,0,0,0,1,1,0,0,0,0,0
saffasabroad.com,6,0,0,0,1,5,0,0,0,0,0,0,0,0,0,0
sataxguide.co.za,6,0,1,0,3,1,0,0,0,1,0,0,0,0,0,0
sovereigngroup.com,6,3,0,0,0,0,1,1,1,0,0,0,0,0,0,0
sps.co.za,6,0,0,0,4,2,0,0,0,0,0,0,0,0,0,0
ssa.global,6,0,0,0,6,0,0,0,0,0,0,0,0,0,0,0
taxassist.co.za,6,0,1,0,2,3,0,0,0,0,0,0,0,0,0,0
taxriskmanagement.com,6,0,5,0,1,0,0,0,0,0,0,0,0,0,0,0
taxwise.co.za,6,0,0,1,3,2,0,0,0,0,0,0,0,0,0,0
visa](https,6,1,0,0,3,1,0,0,0,0,1,0,0,0,0,0
visacorp.co.za,6,4,0,2,0,0,0,0,0,0,0,0,0,0,0,0
visahq.com,6,2,0,0,1,3,0,0,0,0,0,0,0,0,0,0
visas.co.za,6,1,4,1,0,0,0,0,0,0,0,0,0,0,0,0
workvisasouthafrica.co.za,6,1,2,0,0,0,0,0,1,2,0,0,0,0,0,0
apextaxsolutions.co.za,5,0,0,3,1,0,0,0,0,1,0,0,0,0,0,0
associates](https,5,0,0,0,0,0,0,0,2,3,0,0,0,0,0,0
attorneys](https,5,0,0,1,1,0,0,0,0,0,3,0,0,0,0,0
axiomtaxolutions.co.za,5,0,0,0,0,5,0,0,0,0,0,0,0,0,0,0
bank)](https,5,1,1,1,2,0,0,0,0,0,0,0,0,0,0,0
exceed.co.za,5,2,0,0,1,0,0,0,0,0,1,0,0,1,0,0
globalimmigrationsolutions.co.za,5,0,0,0,3,0,2,0,0,0,0,0,0,0,0,0
gt,5,0,0,0,0,0,0,0,3,0,2,0,0,0,0,0
imcosa.co.za,5,0,2,1,0,1,0,0,1,0,0,0,0,0,0,0
immigrationlawyers.co.za,5,0,2,1,1,0,0,0,1,0,0,0,0,0,0,0
newlandchase.com,5,0,2,1,0,0,1,0,1,0,0,0,0,0,0,0
nexiasab.co.za,5,0,0,0,0,0,1,1,0,0,3,0,0,0,0,0
sa.com,5,0,0,0,0,1,0,0,1,2,1,0,0,0,0,0
saimmigration.com,5,0,3,2,0,0,0,0,0,0,0,0,0,0,0,0
sarstax.co.za,5,0,1,3,0,0,1,0,0,0,0,0,0,0,0,0
schindlers.co.za,5,0,0,0,0,1,0,3,0,1,0,0,0,0,0,0
sygnia.co.za,5,0,0,0,0,0,0,1,3,1,0,0,0,0,0,0
taxdebt.co.za,5,2,1,2,0,0,0,0,0,0,0,0,0,0,0,0
taxdebtadvisors.co.za,5,2,3,0,0,0,0,0,0,0,0,0,0,0,0,0
thetaxshop.co.za,5,0,2,2,1,0,0,0,0,0,0,0,0,0,0,0
thevisacompany.co.za,5,0,0,0,1,4,0,0,0,0,0,0,0,0,0,0
visaandimmigrationservices.co.za,5,2,1,1,0,0,0,0,0,1,0,0,0,0,0,0
visalogix.com,5,3,1,1,0,0,0,0,0,0,0,0,0,0,0,0
xperts](https,5,0,1,1,1,2,0,0,0,0,0,0,0,0,0,0
apostil.co.za,4,4,0,0,0,0,0,0,0,0,0,0,0,0,0,0
atax.co.za,4,0,0,3,0,0,0,0,0,1,0,0,0,0,0,0
brenthurstwealth.co.za,4,0,1,0,0,1,2,0,0,0,0,0,0,0,0,0
capitecbank.co.za,4,0,0,0,0,3,1,0,0,0,0,0,0,0,0,0
citadel.co.za,4,1,0,0,1,0,1,0,0,0,1,0,0,0,0,0
clients](https,4,0,1,0,1,1,1,0,0,0,0,0,0,0,0,0
debtrescue.co.za,4,0,0,1,0,2,0,0,0,0,1,0,0,0,0,0
expatriatesolutions.com,4,0,0,0,0,0,1,2,0,0,1,0,0,0,0,0
galbraithrushby.co.za,4,0,1,0,0,1,0,0,0,0,2,0,0,0,0,0
globalvisasolutions.co.za,4,0,0,0,1,2,0,0,1,0,0,0,0,0,0,0
immigrationadvisors.co.za,4,0,1,1,1,0,0,0,1,0,0,0,0,0,0,0
law](https,4,1,0,0,1,0,0,2,0,0,0,0,0,0,0,0
ninetyone.com,4,0,0,0,0,0,2,1,0,0,1,0,0,0,0,0
octagonfinancial.co.za,4,0,0,0,0,0,2,0,0,1,1,0,0,0,0,0
octagonfs.co.za,4,0,0,0,0,0,0,1,1,2,0,0,0,0,0,0
pathfinderimmigration.co.za,4,0,0,0,1,3,0,0,0,0,0,0,0,0,0,0
sovereigntrust.com,4,0,4,0,0,0,0,0,0,0,0,0,0,0,0,0
stc-immigration.com,4,0,0,1,1,2,0,0,0,0,0,0,0,0,0,0
svatax.co.za,4,0,0,0,3,1,0,0,0,0,0,0,0,0,0,0
tax,4,3,0,0,1,0,0,0,0,0,0,0,0,0,0,0
taxconsultingsa.co.za,4,1,0,1,2,0,0,0,0,0,0,0,0,0,0,0
taxdebtsa.co.za,4,3,0,1,0,0,0,0,0,0,0,0,0,0,0,0
taxlawhome.co.za,4,0,1,0,0,0,2,0,1,0,0,0,0,0,0,0
taxrescue.co.za,4,0,2,0,1,0,0,0,0,0,1,0,0,0,0,0
trmservices.co.za,4,0,2,0,0,0,1,1,0,0,0,0,0,0,0,0
visa-box.co.za,4,0,0,4,0,0,0,0,0,0,0,0,0,0,0,0
visaexpress.co.za,4,0,0,1,1,2,0,0,0,0,0,0,0,0,0,0
**workpermit.com,3,0,0,0,0,3,0,0,0,0,0,0,0,0,0,0
afimmigration.com,3,0,0,0,0,0,1,0,1,1,0,0,0,0,0,0
ataxpractitioner.co.za,3,0,0,0,1,2,0,0,0,0,0,0,0,0,0,0
avenant.co.za,3,0,0,0,3,0,0,0,0,0,0,0,0,0,0,0
bakermckenzie.com,3,0,0,0,0,1,0,0,1,0,1,0,0,0,0,0
bidvestbank.co.za,3,0,0,0,0,0,1,1,0,0,0,1,0,0,0,0
blackpenimmigration.com,3,1,1,1,0,0,0,0,0,0,0,0,0,0,0,0
bureau](https,3,0,2,0,0,0,0,0,0,1,0,0,0,0,0,0
capetownimmigration.com,3,0,1,0,1,1,0,0,0,0,0,0,0,0,0,0
capetownvisa.com,3,0,0,2,0,1,0,0,0,0,0,0,0,0,0,0
capitalmigration.co.za,3,0,0,0,0,1,1,0,0,0,1,0,0,0,0,0
cashkows.com,3,1,0,1,0,1,0,0,0,0,0,0,0,0,0,0
centre)](https,3,0,0,1,1,1,0,0,0,0,0,0,0,0,0,0
companypartners.co.za,3,0,0,2,1,0,0,0,0,0,0,0,0,0,0,0
cryptotaxafrica.com,3,0,0,0,1,0,0,1,1,0,0,0,0,0,0,0
docassist.co.za,3,1,1,1,0,0,0,0,0,0,0,0,0,0,0,0
expattaxes.co.za,3,0,2,1,0,0,0,0,0,0,0,0,0,0,0,0
expattaxsa.co.za,3,0,2,0,0,0,0,1,0,0,0,0,0,0,0,0
expattaxsolutions.co.za,3,0,0,1,1,1,0,0,0,0,0,0,0,0,0,0
finvision.co.za,3,0,0,0,2,0,0,0,1,0,0,0,0,0,0,0
http,3,1,0,1,0,1,0,0,0,0,0,0,0,0,0,0
immigrationnation.co.za,3,0,0,0,1,0,0,0,0,1,1,0,0,0,0,0
immigrationsa.co.za,3,0,1,0,0,0,0,1,1,0,0,0,0,0,0,0
investment](https,3,0,0,2,0,0,0,0,0,1,0,0,0,0,0,0
labournet.com,3,2,0,1,0,0,0,0,0,0,0,0,0,0,0,0
legalandtax.co.za,3,1,0,0,1,1,0,0,0,0,0,0,0,0,0,0
list](https,3,0,0,3,0,0,0,0,0,0,0,0,0,0,0,0
luno.com,3,1,0,2,0,0,0,0,0,0,0,0,0,0,0,0
mercer.com,3,0,0,0,0,0,0,1,1,1,0,0,0,0,0,0
migrateme.co.za,3,0,0,0,0,0,2,0,1,0,0,0,0,0,0,0
passportsouthafrica.co.za,3,0,0,0,0,1,0,2,0,0,0,0,0,0,0,0
permitssa.com,3,0,0,0,0,0,0,0,1,1,1,0,0,0,0,0
practitioners](https,3,1,0,2,0,0,0,0,0,0,0,0,0,0,0,0
sab&t](https,3,0,0,0,0,0,0,3,0,0,0,0,0,0,0,0
saffron.co.za,3,0,0,0,1,2,0,0,0,0,0,0,0,0,0,0
sarsefiling.co.za,3,0,0,3,0,0,0,0,0,0,0,0,0,0,0,0
sbnimmigration.co.za,3,0,0,1,0,1,1,0,0,0,0,0,0,0,0,0
skillsportal.co.za,3,0,1,2,0,0,0,0,0,0,0,0,0,0,0,0
smitvanwyk.com,3,0,0,1,1,1,0,0,0,0,0,0,0,0,0,0
southafricaimmigration.org,3,0,1,0,0,1,1,0,0,0,0,0,0,0,0,0
southafricavisa.com,3,0,3,0,0,0,0,0,0,0,0,0,0,0,0,0
statusimmigration.com,3,0,0,0,0,0,0,0,1,1,1,0,0,0,0,0
support](https,3,0,0,0,1,1,1,0,0,0,0,0,0,0,0,0
taxdebthelp.co.za,3,0,0,1,1,1,0,0,0,0,0,0,0,0,0,0
taxlab.co.za,3,0,0,0,0,1,1,0,1,0,0,0,0,0,0,0
taxsolutions.co.za,3,0,0,0,1,1,0,0,1,0,0,0,0,0,0,0
travelvisacompany.co.za,3,1,0,2,0,0,0,0,0,0,0,0,0,0,0,0
travelvisapro.com,3,0,0,2,1,0,0,0,0,0,0,0,0,0,0,0
visa-southafrica.co.za,3,2,0,0,1,0,0,0,0,0,0,0,0,0,0,0
visaexperts.co.za,3,0,0,0,1,0,0,0,0,1,1,0,0,0,0,0
visasandpermits.com,3,0,1,0,0,2,0,0,0,0,0,0,0,0,0,0
workvisasa.co.za,3,0,0,0,1,0,0,0,0,1,1,0,0,0,0,0
10x.co.za,2,1,0,0,0,0,1,0,0,0,0,0,0,0,0,0
21century.co.za,2,2,0,0,0,0,0,0,0,0,0,0,0,0,0,0
ac.za,2,0,0,0,1,0,0,0,0,1,0,0,0,0,0,0
accenture.com,2,0,0,0,1,0,1,0,0,0,0,0,0,0,0,0
accounts](https,2,2,0,0,0,0,0,0,0,0,0,0,0,0,0,0
adcorp.co.za,2,0,0,2,0,0,0,0,0,0,0,0,0,0,0,0
affairs](https,2,0,0,0,0,2,0,0,0,0,0,0,0,0,0,0
africanimpact.com,2,1,0,0,1,0,0,0,0,0,0,0,0,0,0,0
akeso.co.za,2,0,0,0,1,0,1,0,0,0,0,0,0,0,0,0
altcryptotax.co.za,2,0,0,0,0,0,1,0,1,0,0,0,0,0,0,0
apextax.co.za,2,0,1,1,0,0,0,0,0,0,0,0,0,0,0,0
ata.co.za,2,0,2,0,0,0,0,0,0,0,0,0,0,0,0,0
auditproof.co.za,2,0,0,0,0,0,0,1,0,0,1,0,0,0,0,0
businesspartners.co.za,2,1,0,1,0,0,0,0,0,0,0,0,0,0,0,0
businessrescue.co.za,2,1,0,1,0,0,0,0,0,0,0,0,0,0,0,0
capetownimmigration.co.za,2,0,0,0,0,1,0,1,0,0,0,0,0,0,0,0
capetownimmigration.org,2,0,0,0,0,2,0,0,0,0,0,0,0,0,0,0
capitalist](https,2,0,0,0,0,0,0,0,2,0,0,0,0,0,0,0
carrick-wealth.com,2,0,0,2,0,0,0,0,0,0,0,0,0,0,0,0
caveatlegal.com,2,0,0,2,0,0,0,0,0,0,0,0,0,0,0,0
co,2,0,1,0,0,0,1,0,0,0,0,0,0,0,0,0
coronation.com,2,0,0,0,0,0,0,0,0,2,0,0,0,0,0,0
craigsmith.co.za,2,0,1,0,0,1,0,0,0,0,0,0,0,0,0,0
crs.co.za,2,0,1,1,0,0,0,0,0,0,0,0,0,0,0,0
crypto](https,2,0,0,1,0,0,1,0,0,0,0,0,0,0,0,0
currenciesdirect.co.za,2,0,0,0,0,0,0,0,1,0,0,0,0,0,1,0
easytax.co.za,2,0,0,1,0,0,0,0,0,1,0,0,0,0,0,0
efiling](https,2,0,1,0,0,1,0,0,0,0,0,0,0,0,0,0
eis.co.za,2,0,0,0,2,0,0,0,0,0,0,0,0,0,0,0
eisenbergs.co.za,2,2,0,0,0,0,0,0,0,0,0,0,0,0,0,0
eisenstein.co.za,2,0,0,0,0,1,0,0,1,0,0,0,0,0,0,0
exchange4free.co.za,2,0,0,0,0,0,0,1,0,0,0,0,0,1,0,0
exfin.co.za,2,0,0,0,1,1,0,0,0,0,0,0,0,0,0,0
expatriatetaxes.co.za,2,0,1,0,0,1,0,0,0,0,0,0,0,0,0,0
facilitators](https,2,0,0,2,0,0,0,0,0,0,0,0,0,0,0,0
fxcapital.co.za,2,0,0,0,0,0,0,0,0,0,1,0,0,0,0,1
glacier.co.za,2,0,0,0,0,0,0,0,0,0,2,0,0,0,0,0
globalimmigrationsolutions.com,2,0,0,0,1,1,0,0,0,0,0,0,0,0,0,0
globalvisaservices.co.za,2,0,0,0,2,0,0,0,0,0,0,0,0,0,0,0
goeco.org,2,0,1,1,0,0,0,0,0,0,0,0,0,0,0,0
grtax.co.za,2,0,0,0,0,0,2,0,0,0,0,0,0,0,0,0
gt](https,2,0,0,0,0,0,0,0,1,0,1,0,0,0,0,0
henleyglobal.com,2,1,0,0,0,0,0,1,0,0,0,0,0,0,0,0
hlatswayo.com,2,0,0,0,0,2,0,0,0,0,0,0,0,0,0,0
holdings](https,2,1,0,0,0,0,0,0,0,0,1,0,0,0,0,0
houghtonharper.co.za,2,0,1,0,0,1,0,0,0,0,0,0,0,0,0,0
immigration-south-africa.com,2,1,0,0,1,0,0,0,0,0,0,0,0,0,0,0
immigrationconsultants.co.za,2,0,0,0,0,1,0,0,0,0,1,0,0,0,0,0
immigrationexperts.co.za,2,1,0,0,0,0,0,1,0,0,0,0,0,0,0,0
jvrafricagroup.co.za,2,2,0,0,0,0,0,0,0,0,0,0,0,0,0,0
kelly.co.za,2,0,2,0,0,0,0,0,0,0,0,0,0,0,0,0
kisch-ip.com,2,0,0,0,1,1,0,0,0,0,0,0,0,0,0,0
kpmg.co.za,2,0,0,0,1,1,0,0,0,0,0,0,0,0,0,0
lawtonsafrica.com,2,0,0,0,0,1,0,1,0,0,0,0,0,0,0,0
lerouxlaw.co.za,2,0,0,1,0,0,1,0,0,0,0,0,0,0,0,0
lesterandassociates.co.za,2,1,0,0,0,0,0,0,1,0,0,0,0,0,0,0
maitlandgroup.com,2,0,0,0,0,1,0,0,0,1,0,0,0,0,0,0
manpower.co.za,2,2,0,0,0,0,0,0,0,0,0,0,0,0,0,0
mckinsey.com,2,0,0,1,0,1,0,0,0,0,0,0,0,0,0,0
me,2,0,0,0,0,0,0,2,0,0,0,0,0,0,0,0
meredithharington.co.za,2,0,0,0,0,1,0,0,0,1,0,0,0,0,0,0
migratesa.com,2,0,0,1,0,0,1,0,0,0,0,0,0,0,0,0
mutual](https,2,0,1,0,0,0,0,1,0,0,0,0,0,0,0,0
newtons.co.za,2,0,2,0,0,0,0,0,0,0,0,0,0,0,0,0
nfb.co.za,2,0,0,0,0,1,0,0,1,0,0,0,0,0,0,0
nwimmigration.co.za,2,0,1,0,1,0,0,0,0,0,0,0,0,0,0,0
passportpeople.co.za,2,0,0,0,0,0,0,1,0,1,0,0,0,0,0,0
pathwaysimmigration.co.za,2,0,0,1,0,0,0,1,0,0,0,0,0,0,0,0
planning](https,2,0,0,0,0,0,0,1,0,0,1,0,0,0,0,0
pro](https,2,0,0,1,1,0,0,0,0,0,0,0,0,0,0,0
probityadvisory.co.za,2,0,0,0,0,0,0,0,0,0,2,0,0,0,0,0
protaxsa.co.za,2,0,0,0,0,0,2,0,0,0,0,0,0,0,0,0
psytech.co.za,2,0,0,1,0,1,0,0,0,0,0,0,0,0,0,0
remedia.co.za,2,0,0,1,1,0,0,0,0,0,0,0,0,0,0,0
remediotax.co.za,2,0,0,0,0,0,0,1,0,0,1,0,0,0,0,0
rescue](https,2,0,2,0,0,0,0,0,0,0,0,0,0,0,0,0
resolve](https,2,0,0,0,0,0,0,1,0,1,0,0,0,0,0,0
resolveimmigration.co.za,2,0,0,0,0,0,2,0,0,0,0,0,0,0,0,0
rmb)](https,2,0,0,0,0,0,0,1,0,0,1,0,0,0,0,0
saaac.co.za,2,0,1,0,0,1,0,0,0,0,0,0,0,0,0,0
saffasimmigration.co.za,2,0,0,0,1,1,0,0,0,0,0,0,0,0,0,0
sarsconsulting.co.za,2,0,0,0,0,1,1,0,0,0,0,0,0,0,0,0
sarsdebtassist.co.za,2,0,0,1,1,0,0,0,0,0,0,0,0,0,0,0
sarsliaison.co.za,2,0,0,0,0,0,1,0,0,1,0,0,0,0,0,0
sarstaxdebt.co.za,2,0,0,0,0,0,0,2,0,0,0,0,0,0,0,0
sarstaxfiling.co.za,2,0,0,2,0,0,0,0,0,0,0,0,0,0,0,0
sarstaxpractitioners.co.za,2,0,1,1,0,0,0,0,0,0,0,0,0,0,0,0
sarstaxsolutions.co.za,2,0,2,0,0,0,0,0,0,0,0,0,0,0,0,0
sataxdebt.co.za,2,0,0,0,0,0,0,0,1,1,0,0,0,0,0,0
savisaexperts.com,2,0,0,1,0,1,0,0,0,0,0,0,0,0,0,0
seesa.co.za,2,0,2,0,0,0,0,0,0,0,0,0,0,0,0,0
sia.co.za,2,0,0,1,0,0,1,0,0,0,0,0,0,0,0,0
siamlegal.com,2,0,0,1,1,0,0,0,0,0,0,0,0,0,0,0
sincereimmigration.co.za,2,0,0,0,0,2,0,0,0,0,0,0,0,0,0,0
siverviewimmigration.co.za,2,0,0,0,0,1,1,0,0,0,0,0,0,0,0,0
skillsuniverse.com,2,0,0,0,1,1,0,0,0,0,0,0,0,0,0,0
southafricanimmigration.org,2,0,0,0,1,1,0,0,0,0,0,0,0,0,0,0
specialists](https,2,0,0,0,0,0,0,0,0,1,1,0,0,0,0,0
spsimigration.co.za,2,0,0,0,0,2,0,0,0,0,0,0,0,0,0,0
ssaconsultants.co.za,2,0,0,0,2,0,0,0,0,0,0,0,0,0,0,0
statussolutions.co.za,2,1,0,1,0,0,0,0,0,0,0,0,0,0,0,0
stbb.co.za,2,0,0,0,1,1,0,0,0,0,0,0,0,0,0,0
stcimmigration.com,2,0,0,0,0,2,0,0,0,0,0,0,0,0,0,0
stcimmigration.org,2,0,0,1,0,1,0,0,0,0,0,0,0,0,0,0
taxguru.co.za,2,0,0,1,0,1,0,0,0,0,0,0,0,0,0,0
taxmansa.co.za,2,0,0,0,0,0,0,1,1,0,0,0,0,0,0,0
taxresolutionservices.co.za,2,0,0,0,2,0,0,0,0,0,0,0,0,0,0,0
tenderexperts.co.za,2,1,1,0,0,0,0,0,0,0,0,0,0,0,0,0
theimmigrationcompany.com,2,0,0,0,1,0,1,0,0,0,0,0,0,0,0,0
valr.com,2,0,1,0,1,0,0,0,0,0,0,0,0,0,0,0
vdma.co.za,2,0,0,0,0,0,0,0,0,0,2,0,0,0,0,0
vfs)](https,2,0,0,0,1,1,0,0,0,0,0,0,0,0,0,0
visa-immigration.co.za,2,2,0,0,0,0,0,0,0,0,0,0,0,0,0,0
visa-south-africa.com,2,1,0,0,0,0,0,1,0,0,0,0,0,0,0,0
visaandimmigrationsolutions.co.za,2,0,0,0,1,0,0,0,1,0,0,0,0,0,0,0
visaconnect.co.za,2,1,0,0,0,0,0,0,0,1,0,0,0,0,0,0
visaconnect.com,2,0,0,0,1,1,0,0,0,0,0,0,0,0,0,0
visaimmigrationsa.com,2,0,0,0,0,0,0,0,0,1,1,0,0,0,0,0
visarenewal.co.za,2,0,0,1,0,0,0,0,1,0,0,0,0,0,0,0
visasforsouthafrica.com,2,0,0,0,1,0,0,0,0,0,1,0,0,0,0,0
visasouthafrica.co.za,2,2,0,0,0,0,0,0,0,0,0,0,0,0,0,0
vktaimmigration.com,2,0,0,0,0,1,0,1,0,0,0,0,0,0,0,0
vms-sa.com,2,0,0,0,0,1,0,0,0,0,1,0,0,0,0,0
vmsimmigration.com,2,0,1,0,0,0,0,0,0,0,1,0,0,0,0,0
workpermitssa.com,2,2,0,0,0,0,0,0,0,0,0,0,0,0,0,0
workvisasouthafrica.com,2,0,0,0,0,0,1,0,0,1,0,0,0,0,0,0
year](https,2,0,2,0,0,0,0,0,0,0,0,0,0,0,0,0
**immigration.co.za,1,0,1,0,0,0,0,0,0,0,0,0,0,0,0,0
1life.co.za,1,0,0,0,0,0,1,0,0,0,0,0,0,0,0,0
1stforwomen.co.za,1,0,1,0,0,0,0,0,0,0,0,0,0,0,0,0
1stmoveinternational.com,1,0,0,1,0,0,0,0,0,0,0,0,0,0,0,0
1sttax.co.za,1,0,0,0,0,0,0,0,0,0,1,0,0,0,0,0
a-ztaxconsultants.co.za,1,0,0,0,0,0,0,0,0,0,1,0,0,0,0,0
a1immigration.co.za,1,0,0,0,0,1,0,0,0,0,0,0,0,0,0,0
a2a.co.za,1,0,0,0,0,0,0,1,0,0,0,0,0,0,0,0
a4e.co.za,1,0,0,0,0,1,0,0,0,0,0,0,0,0,0,0
aardvarkaccounting.co.za,1,0,0,0,0,0,0,0,1,0,0,0,0,0,0,0
accounting](https,1,0,0,0,0,0,0,0,0,0,1,0,0,0,0,0
acdvries.co.za,1,0,0,0,0,0,0,0,1,0,0,0,0,0,0,0
advice)](https,1,0,0,0,1,0,0,0,0,0,0,0,0,0,0,0
advisory](https,1,0,0,0,0,0,0,0,0,0,1,0,0,0,0,0
afis.co.za,1,0,0,0,0,1,0,0,0,0,0,0,0,0,0,0
aflegal.co.za,1,0,0,0,0,0,0,0,0,1,0,0,0,0,0,0
africonsultants.com,1,0,0,0,0,1,0,0,0,0,0,0,0,0,0,0
afrizan.co.za,1,0,0,0,0,1,0,0,0,0,0,0,0,0,0,0
agimmigration.co.za,1,0,0,0,0,0,1,0,0,0,0,0,0,0,0,0
agimmigration.com,1,0,0,0,0,0,0,1,0,0,0,0,0,0,0,0
ahi.co.za,1,0,0,0,0,0,0,1,0,0,0,0,0,0,0,0
aimsimmigration.com,1,0,0,0,0,0,0,1,0,0,0,0,0,0,0,0
ajimmigration.co.za,1,0,0,0,0,0,0,0,0,0,1,0,0,0,0,0
ajjvdm.co.za,1,0,0,0,0,0,1,0,0,0,0,0,0,0,0,0
ajvanderwatt.co.za,1,0,0,0,0,0,0,1,0,0,0,0,0,0,0,0
allpaysa.co.za,1,0,0,0,0,1,0,0,0,0,0,0,0,0,0,0
altax.co.za,1,0,0,0,0,0,0,0,1,0,0,0,0,0,0,0
altvest.co.za,1,1,0,0,0,0,0,0,0,0,0,0,0,0,0,0
andersontax.co.za,1,0,0,0,0,1,0,0,0,0,0,0,0,0,0,0
andiinc.co.za,1,0,0,0,0,0,0,0,1,0,0,0,0,0,0,0
apextaxconsultants.co.za,1,0,0,1,0,0,0,0,0,0,0,0,0,0,0,0
applicatorsystems.com,1,0,1,0,0,0,0,0,0,0,0,0,0,0,0,0
appliedapplications.co.za,1,0,0,1,0,0,0,0,0,0,0,0,0,0,0,0
arztaxconsultants.co.za,1,0,0,0,0,0,1,0,0,0,0,0,0,0,0,0
asattorneys.co.za,1,0,0,0,0,0,0,1,0,0,0,0,0,0,0,0
assessment.co.za,1,0,0,1,0,0,0,0,0,0,0,0,0,0,0,0
assessmentworx.com,1,0,0,0,0,0,1,0,0,0,0,0,0,0,0,0
ata-sa.co.za,1,0,0,1,0,0,0,0,0,0,0,0,0,0,0,0
atec.co.za,1,0,0,0,0,0,1,0,0,0,0,0,0,0,0,0
au](https,1,1,0,0,0,0,0,0,0,0,0,0,0,0,0,0
aucampattorneys.co.za,1,0,0,0,0,0,1,0,0,0,0,0,0,0,0,0
aucortax.co.za,1,0,0,0,1,0,0,0,0,0,0,0,0,0,0,0
auditlink.co.za,1,0,0,0,0,0,0,1,0,0,0,0,0,0,0,0
auditware.co.za,1,0,0,0,0,0,0,0,1,0,0,0,0,0,0,0
aurasimmigration.co.za,1,0,0,0,0,0,0,0,1,0,0,0,0,0,0,0
avasaconsulting.co.za,1,0,0,0,1,0,0,0,0,0,0,0,0,0,0,0
avimmigration.co.za,1,0,0,0,0,1,0,0,0,0,0,0,0,0,0,0
awex.co.za,1,0,0,0,0,0,1,0,0,0,0,0,0,0,0,0
awts.co.za,1,0,0,0,0,0,0,1,0,0,0,0,0,0,0,0
axiommcmahon.co.za,1,0,0,0,0,1,0,0,0,0,0,0,0,0,0,0
ayeimmigration.co.za,1,0,0,0,0,0,0,1,0,0,0,0,0,0,0,0
bain.com,1,0,0,0,0,0,0,1,0,0,0,0,0,0,0,0
bannistertrust.co.za,1,0,0,0,0,0,1,0,0,0,0,0,0,0,0,0
barnardinc.co.za,1,0,0,0,0,0,0,0,0,1,0,0,0,0,0,0
bassgordon.co.za,1,0,0,0,0,0,0,0,0,1,0,0,0,0,0,0
bbd.co.za,1,0,1,0,0,0,0,0,0,0,0,0,0,0,0,0
bcg.com,1,0,0,0,0,0,1,0,0,0,0,0,0,0,0,0
bcrassociates.co.za,1,0,1,0,0,0,0,0,0,0,0,0,0,0,0,0
bellandcompany.co.za,1,1,0,0,0,0,0,0,0,0,0,0,0,0,0,0
bic-sa.com,1,0,0,1,0,0,0,0,0,0,0,0,0,0,0,0
bic-visa.com,1,1,0,0,0,0,0,0,0,0,0,0,0,0,0,0
bic-visas.com,1,0,0,1,0,0,0,0,0,0,0,0,0,0,0,0
bics.co.za,1,0,0,0,1,0,0,0,0,0,0,0,0,0,0,0
bioss.co.za,1,0,0,1,0,0,0,0,0,0,0,0,0,0,0,0
biz,1,1,0,0,0,0,0,0,0,0,0,0,0,0,0,0
bizcraft.co.za,1,0,0,0,0,0,0,0,0,0,1,0,0,0,0,0
bizreg.co.za,1,0,1,0,0,0,0,0,0,0,0,0,0,0,0,0
blackpenglobal.com,1,0,1,0,0,0,0,0,0,0,0,0,0,0,0,0
blackpenrecruitment.co.za,1,0,1,0,0,0,0,0,0,0,0,0,0,0,0,0
blackswanglobal.co.za,1,0,0,0,1,0,0,0,0,0,0,0,0,0,0,0
blockheadtechnologies.com,1,0,0,0,1,0,0,0,0,0,0,0,0,0,0,0
blsindiavisa.co.za,1,0,0,1,0,0,0,0,0,0,0,0,0,0,0,0
blsinternational.com,1,0,1,0,0,0,0,0,0,0,0,0,0,0,0,0
bonitas.co.za,1,0,0,0,0,0,0,0,0,1,0,0,0,0,0,0
braingain.co.za,1,1,0,0,0,0,0,0,0,0,0,0,0,0,0,0
brenthurstwealth.com,1,0,0,1,0,0,0,0,0,0,0,0,0,0,0,0
breytenbachs.co.za,1,0,0,1,0,0,0,0,0,0,0,0,0,0,0,0
bridgeimmigration.co.za,1,0,0,1,0,0,0,0,0,0,0,0,0,0,0,0
brightrock.co.za,1,0,0,0,0,0,0,0,0,0,1,0,0,0,0,0
britehouse.co.za,1,0,0,0,0,0,0,0,0,1,0,0,0,0,0,0
britishimmigrationadvice.co.za,1,0,0,0,1,0,0,0,0,0,0,0,0,0,0,0
businessdoctors.co.za,1,0,1,0,0,0,0,0,0,0,0,0,0,0,0,0
businessrescueexchange.co.za,1,1,0,0,0,0,0,0,0,0,0,0,0,0,0,0
c-tax.co.za,1,0,0,0,0,0,0,0,0,1,0,0,0,0,0,0
c3s.co.za,1,0,0,0,0,0,1,0,0,0,0,0,0,0,0,0
capeimmigration.com,1,0,0,0,1,0,0,0,0,0,0,0,0,0,0,0
capetownpsychology.co.za,1,0,0,0,0,0,0,0,0,1,0,0,0,0,0,0
capetownvisaservices.co.za,1,0,0,0,0,0,0,1,0,0,0,0,0,0,0,0
capital](https,1,0,0,0,0,0,0,0,0,0,1,0,0,0,0,0
cc,1,0,0,1,0,0,0,0,0,0,0,0,0,0,0,0
cdeimmigration.com,1,0,0,0,0,0,0,0,0,1,0,0,0,0,0,0
cggroup.co.za,1,0,0,1,0,0,0,0,0,0,0,0,0,0,0,0
chetanimmigration.co.za,1,0,0,0,0,1,0,0,0,0,0,0,0,0,0,0
chetans.co.za,1,0,0,0,0,0,1,0,0,0,0,0,0,0,0,0
cibtvisas.co.za,1,0,0,0,0,0,0,0,1,0,0,0,0,0,0,0
cipc.co.za,1,0,0,0,0,0,0,0,0,1,0,0,0,0,0,0
cktax.co.za,1,0,1,0,0,0,0,0,0,0,0,0,0,0,0,0
clicks.co.za,1,0,0,0,1,0,0,0,0,0,0,0,0,0,0,0
coined.co.za,1,1,0,0,0,0,0,0,0,0,0,0,0,0,0,0
com.za,1,0,0,1,0,0,0,0,0,0,0,0,0,0,0,0
communicate.co.za,1,0,0,0,0,1,0,0,0,0,0,0,0,0,0,0
companyregistrationsa.co.za,1,0,0,0,1,0,0,0,0,0,0,0,0,0,0,0
complianceinstitute.co.za,1,0,0,0,0,0,1,0,0,0,0,0,0,0,0,0
compliancepartners.co.za,1,0,0,0,0,1,0,0,0,0,0,0,0,0,0,0
comprehensivetax.co.za,1,0,0,0,0,0,0,0,0,1,0,0,0,0,0,0
consultants,1,0,0,0,1,0,0,0,0,0,0,0,0,0,0,0
corpmigration.co.za,1,0,1,0,0,0,0,0,0,0,0,0,0,0,0,0
corporateaccounts.co.za,1,1,0,0,0,0,0,0,0,0,0,0,0,0,0,0
corporaterelocationsafrica.com,1,0,1,0,0,0,0,0,0,0,0,0,0,0,0,0
corporateservicessouthafrica.co.za,1,0,0,0,0,1,0,0,0,0,0,0,0,0,0,0
counsellinghub.co.za,1,0,0,1,0,0,0,0,0,0,0,0,0,0,0,0
craigsmithimmigration.com,1,0,0,0,0,0,0,0,0,1,0,0,0,0,0,0
crossfin.co.za,1,0,0,1,0,0,0,0,0,0,0,0,0,0,0,0
crsolutions.co.za,1,0,1,0,0,0,0,0,0,0,0,0,0,0,0,0
cryptoacademy.co.za,1,0,0,0,0,0,1,0,0,0,0,0,0,0,0,0
cryptoaccounting.co.za,1,0,0,0,0,0,0,1,0,0,0,0,0,0,0,0
cryptocurrencytax.co.za,1,0,0,1,0,0,0,0,0,0,0,0,0,0,0,0
cryptotaxconsulting.co.za,1,0,1,0,0,0,0,0,0,0,0,0,0,0,0,0
cryptotaxsa.co.za,1,0,0,0,0,1,0,0,0,0,0,0,0,0,0,0
cryptotaxsolutions.co.za,1,0,1,0,0,0,0,0,0,0,0,0,0,0,0,0
csa.co.za,1,0,0,0,0,0,0,1,0,0,0,0,0,0,0,0
csg.co.za,1,0,0,0,0,1,0,0,0,0,0,0,0,0,0,0
csgimmigration.com,1,0,0,0,1,0,0,0,0,0,0,0,0,0,0,0
csimmigration.co.za,1,0,0,0,0,0,0,0,1,0,0,0,0,0,0,0
cth.co.za,1,0,0,0,0,0,0,1,0,0,0,0,0,0,0,0
customapplications.co.za,1,0,0,0,1,0,0,0,0,0,0,0,0,0,0,0
davidesmith.com,1,0,0,0,1,0,0,0,0,0,0,0,0,0,0,0
ddptax.co.za,1,0,0,0,1,0,0,0,0,0,0,0,0,0,0,0
debeerattorneys.co.za,1,0,0,0,0,0,1,0,0,0,0,0,0,0,0,0
debeerattorneys.com,1,0,0,1,0,0,0,0,0,0,0,0,0,0,0,0
debtcounsellors.co.za,1,0,0,0,0,0,1,0,0,0,0,0,0,0,0,0
debtsage.co.za,1,0,1,0,0,0,0,0,0,0,0,0,0,0,0,0
dereuckimmigration.co.za,1,0,0,0,1,0,0,0,0,0,0,0,0,0,0,0
derivco.com,1,0,0,1,0,0,0,0,0,0,0,0,0,0,0,0
digitalassetstax.co.za,1,0,1,0,0,0,0,0,0,0,0,0,0,0,0,0
dircoimmigration.co.za,1,0,0,0,0,0,0,0,0,1,0,0,0,0,0,0
direct](https,1,0,0,0,1,0,0,0,0,0,0,0,0,0,0,0
dischem.co.za,1,0,0,0,0,1,0,0,0,0,0,0,0,0,0,0
dlapiper.com,1,0,0,0,0,0,0,0,0,1,0,0,0,0,0,0
dmtax.co.za,1,0,0,0,1,0,0,0,0,0,0,0,0,0,0,0
documentassist.co.za,1,1,0,0,0,0,0,0,0,0,0,0,0,0,0,0
documentwarehouse.co.za,1,0,1,0,0,0,0,0,0,0,0,0,0,0,0,0
dohapplications.co.za,1,0,1,0,0,0,0,0,0,0,0,0,0,0,0,0
dohsolutions.co.za,1,0,0,0,0,0,1,0,0,0,0,0,0,0,0,0
dutoittax.co.za,1,0,0,0,0,0,0,0,1,0,0,0,0,0,0,0
dvt.co.za,1,0,0,0,1,0,0,0,0,0,0,0,0,0,0,0
e-merge.co.za,1,0,0,1,0,0,0,0,0,0,0,0,0,0,0,0
easivisa.com,1,0,0,0,0,1,0,0,0,0,0,0,0,0,0,0
easyvisa.co.za,1,0,1,0,0,0,0,0,0,0,0,0,0,0,0,0
econoserve.co.za,1,1,0,0,0,0,0,0,0,0,0,0,0,0,0,0
edubloxsa.co.za,1,0,1,0,0,0,0,0,0,0,0,0,0,0,0,0
edustartinternational.co.za,1,0,0,0,0,0,1,0,0,0,0,0,0,0,0,0
eduvisa.co.za,1,0,0,1,0,0,0,0,0,0,0,0,0,0,0,0
eisenberglaw.co.za,1,0,0,0,0,0,0,0,1,0,0,0,0,0,0,0
eisenman.co.za,1,0,0,0,1,0,0,0,0,0,0,0,0,0,0,0
eislaw.co.za,1,0,1,0,0,0,0,0,0,0,0,0,0,0,0,0
eissa.co.za,1,0,0,0,0,0,0,0,1,0,0,0,0,0,0,0
eisservices.co.za,1,0,0,1,0,0,0,0,0,0,0,0,0,0,0,0
eissouthafrica.co.za,1,0,0,0,1,0,0,0,0,0,0,0,0,0,0,0
eisvisa.co.za,1,0,0,0,1,0,0,0,0,0,0,0,0,0,0,0
eisvisa.com,1,0,0,0,0,1,0,0,0,0,0,0,0,0,0,0
eltzeandpartners.co.za,1,0,0,0,0,1,0,0,0,0,0,0,0,0,0,0
emigrate.co.za,1,0,0,0,0,0,0,1,0,0,0,0,0,0,0,0
emigrationsouthafrica.co.za,1,0,0,0,0,0,0,0,1,0,0,0,0,0,0,0
engaged.co.za,1,0,1,0,0,0,0,0,0,0,0,0,0,0,0,0
ens)](https,1,0,0,0,0,0,0,0,1,0,0,0,0,0,0,0
ensafrica)](https,1,0,0,0,0,0,0,0,0,0,1,0,0,0,0,0
entelect.co.za,1,0,0,0,0,1,0,0,0,0,0,0,0,0,0,0
eticonsulting.co.za,1,0,0,0,0,0,0,0,0,1,0,0,0,0,0,0
evalex.com,1,0,0,0,0,0,0,0,0,1,0,0,0,0,0,0
exchange4africa.co.za,1,1,0,0,0,0,0,0,0,0,0,0,0,0,0,0
exchange4free.com,1,0,0,0,0,0,0,1,0,0,0,0,0,0,0,0
exchange](https,1,0,0,0,0,0,0,0,1,0,0,0,0,0,0,0
expat-tax.co.za,1,0,0,0,1,0,0,0,0,0,0,0,0,0,0,0
expatriategroup.com,1,0,0,0,0,1,0,0,0,0,0,0,0,0,0,0
expatriatelaw.co.za,1,0,0,0,0,0,0,0,0,0,1,0,0,0,0,0
expatriatetaxsolutions.co.za,1,0,1,0,0,0,0,0,0,0,0,0,0,0,0,0
expattaxservices.com,1,0,0,0,0,0,1,0,0,0,0,0,0,0,0,0
fats.co.za,1,0,0,1,0,0,0,0,0,0,0,0,0,0,0,0
fbi-attorneys.co.za,1,0,0,0,0,1,0,0,0,0,0,0,0,0,0,0
fedhealth.co.za,1,0,0,0,0,0,0,0,0,0,1,0,0,0,0,0
financialemigrationsa.co.za,1,1,0,0,0,0,0,0,0,0,0,0,0,0,0,0
finsolve.co.za,1,0,0,0,0,0,1,0,0,0,0,0,0,0,0,0
fisasa.com,1,0,0,0,0,0,1,0,0,0,0,0,0,0,0,0
fluxmans.com,1,0,0,0,0,1,0,0,0,0,0,0,0,0,0,0
future](https,1,0,0,0,0,1,0,0,0,0,0,0,0,0,0,0
futurebudget.co.za,1,0,0,1,0,0,0,0,0,0,0,0,0,0,0,0
g3visas.co.za,1,0,0,0,1,0,0,0,0,0,0,0,0,0,0,0
galbraith.co.za,1,0,0,0,0,0,0,0,0,0,1,0,0,0,0,0
gerber.co.za,1,0,0,0,0,1,0,0,0,0,0,0,0,0,0,0
gerberco.co.za,1,0,0,0,1,0,0,0,0,0,0,0,0,0,0,0
ghs.co.za,1,0,0,0,0,1,0,0,0,0,0,0,0,0,0,0
gilfillan](https,1,0,0,0,0,0,0,1,0,0,0,0,0,0,0,0
gimt.co.za,1,0,0,0,0,0,0,0,0,0,1,0,0,0,0,0
gklaw.co.za,1,0,0,0,0,0,0,1,0,0,0,0,0,0,0,0
global-migration.com,1,0,0,0,1,0,0,0,0,0,0,0,0,0,0,0
globalbusiness.co.za,1,0,1,0,0,0,0,0,0,0,0,0,0,0,0,0
globalcitizensolutions.com,1,0,0,0,0,1,0,0,0,0,0,0,0,0,0,0
globaleducation.co.za,1,0,0,0,1,0,0,0,0,0,0,0,0,0,0,0
globaltax.co.za,1,0,0,0,0,0,0,0,0,0,1,0,0,0,0,0
globalvisasolutions.com,1,0,0,0,0,0,0,0,1,0,0,0,0,0,0,0
globetrotter.co.za,1,1,0,0,0,0,0,0,0,0,0,0,0,0,0,0
glucode.com,1,0,0,0,0,0,0,0,0,0,1,0,0,0,0,0
goldbergdevilliers.co.za,1,0,0,0,1,0,0,0,0,0,0,0,0,0,0,0
govolunteerafrica.org,1,0,1,0,0,0,0,0,0,0,0,0,0,0,0,0
gra.co.za,1,0,0,0,1,0,0,0,0,0,0,0,0,0,0,0
grantkaplan.co.za,1,0,0,0,0,0,0,0,0,0,1,0,0,0,0,0
gray](https,1,0,0,0,0,0,0,1,0,0,0,0,0,0,0,0
group)](https,1,0,1,0,0,0,0,0,0,0,0,0,0,0,0,0
gtc.co.za,1,0,0,0,0,1,0,0,0,0,0,0,0,0,0,0
gvps.co.za,1,0,0,1,0,0,0,0,0,0,0,0,0,0,0,0
hannalegal.com,1,0,0,1,0,0,0,0,0,0,0,0,0,0,0,0
harrisonwhite.co.za,1,0,0,0,0,0,0,0,0,0,1,0,0,0,0,0
hdcc.co.za,1,0,1,0,0,0,0,0,0,0,0,0,0,0,0,0
healthbridge.co.za,1,0,0,0,1,0,0,0,0,0,0,0,0,0,0,0
healthcarelicensing.co.za,1,0,0,0,1,0,0,0,0,0,0,0,0,0,0,0
healthconnect.co.za,1,1,0,0,0,0,0,0,0,0,0,0,0,0,0,0
help](https,1,0,0,0,0,0,0,0,1,0,0,0,0,0,0,0
helpdesk](https,1,0,0,1,0,0,0,0,0,0,0,0,0,0,0,0
hermannimmigration.co.za,1,0,0,0,0,1,0,0,0,0,0,0,0,0,0,0
hermannlaw.co.za,1,0,0,0,0,1,0,0,0,0,0,0,0,0,0,0
hermannlawyers.com,1,0,0,1,0,0,0,0,0,0,0,0,0,0,0,0
hgg.co.za,1,0,0,1,0,0,0,0,0,0,0,0,0,0,0,0
hjw.co.za,1,0,0,0,1,0,0,0,0,0,0,0,0,0,0,0
hjwattorneys.co.za,1,0,0,0,0,0,0,1,0,0,0,0,0,0,0,0
hlatshwayo.co.za,1,0,0,0,1,0,0,0,0,0,0,0,0,0,0,0
hlawula.co.za,1,1,0,0,0,0,0,0,0,0,0,0,0,0,0,0
hlawulaimmigration.co.za,1,0,0,0,0,1,0,0,0,0,0,0,0,0,0,0
hobbs-sinclair.co.za,1,0,0,0,1,0,0,0,0,0,0,0,0,0,0,0
hoganhilling.co.za,1,0,1,0,0,0,0,0,0,0,0,0,0,0,0,0
hoganlovells.com,1,0,0,0,0,0,0,0,1,0,0,0,0,0,0,0
horganattorneys.co.za,1,0,0,1,0,0,0,0,0,0,0,0,0,0,0,0
houtbayvisa.co.za,1,0,0,1,0,0,0,0,0,0,0,0,0,0,0,0
hrirs.co.za,1,0,0,1,0,0,0,0,0,0,0,0,0,0,0,0
hrsolutions.co.za,1,0,0,0,1,0,0,0,0,0,0,0,0,0,0,0
iasuk.com,1,0,0,1,0,0,0,0,0,0,0,0,0,0,0,0
ibhar.co.za,1,0,0,0,1,0,0,0,0,0,0,0,0,0,0,0
ibiza-immigration.com,1,0,0,0,1,0,0,0,0,0,0,0,0,0,0,0
ibngr.co.za,1,0,1,0,0,0,0,0,0,0,0,0,0,0,0,0
ibngroup.co.za,1,0,1,0,0,0,0,0,0,0,0,0,0,0,0,0
ibninternational.com,1,0,0,1,0,0,0,0,0,0,0,0,0,0,0,0
ibnsouthafrica.com,1,0,1,0,0,0,0,0,0,0,0,0,0,0,0,0
ic-africa.co.za,1,0,0,0,0,1,0,0,0,0,0,0,0,0,0,0
icasa.co.za,1,0,0,1,0,0,0,0,0,0,0,0,0,0,0,0
ice3x.com,1,0,0,0,0,1,0,0,0,0,0,0,0,0,0,0
icg.co.za,1,0,0,0,0,0,0,1,0,0,0,0,0,0,0,0
icsa.co.za,1,0,0,0,0,0,0,0,0,1,0,0,0,0,0,0
ieabroad.com,1,0,0,0,0,1,0,0,0,0,0,0,0,0,0,0
immgrationsouthafrica.org,1,0,0,0,1,0,0,0,0,0,0,0,0,0,0,0
immigra.co.za,1,0,0,0,1,0,0,0,0,0,0,0,0,0,0,0
immigrantassure.co.za,1,0,0,1,0,0,0,0,0,0,0,0,0,0,0,0
immigrantsa.com,1,0,0,0,1,0,0,0,0,0,0,0,0,0,0,0
immigratesa.com,1,0,0,1,0,0,0,0,0,0,0,0,0,0,0,0
immigratetosa.co.za,1,0,0,1,0,0,0,0,0,0,0,0,0,0,0,0
immigrating.com,1,0,0,0,1,0,0,0,0,0,0,0,0,0,0,0
immigration-southafrica.org,1,0,1,0,0,0,0,0,0,0,0,0,0,0,0,0
immigrationadvicesouthafrica.co.za,1,0,0,0,0,0,0,0,0,1,0,0,0,0,0,0
immigrationadvisory.co.za,1,0,0,0,0,0,0,0,0,0,1,0,0,0,0,0
immigrationassist.co.za,1,0,0,1,0,0,0,0,0,0,0,0,0,0,0,0
immigrationcompany.co.za,1,0,0,0,0,0,0,0,0,0,1,0,0,0,0,0
immigrationcomplianceservices.co.za,1,0,0,0,0,0,0,0,0,0,1,0,0,0,0,0
immigrationcorp.co.za,1,0,0,1,0,0,0,0,0,0,0,0,0,0,0,0
immigrationcorporation.com,1,0,0,0,0,0,0,0,0,0,1,0,0,0,0,0
immigrationdirectsa.co.za,1,0,0,0,0,0,0,0,0,0,1,0,0,0,0,0
immigrationlawsouthafrica.co.za,1,0,0,0,0,0,0,0,1,0,0,0,0,0,0,0
immigrationlawsouthafrica.com,1,1,0,0,0,0,0,0,0,0,0,0,0,0,0,0
immigrationpartners.co.za,1,0,0,0,0,0,0,1,0,0,0,0,0,0,0,0
immigrationpracticegroup.co.za,1,0,0,0,0,0,0,0,0,0,1,0,0,0,0,0
immigrationsouthafricaonline.com,1,0,0,0,0,0,0,0,0,1,0,0,0,0,0,0
immigrationsouthafricapro.com,1,0,0,0,0,0,0,0,0,0,1,0,0,0,0,0
immigrationsouthafricasa.com,1,0,0,0,0,0,1,0,0,0,0,0,0,0,0,0
immigrationsouthafricavfs.com,1,0,0,0,0,0,0,0,0,1,0,0,0,0,0,0
immigroup.co.za,1,0,0,1,0,0,0,0,0,0,0,0,0,0,0,0
immisa.org,1,0,0,0,0,1,0,0,0,0,0,0,0,0,0,0
intergate-visalink.co.za,1,0,0,1,0,0,0,0,0,0,0,0,0,0,0,0
intergate.co.za,1,0,1,0,0,0,0,0,0,0,0,0,0,0,0,0
intergest.com,1,0,0,0,1,0,0,0,0,0,0,0,0,0,0,0
international)](https,1,0,0,1,0,0,0,0,0,0,0,0,0,0,0,0
internationsgo.com,1,1,0,0,0,0,0,0,0,0,0,0,0,0,0,0
invest](https,1,0,0,0,1,0,0,0,0,0,0,0,0,0,0,0
ipa-immigration.com,1,0,0,1,0,0,0,0,0,0,0,0,0,0,0,0
isaglobal.co.za,1,0,0,0,0,0,0,1,0,0,0,0,0,0,0,0
it](https,1,0,0,0,0,0,0,0,1,0,0,0,0,0,0,0
ivisa.com,1,0,0,0,0,0,0,0,0,0,1,0,0,0,0,0
ivs-sa.co.za,1,0,0,1,0,0,0,0,0,0,0,0,0,0,0,0
ivs-sa.com,1,0,0,0,0,1,0,0,0,0,0,0,0,0,0,0
ivs.co.za,1,0,1,0,0,0,0,0,0,0,0,0,0,0,0,0
judincombrinck.co.za,1,0,0,1,0,0,0,0,0,0,0,0,0,0,0,0
jurgensimmigration.co.za,1,0,0,0,0,0,1,0,0,0,0,0,0,0,0,0
kenamedia.co.za,1,0,0,1,0,0,0,0,0,0,0,0,0,0,0,0
kenaope.co.za,1,0,0,1,0,0,0,0,0,0,0,0,0,0,0,0
keshgroup.co.za,1,0,0,0,0,0,1,0,0,0,0,0,0,0,0,0
kgrnco.com,1,0,0,0,1,0,0,0,0,0,0,0,0,0,0,0
khonology.com,1,0,0,0,0,0,0,0,1,0,0,0,0,0,0,0
kia-immigration.com,1,0,0,0,0,1,0,0,0,0,0,0,0,0,0,0
klmimmigration.com,1,0,0,1,0,0,0,0,0,0,0,0,0,0,0,0
kornferry.com,1,0,0,0,0,1,0,0,0,0,0,0,0,0,0,0
kpg.co.za,1,0,0,0,0,0,0,1,0,0,0,0,0,0,0,0
kreston.co.za,1,0,0,0,1,0,0,0,0,0,0,0,0,0,0,0
kznvisas.co.za,1,0,0,0,0,1,0,0,0,0,0,0,0,0,0,0
labourman.co.za,1,0,0,0,1,0,0,0,0,0,0,0,0,0,0,0
labournet.co.za,1,0,1,0,0,0,0,0,0,0,0,0,0,0,0,0
labourprotect.co.za,1,0,0,0,0,0,0,1,0,0,0,0,0,0,0,0
leapfrogmigration.com,1,0,0,0,0,0,0,1,0,0,0,0,0,0,0,0
learnabroad.co.za,1,0,0,0,0,0,0,0,0,0,1,0,0,0,0,0
legal-aid.co.za,1,1,0,0,0,0,0,0,0,0,0,0,0,0,0,0
legalese.co.za,1,0,1,0,0,0,0,0,0,0,0,0,0,0,0,0
lemasa.co.za,1,0,0,0,0,0,0,0,0,0,1,0,0,0,0,0
licenceassist.co.za,1,1,0,0,0,0,0,0,0,0,0,0,0,0,0,0
liquidationcentre.co.za,1,0,0,0,0,0,0,0,0,0,1,0,0,0,0,0
liquidationservices.co.za,1,0,0,0,0,0,0,0,0,0,1,0,0,0,0,0
logoodstanding.co.za,1,1,0,0,0,0,0,0,0,0,0,0,0,0,0,0
lovevolunteers.org,1,0,0,0,0,1,0,0,0,0,0,0,0,0,0,0
lr-inc.co.za,1,0,0,0,0,1,0,0,0,0,0,0,0,0,0,0
lwo.co.za,1,0,0,1,0,0,0,0,0,0,0,0,0,0,0,0
majconsulting.co.za,1,0,0,0,0,0,1,0,0,0,0,0,0,0,0,0
management](https,1,0,0,0,0,0,0,0,0,1,0,0,0,0,0,0
mardale.co.za,1,0,0,0,0,0,0,0,0,1,0,0,0,0,0,0
marwick.co.za,1,0,0,0,0,0,0,0,0,0,1,0,0,0,0,0
mda-attorneys.co.za,1,0,1,0,0,0,0,0,0,0,0,0,0,0,0,0
mdaattorneys.co.za,1,0,0,0,1,0,0,0,0,0,0,0,0,0,0,0
mdaimmigration.co.za,1,0,0,0,0,1,0,0,0,0,0,0,0,0,0,0
mdainc.co.za,1,0,0,0,0,1,0,0,0,0,0,0,0,0,0,0
mdhaccountants.co.za,1,0,0,0,1,0,0,0,0,0,0,0,0,0,0,0
mdrcorporate.co.za,1,0,1,0,0,0,0,0,0,0,0,0,0,0,0,0
mdsvizapak.co.za,1,0,0,1,0,0,0,0,0,0,0,0,0,0,0,0
medcorelicensing.co.za,1,0,0,1,0,0,0,0,0,0,0,0,0,0,0,0
medicare.co.za,1,0,1,0,0,0,0,0,0,0,0,0,0,0,0,0
medipost.co.za,1,1,0,0,0,0,0,0,0,0,0,0,0,0,0,0
medirite.co.za,1,0,0,1,0,0,0,0,0,0,0,0,0,0,0,0
mediswitch.co.za,1,0,1,0,0,0,0,0,0,0,0,0,0,0,0,0
medscheme.com,1,0,0,0,0,1,0,0,0,0,0,0,0,0,0,0
mercantile.co.za,1,0,0,0,0,0,1,0,0,0,0,0,0,0,0,0
merchantec.co.za,1,0,0,0,0,0,0,0,0,0,1,0,0,0,0,0
mercury-fx.com,1,0,0,0,0,0,0,0,0,1,0,0,0,0,0,0
migrate-to-southafrica.com,1,0,0,0,0,0,0,0,0,0,1,0,0,0,0,0
migrateimmigration.com,1,0,1,0,0,0,0,0,0,0,0,0,0,0,0,0
migrateto-southafrica.com,1,0,0,0,0,1,0,0,0,0,0,0,0,0,0,0
migratewithb.com,1,0,0,1,0,0,0,0,0,0,0,0,0,0,0,0
migratewithq.com,1,0,0,0,1,0,0,0,0,0,0,0,0,0,0,0
migrationexpert.co.za,1,0,0,0,0,0,0,0,0,0,1,0,0,0,0,0
migrationservices.co.za,1,0,0,1,0,0,0,0,0,0,0,0,0,0,0,0
mindcor.com,1,0,0,0,0,0,0,0,0,1,0,0,0,0,0,0
mindmuzik.com,1,0,1,0,0,0,0,0,0,0,0,0,0,0,0,0
mindworx.co.za,1,0,0,0,1,0,0,0,0,0,0,0,0,0,0,0
moore.co.za,1,0,0,0,0,0,0,0,0,0,1,0,0,0,0,0
movetoafrica.co.za,1,0,0,0,0,0,1,0,0,0,0,0,0,0,0,0
mra.co.za,1,0,0,0,1,0,0,0,0,0,0,0,0,0,0,0
multinet.co.za,1,0,0,0,0,0,0,0,0,1,0,0,0,0,0,0
myimmigration.co.za,1,0,0,0,0,0,0,1,0,0,0,0,0,0,0,0
mysouthafricavisa.com,1,0,0,0,0,0,0,0,0,0,1,0,0,0,0,0
mytherapyroom.co.za,1,0,0,0,0,1,0,0,0,0,0,0,0,0,0,0
mzansicommunications.co.za,1,1,0,0,0,0,0,0,0,0,0,0,0,0,0,0
mzansistudyabroad.co.za,1,0,1,0,0,0,0,0,0,0,0,0,0,0,0,0
mzansitenders.co.za,1,0,0,0,0,1,0,0,0,0,0,0,0,0,0,0
nationaldebtadvisors.co.za,1,0,0,0,0,0,1,0,0,0,0,0,0,0,0,0
nedbankprivatewealth.com,1,0,0,0,0,0,0,0,0,1,0,0,0,0,0,0
network](https,1,0,0,0,0,0,0,0,0,0,1,0,0,0,0,0
neurodiversitycentre.co.za,1,0,0,0,1,0,0,0,0,0,0,0,0,0,0,0
newtonsimmigration.co.za,1,0,1,0,0,0,0,0,0,0,0,0,0,0,0,0
nexiasabt.co.za,1,0,0,0,0,0,0,0,0,1,0,0,0,0,0,0
nexustax.co.za,1,0,0,0,0,0,0,0,0,0,1,0,0,0,0,0
nmg-group.com,1,0,0,0,0,0,0,0,1,0,0,0,0,0,0,0
nmgbenefits.co.za,1,1,0,0,0,0,0,0,0,0,0,0,0,0,0,0
nwi.co.za,1,1,0,0,0,0,0,0,0,0,0,0,0,0,0,0
octagon.co.za,1,0,0,0,0,1,0,0,0,0,0,0,0,0,0,0
octagonafrica.com,1,0,0,0,0,0,0,1,0,0,0,0,0,0,0,0
octagonlegal.co.za,1,0,0,0,0,1,0,0,0,0,0,0,0,0,0,0
octagontax.co.za,1,0,0,0,0,0,0,0,0,0,1,0,0,0,0,0
octofin.co.za,1,0,0,0,0,0,0,0,0,1,0,0,0,0,0,0
office](https,1,0,0,0,0,0,0,1,0,0,0,0,0,0,0,0
oisa.co.za,1,0,0,1,0,0,0,0,0,0,0,0,0,0,0,0
omnihrc.com,1,0,0,0,0,0,0,0,1,0,0,0,0,0,0,0
oneworldvolunteers.org,1,0,1,0,0,0,0,0,0,0,0,0,0,0,0,0
optifin.co.za,1,0,0,0,0,1,0,0,0,0,0,0,0,0,0,0
outsourcedcfo.co.za,1,0,0,0,0,1,0,0,0,0,0,0,0,0,0,0
passport-sa.co.za,1,0,0,0,0,0,0,0,0,1,0,0,0,0,0,0
passport-south-africa.co.za,1,0,0,0,0,0,1,0,0,0,0,0,0,0,0,0
passport-southafrica.co.za,1,0,0,0,0,0,1,0,0,0,0,0,0,0,0,0
passportpower.co.za,1,0,0,0,0,0,0,0,0,0,1,0,0,0,0,0
passportrenewal.co.za,1,0,0,0,1,0,0,0,0,0,0,0,0,0,0,0
pathsglobal.com,1,0,0,0,0,0,1,0,0,0,0,0,0,0,0,0
pathsimmigration.com,1,0,0,0,0,0,0,0,1,0,0,0,0,0,0,0
pathwaysafrica.com,1,0,0,0,0,0,0,0,1,0,0,0,0,0,0,0
pathwaystofreedom.co.za,1,0,0,0,0,1,0,0,0,0,0,0,0,0,0,0
pathwaystosouthafrica.com,1,0,0,0,0,0,1,0,0,0,0,0,0,0,0,0
pathwaysworld.com,1,0,0,0,0,0,0,0,0,0,1,0,0,0,0,0
pavs.co.za,1,0,0,0,0,1,0,0,0,0,0,0,0,0,0,0
paymaster.co.za,1,0,0,1,0,0,0,0,0,0,0,0,0,0,0,0
permits-and-visas.co.za,1,0,0,0,0,0,0,0,1,0,0,0,0,0,0,0
permits.co.za,1,0,0,0,0,0,1,0,0,0,0,0,0,0,0,0
pharmasolutions.co.za,1,0,0,0,0,1,0,0,0,0,0,0,0,0,0,0
philipgamble.co.uk,1,0,0,0,0,1,0,0,0,0,0,0,0,0,0,0
pmgymt.com,1,0,0,0,1,0,0,0,0,0,0,0,0,0,0,0
pro-edge.co.za,1,0,0,0,1,0,0,0,0,0,0,0,0,0,0,0
pro-labourconsulting.co.za,1,0,0,0,0,0,1,0,0,0,0,0,0,0,0,0
proactivetax.co.za,1,0,0,0,0,0,0,0,0,1,0,0,0,0,0,0
probono.org,1,0,0,1,0,0,0,0,0,0,0,0,0,0,0,0
projects-abroad.co.za,1,0,0,0,1,0,0,0,0,0,0,0,0,0,0,0
projects-abroad.com,1,0,0,1,0,0,0,0,0,0,0,0,0,0,0,0
protaxaccounting.co.za,1,0,0,0,1,0,0,0,0,0,0,0,0,0,0,0
psychmatters.co.za,1,0,1,0,0,0,0,0,0,0,0,0,0,0,0,0
psychometricassessments.co.za,1,0,0,0,1,0,0,0,0,0,0,0,0,0,0,0
psychometrictesting.co.za,1,0,1,0,0,0,0,0,0,0,0,0,0,0,0,0
psyssa.com,1,0,0,0,1,0,0,0,0,0,0,0,0,0,0,0
ptycompanyregistration.co.za,1,0,0,0,0,1,0,0,0,0,0,0,0,0,0,0
pvzone.co.za,1,0,0,0,0,0,0,0,1,0,0,0,0,0,0,0
quest.co.za,1,0,0,0,1,0,0,0,0,0,0,0,0,0,0,0
randburgimmigration.co.za,1,0,0,0,0,0,0,1,0,0,0,0,0,0,0,0
recruitment](https,1,0,0,0,0,0,0,0,0,0,1,0,0,0,0,0
reganvanrooy.com,1,0,0,0,0,0,0,0,1,0,0,0,0,0,0,0
regulatedmigration.co.za,1,0,0,0,1,0,0,0,0,0,0,0,0,0,0,0
relocateglobal.co.za,1,0,0,0,0,1,0,0,0,0,0,0,0,0,0,0
relocation)](https,1,0,0,1,0,0,0,0,0,0,0,0,0,0,0,0
relocation-law.co.za,1,0,0,0,0,0,1,0,0,0,0,0,0,0,0,0
relocationinternational.co.za,1,0,0,0,0,0,1,0,0,0,0,0,0,0,0,0
remneris.co.za,1,0,0,0,0,0,0,0,0,0,1,0,0,0,0,0
remunerationconsultants.co.za,1,0,0,0,0,0,0,0,1,0,0,0,0,0,0,0
resolvetaxdebt.co.za,1,0,0,0,0,0,0,0,1,0,0,0,0,0,0,0
revix.com,1,0,1,0,0,0,0,0,0,0,0,0,0,0,0,0
rmb.co.za,1,0,0,0,0,1,0,0,0,0,0,0,0,0,0,0
rsmza.co.za,1,0,0,0,0,0,0,0,0,1,0,0,0,0,0,0
sa-immigration.com,1,1,0,0,0,0,0,0,0,0,0,0,0,0,0,0
saaac.com,1,0,0,1,0,0,0,0,0,0,0,0,0,0,0,0
saacap)](https,1,0,0,0,0,0,0,0,0,1,0,0,0,0,0,0
saacp)](https,1,0,0,0,0,0,0,0,0,0,1,0,0,0,0,0
saaps)](https,1,0,0,0,0,0,1,0,0,0,0,0,0,0,0,0
saasw)](https,1,0,0,0,0,0,0,0,1,0,0,0,0,0,0,0
sabletrust.com,1,0,0,0,1,0,0,0,0,0,0,0,0,0,0,0
sabt.co.za,1,0,0,0,1,0,0,0,0,0,0,0,0,0,0,0
sacap)](https,1,0,0,0,1,0,0,0,0,0,0,0,0,0,0,0
sacryptotax.co.za,1,0,0,1,0,0,0,0,0,0,0,0,0,0,0,0
sacryptotax.com,1,1,0,0,0,0,0,0,0,0,0,0,0,0,0,0
sadag)](https,1,0,0,1,0,0,0,0,0,0,0,0,0,0,0,0
sadag.org,1,0,0,0,0,1,0,0,0,0,0,0,0,0,0,0
saemigration.com,1,0,0,0,0,1,0,0,0,0,0,0,0,0,0,0
safcoin.co.za,1,0,0,0,0,0,0,1,0,0,0,0,0,0,0,0
safferys.com,1,0,0,0,0,1,0,0,0,0,0,0,0,0,0,0
saffreys.com,1,0,0,0,1,0,0,0,0,0,0,0,0,0,0,0
saimmigrations.co.za,1,0,0,0,0,1,0,0,0,0,0,0,0,0,0,0
saimmigrationservices.co.za,1,0,0,0,0,0,0,0,0,0,1,0,0,0,0,0
saimmigrationservices.com,1,0,0,0,0,1,0,0,0,0,0,0,0,0,0,0
samisgration.com,1,0,0,0,0,0,0,0,1,0,0,0,0,0,0,0
samisration.com,1,0,0,0,0,1,0,0,0,0,0,0,0,0,0,0
sane](https,1,0,0,0,0,0,0,1,0,0,0,0,0,0,0,0
sanea](https,1,0,0,0,0,0,0,1,0,0,0,0,0,0,0,0
sanlam.com,1,0,0,0,0,0,1,0,0,0,0,0,0,0,0,0
sarscryptotax.co.za,1,0,0,0,1,0,0,0,0,0,0,0,0,0,0,0
sarsdebtsolutions.co.za,1,0,1,0,0,0,0,0,0,0,0,0,0,0,0,0
sarsfiling.co.za,1,0,0,1,0,0,0,0,0,0,0,0,0,0,0,0
sarslegal.co.za,1,0,0,0,0,0,0,0,0,1,0,0,0,0,0,0
sarstaxadvisors.co.za,1,0,0,1,0,0,0,0,0,0,0,0,0,0,0,0
sarstaxconsultants.co.za,1,0,1,0,0,0,0,0,0,0,0,0,0,0,0,0
sarstaxhelp.co.za,1,0,1,0,0,0,0,0,0,0,0,0,0,0,0,0
sarstaxpractitioner.co.za,1,0,0,1,0,0,0,0,0,0,0,0,0,0,0,0
sasch)](https,1,0,0,0,0,1,0,0,0,0,0,0,0,0,0,0
sasop)](https,1,0,0,0,0,0,0,1,0,0,0,0,0,0,0,0
sastudy.co.za,1,0,0,0,1,0,0,0,0,0,0,0,0,0,0,0
sataxdepartment.co.za,1,0,1,0,0,0,0,0,0,0,0,0,0,0,0,0
sataxpractice.co.za,1,0,0,0,1,0,0,0,0,0,0,0,0,0,0,0
sataxpro.co.za,1,0,1,0,0,0,0,0,0,0,0,0,0,0,0,0
sataxsolutions.co.za,1,0,0,0,0,0,0,0,0,1,0,0,0,0,0,0
sataxspecialists.co.za,1,0,0,0,0,1,0,0,0,0,0,0,0,0,0,0
satenderassist.co.za,1,0,0,1,0,0,0,0,0,0,0,0,0,0,0,0
satenders.co.za,1,0,1,0,0,0,0,0,0,0,0,0,0,0,0,0
savc.co.za,1,0,0,0,0,0,0,0,0,1,0,0,0,0,0,0
sbclaw.co.za,1,0,0,0,0,1,0,0,0,0,0,0,0,0,0,0
sbnimmigration.com,1,0,0,0,0,1,0,0,0,0,0,0,0,0,0,0
sbsforex.co.za,1,0,0,0,1,0,0,0,0,0,0,0,0,0,0,0
scoinify.com,1,0,0,1,0,0,0,0,0,0,0,0,0,0,0,0
sebatagroup.co.za,1,0,0,0,0,1,0,0,0,0,0,0,0,0,0,0
serr.co.za,1,0,0,0,0,1,0,0,0,0,0,0,0,0,0,0
services)](https,1,0,0,1,0,0,0,0,0,0,0,0,0,0,0,0
shl.com,1,0,0,0,0,0,0,1,0,0,0,0,0,0,0,0
sialegal.com,1,0,0,0,1,0,0,0,0,0,0,0,0,0,0,0
simpletax.co.za,1,0,0,0,0,0,0,0,0,0,1,0,0,0,0,0
sincereimmigration.com,1,0,0,0,1,0,0,0,0,0,0,0,0,0,0,0
sivervestmigration.com,1,0,0,0,0,1,0,0,0,0,0,0,0,0,0,0
siyandacpa.co.za,1,0,0,0,0,1,0,0,0,0,0,0,0,0,0,0
siza.co.za,1,0,0,0,0,1,0,0,0,0,0,0,0,0,0,0
skillsacademy.co.za,1,0,0,1,0,0,0,0,0,0,0,0,0,0,0,0
skillsdevelopmentagency.co.za,1,0,0,0,0,0,0,0,0,0,1,0,0,0,0,0
skillsdynamics.com,1,0,1,0,0,0,0,0,0,0,0,0,0,0,0,0
sloane.co.za,1,0,0,0,0,1,0,0,0,0,0,0,0,0,0,0
snaxconsulting.co.za,1,0,0,1,0,0,0,0,0,0,0,0,0,0,0,0
solutions)](https,1,0,0,0,1,0,0,0,0,0,0,0,0,0,0,0
southafrica-immigration.net,1,0,0,0,0,0,0,1,0,0,0,0,0,0,0,0
southafrica-newyork.net,1,0,0,0,1,0,0,0,0,0,0,0,0,0,0,0
southafricaimmigration.com,1,0,0,0,0,0,0,1,0,0,0,0,0,0,0,0
southafricanimmigration.com,1,0,0,0,1,0,0,0,0,0,0,0,0,0,0,0
southafricanvisas.com,1,0,0,0,0,0,0,0,0,0,1,0,0,0,0,0
southernstarimmigration.com,1,0,0,0,0,0,0,0,0,0,1,0,0,0,0,0
sovereignwealth.co.za,1,0,1,0,0,0,0,0,0,0,0,0,0,0,0,0
sovtech.co.za,1,0,0,0,0,0,0,1,0,0,0,0,0,0,0,0
specialised.com,1,0,0,1,0,0,0,0,0,0,0,0,0,0,0,0
specialisedapplications.co.za,1,1,0,0,0,0,0,0,0,0,0,0,0,0,0,0
specialisedapps.co.za,1,1,0,0,0,0,0,0,0,0,0,0,0,0,0,0
specializedeng.co.za,1,0,1,0,0,0,0,0,0,0,0,0,0,0,0,0
specializedsolarsystems.co.za,1,0,0,0,1,0,0,0,0,0,0,0,0,0,0,0
spoor.com,1,0,0,0,0,0,0,0,1,0,0,0,0,0,0,0
sps-international.com,1,0,0,0,0,1,0,0,0,0,0,0,0,0,0,0
spsinternational.co.za,1,0,0,0,1,0,0,0,0,0,0,0,0,0,0,0
sri-immigration.com,1,0,0,0,0,1,0,0,0,0,0,0,0,0,0,0
staffing](https,1,0,0,0,0,0,1,0,0,0,0,0,0,0,0,0
statusglobal.co.za,1,0,1,0,0,0,0,0,0,0,0,0,0,0,0,0
statusmigration.com,1,0,0,0,0,0,0,0,0,1,0,0,0,0,0,0
statussolutionssa.co.za,1,1,0,0,0,0,0,0,0,0,0,0,0,0,0,0
statusupdate.co.za,1,0,0,1,0,0,0,0,0,0,0,0,0,0,0,0
stays](https,1,0,0,1,0,0,0,0,0,0,0,0,0,0,0,0
stbvisas.co.za,1,0,0,1,0,0,0,0,0,0,0,0,0,0,0,0
stcvisa.co.za,1,0,0,1,0,0,0,0,0,0,0,0,0,0,0,0
stcvisas.co.za,1,0,0,0,0,1,0,0,0,0,0,0,0,0,0,0
stratasat.co.za,1,0,0,0,0,0,0,0,0,1,0,0,0,0,0,0
studyabroadagency.co.za,1,1,0,0,0,0,0,0,0,0,0,0,0,0,0,0
studyabroadsa.co.za,1,0,0,0,0,0,0,0,0,1,0,0,0,0,0,0
surenforex.com,1,0,0,0,0,1,0,0,0,0,0,0,0,0,0,0
suretravel.co.za,1,0,0,0,0,0,0,0,1,0,0,0,0,0,0,0
sva-international.com,1,0,0,0,0,1,0,0,0,0,0,0,0,0,0,0
svaforex.co.za,1,0,0,1,0,0,0,0,0,0,0,0,0,0,0,0
swglobal.com,1,0,0,0,1,0,0,0,0,0,0,0,0,0,0,0
swiftreg.co.za,1,0,0,0,1,0,0,0,0,0,0,0,0,0,0,0
synthesis.co.za,1,0,0,0,0,0,1,0,0,0,0,0,0,0,0,0
talentafrica.co.za,1,0,0,0,1,0,0,0,0,0,0,0,0,0,0,0
talentsolutions.co.za,1,0,0,0,0,1,0,0,0,0,0,0,0,0,0,0
talentsolutions.com,1,0,0,0,0,0,0,0,0,1,0,0,0,0,0,0
tara.co.za,1,0,0,0,0,0,0,0,1,0,0,0,0,0,0,0
tax-lawyers.co.za,1,0,1,0,0,0,0,0,0,0,0,0,0,0,0,0
tax-rite.co.za,1,0,0,0,0,0,1,0,0,0,0,0,0,0,0,0
taxadvisory.co.za,1,0,0,0,1,0,0,0,0,0,0,0,0,0,0,0
taxationservices.co.za,1,0,0,1,0,0,0,0,0,0,0,0,0,0,0,0
taxattorney.co.za,1,0,0,1,0,0,0,0,0,0,0,0,0,0,0,0
taxcare.co.za,1,0,0,0,1,0,0,0,0,0,0,0,0,0,0,0
taxco.co.za,1,0,0,0,0,1,0,0,0,0,0,0,0,0,0,0
taxcompliancesa.co.za,1,0,0,0,0,1,0,0,0,0,0,0,0,0,0,0
taxcorpsa.co.za,1,0,1,0,0,0,0,0,0,0,0,0,0,0,0,0
taxcrypto.co.za,1,0,0,0,0,0,0,0,1,0,0,0,0,0,0,0
taxdebtadvice.co.za,1,0,0,0,0,0,0,1,0,0,0,0,0,0,0,0
taxdebtbusters.co.za,1,0,1,0,0,0,0,0,0,0,0,0,0,0,0,0
taxdebtcompany.co.za,1,0,0,1,0,0,0,0,0,0,0,0,0,0,0,0
taxdebtcompromise.co.za,1,1,0,0,0,0,0,0,0,0,0,0,0,0,0,0
taxdebtfix.co.za,1,0,0,0,1,0,0,0,0,0,0,0,0,0,0,0
taxdebtgone.co.za,1,0,0,1,0,0,0,0,0,0,0,0,0,0,0,0
taxdebthelpsa.co.za,1,0,0,0,0,1,0,0,0,0,0,0,0,0,0,0
taxdebtinsure.co.za,1,1,0,0,0,0,0,0,0,0,0,0,0,0,0,0
taxdebtlawyers.co.za,1,0,1,0,0,0,0,0,0,0,0,0,0,0,0,0
taxdebtone.co.za,1,0,0,0,1,0,0,0,0,0,0,0,0,0,0,0
taxdebtsolved.co.za,1,0,0,0,1,0,0,0,0,0,0,0,0,0,0,0
taxdebtspecialists.co.za,1,0,1,0,0,0,0,0,0,0,0,0,0,0,0,0
taxdebtspecialistssa.co.za,1,0,1,0,0,0,0,0,0,0,0,0,0,0,0,0
taxdebtwizards.co.za,1,0,0,1,0,0,0,0,0,0,0,0,0,0,0,0
taxemigration.co.za,1,0,0,1,0,0,0,0,0,0,0,0,0,0,0,0
taxgenius.co.za,1,0,0,0,0,0,0,0,1,0,0,0,0,0,0,0
taxindaba.co.za,1,0,0,1,0,0,0,0,0,0,0,0,0,0,0,0
taxlawhouse.co.za,1,0,0,0,0,0,0,1,0,0,0,0,0,0,0,0
taxmatrix.co.za,1,0,0,0,0,0,0,0,0,1,0,0,0,0,0,0
taxmatters.co.za,1,0,0,0,0,0,0,0,1,0,0,0,0,0,0,0
taxmigration.co.za,1,0,1,0,0,0,0,0,0,0,0,0,0,0,0,0
taxmigration.com,1,0,0,1,0,0,0,0,0,0,0,0,0,0,0,0
taxpert.co.za,1,0,0,0,1,0,0,0,0,0,0,0,0,0,0,0
taxproafrica.co.za,1,0,0,0,0,1,0,0,0,0,0,0,0,0,0,0
taxreliefexperts.co.za,1,0,0,0,1,0,0,0,0,0,0,0,0,0,0,0
taxresolve.co.za,1,0,0,0,0,0,0,0,1,0,0,0,0,0,0,0
taxsamaritan.co.za,1,0,0,0,0,1,0,0,0,0,0,0,0,0,0,0
taxshark.co.za,1,0,0,0,1,0,0,0,0,0,0,0,0,0,0,0
taxshield.co.za,1,0,1,0,0,0,0,0,0,0,0,0,0,0,0,0
taxshopsa.co.za,1,0,1,0,0,0,0,0,0,0,0,0,0,0,0,0
taxsolutionssa.co.za,1,0,0,1,0,0,0,0,0,0,0,0,0,0,0,0
taxworx.co.za,1,0,0,0,0,0,0,0,0,1,0,0,0,0,0,0
tcsa.co.za,1,1,0,0,0,0,0,0,0,0,0,0,0,0,0,0
tcsouthafrica.co.za,1,0,0,1,0,0,0,0,0,0,0,0,0,0,0,0
telecom](https,1,0,0,0,0,0,0,0,0,0,1,0,0,0,0,0
teleportvisa.com,1,1,0,0,0,0,0,0,0,0,0,0,0,0,0,0
tenderbulletins.co.za,1,0,0,1,0,0,0,0,0,0,0,0,0,0,0,0
tendercapital.co.za,1,0,0,0,1,0,0,0,0,0,0,0,0,0,0,0
tenderconnect.co.za,1,0,0,0,0,1,0,0,0,0,0,0,0,0,0,0
tetraimmigration.com,1,0,0,1,0,0,0,0,0,0,0,0,0,0,0,0
tfptax.co.za,1,0,0,0,0,0,0,0,0,1,0,0,0,0,0,0
tfsholdings.co.za,1,0,0,0,0,1,0,0,0,0,0,0,0,0,0,0
theassessmenttoolbox.co.za,1,0,0,1,0,0,0,0,0,0,0,0,0,0,0,0
thebridgecentre.co.za,1,0,0,0,0,0,0,1,0,0,0,0,0,0,0,0
theimmigrationcompany.co.za,1,0,0,0,0,1,0,0,0,0,0,0,0,0,0,0
themindroom.co.za,1,1,0,0,0,0,0,0,0,0,0,0,0,0,0,0
theskillsacademy.co.za,1,0,0,0,1,0,0,0,0,0,0,0,0,0,0,0
thetenderfactory.co.za,1,1,0,0,0,0,0,0,0,0,0,0,0,0,0,0
thinkahead.co.za,1,0,0,0,0,1,0,0,0,0,0,0,0,0,0,0
tms.co.za,1,0,1,0,0,0,0,0,0,0,0,0,0,0,0,0
tmtcryptosolutions.com,1,0,1,0,0,0,0,0,0,0,0,0,0,0,0,0
town](https,1,0,0,0,0,1,0,0,0,0,0,0,0,0,0,0
tpasa)](https,1,0,0,0,0,1,0,0,0,0,0,0,0,0,0,0
tpsa)](https,1,0,0,0,1,0,0,0,0,0,0,0,0,0,0,0
travelvisa24.com,1,0,1,0,0,0,0,0,0,0,0,0,0,0,0,0
travelvisaconsultants.co.za,1,0,0,0,1,0,0,0,0,0,0,0,0,0,0,0
trustimmigration.co.za,1,0,0,0,0,0,0,0,1,0,0,0,0,0,0,0
tss.co.za,1,0,0,0,0,0,1,0,0,0,0,0,0,0,0,0
turnaround-sa.co.za,1,0,1,0,0,0,0,0,0,0,0,0,0,0,0,0
turnaround.co.za,1,0,0,0,1,0,0,0,0,0,0,0,0,0,0,0
turnaround360.co.za,1,0,0,1,0,0,0,0,0,0,0,0,0,0,0,0
turnkeytax.co.za,1,0,0,0,0,0,0,0,0,0,1,0,0,0,0,0
tymebank.co.za,1,0,0,0,0,0,0,1,0,0,0,0,0,0,0,0
ukvisaexperts.com,1,0,1,0,0,0,0,0,0,0,0,0,0,0,0,0
ukvisaimmigration.co.za,1,0,0,0,0,0,0,0,1,0,0,0,0,0,0,0
vac)](https,1,0,0,0,0,0,1,0,0,0,0,0,0,0,0,0
videsh.co.za,1,0,0,0,0,1,0,0,0,0,0,0,0,0,0,0
vilan.co.za,1,0,0,0,0,0,1,0,0,0,0,0,0,0,0,0
vims.co.za,1,1,0,0,0,0,0,0,0,0,0,0,0,0,0,0
visa-south-africa.co.za,1,1,0,0,0,0,0,0,0,0,0,0,0,0,0,0
visa-southafrica.com,1,1,0,0,0,0,0,0,0,0,0,0,0,0,0,0
visa4sa.com,1,0,0,0,0,0,0,1,0,0,0,0,0,0,0,0
visaandmigration.com,1,1,0,0,0,0,0,0,0,0,0,0,0,0,0,0
visaapplicationsa.com,1,0,1,0,0,0,0,0,0,0,0,0,0,0,0,0
visaassist.co.za,1,0,0,0,0,0,0,0,0,0,1,0,0,0,0,0
visabusiness.co.za,1,0,0,0,0,0,0,0,1,0,0,0,0,0,0,0
visacentre.co.za,1,0,0,1,0,0,0,0,0,0,0,0,0,0,0,0
visaconnection.co.za,1,0,1,0,0,0,0,0,0,0,0,0,0,0,0,0
visaconsultants.co.za,1,0,0,0,1,0,0,0,0,0,0,0,0,0,0,0
visafacilitation.co.za,1,0,0,0,1,0,0,0,0,0,0,0,0,0,0,0
visafirst.co.za,1,0,1,0,0,0,0,0,0,0,0,0,0,0,0,0
visagenie.co.za,1,0,0,1,0,0,0,0,0,0,0,0,0,0,0,0
visahelp.co.za,1,1,0,0,0,0,0,0,0,0,0,0,0,0,0,0
visahouse.co.za,1,0,1,0,0,0,0,0,0,0,0,0,0,0,0,0
visahq.co.za,1,1,0,0,0,0,0,0,0,0,0,0,0,0,0,0
visaimmigrationservices.co.za,1,1,0,0,0,0,0,0,0,0,0,0,0,0,0,0
visalogix.co.za,1,1,0,0,0,0,0,0,0,0,0,0,0,0,0,0
visapak.co.za,1,0,1,0,0,0,0,0,0,0,0,0,0,0,0,0
visapermitsolutions.com,1,0,0,0,0,0,0,0,1,0,0,0,0,0,0,0
visaplace.com,1,1,0,0,0,0,0,0,0,0,0,0,0,0,0,0
visaplan.co.za,1,0,0,0,0,1,0,0,0,0,0,0,0,0,0,0
visas-sa.com,1,0,0,0,1,0,0,0,0,0,0,0,0,0,0,0
visas4southafrica.com,1,0,0,0,0,0,0,1,0,0,0,0,0,0,0,0
visaserve.co.za,1,0,0,0,1,0,0,0,0,0,0,0,0,0,0,0
visaservices.co.za,1,1,0,0,0,0,0,0,0,0,0,0,0,0,0,0
visasolutions-sa.com,1,0,0,0,0,1,0,0,0,0,0,0,0,0,0,0
visaspermit.co.za,1,0,0,0,0,1,0,0,0,0,0,0,0,0,0,0
visaszone.com,1,0,0,1,0,0,0,0,0,0,0,0,0,0,0,0
visathru.com,1,0,0,0,0,1,0,0,0,0,0,0,0,0,0,0
visazone.co.za,1,0,0,0,0,0,1,0,0,0,0,0,0,0,0,0
vmsafrica.co.za,1,0,0,0,0,1,0,0,0,0,0,0,0,0,0,0
volunteerabroad.com,1,0,0,1,0,0,0,0,0,0,0,0,0,0,0,0
volunteersouthafrica.co.za,1,1,0,0,0,0,0,0,0,0,0,0,0,0,0,0
volunteersouthernafrica.com,1,1,0,0,0,0,0,0,0,0,0,0,0,0,0,0
vpsolutions.co.za,1,0,0,0,1,0,0,0,0,0,0,0,0,0,0,0
whippingthecat.com,1,0,0,0,0,0,0,1,0,0,0,0,0,0,0,0
wise](https,1,0,0,0,0,0,0,1,0,0,0,0,0,0,0,0
workpermitsouthafrica.com,1,0,0,0,0,0,0,1,0,0,0,0,0,0,0,0
workvisabureau.com,1,0,0,0,0,0,0,1,0,0,0,0,0,0,0,0
workvisalawyers.com.au,1,0,1,0,0,0,0,0,0,0,0,0,0,0,0,0
workvisasa.com,1,0,0,0,0,0,0,1,0,0,0,0,0,0,0,0
workvisaservices.co.za,1,0,0,0,0,0,1,0,0,0,0,0,0,0,0,0
wylie.co.za,1,0,0,0,0,0,0,0,1,0,0,0,0,0,0,0
xero.com,1,0,0,1,0,0,0,0,0,0,0,0,0,0,0,0
xpatwebsite.com,1,1,0,0,0,0,0,0,0,0,0,0,0,0,0,0
za.com,1,0,0,0,0,0,0,1,0,0,0,0,0,0,0,0
